Number,Company Name,Company Website,Email
1,10hoch4,https://www.10hoch4.at,industrieanlagen@10hoch4.at
2,1stLevelSolar,https://1stlevelsolar.com,
3,A-Power Technologies,https://www.power-technologies.at,
4,A.H. Installations,https://www.heinzle-heiss-installationen.at,info@heinzle-heiss.at
5,A.S. Photovoltaik,https://www.asphotovoltaik.at,
6,ABC Solar,https://www.abcsolar.at,office@abcsolar.at
7,ABW-Solar,https://abw-solar.at,office@abw-solar.at
8,ADA Elektro,https://www.ada-elektro.at,
9,Adites Austria,https://adites.at,Neustadtinfo@adites.at
10,Adler Erik,https://adler-technik.at,info@adler-technik.at
11,AEP,https://www.aep.energy,
12,AEPC,https://www.aepc.at,priesch@aepc.at
13,AES Energie Technik,https://www.aes-energietechnik.at,
14,AGEtech,https://www.agetech.at,info@agetech.at
15,Aichhorn Elektrotechnik,https://www.elektrotechnik-aichhorn.at,office@elektrotechnik-aichhorn.at
16,Akwaaba Energy,https://www.akwaabaenergy.com,
17,Allmer,https://www.expert-allmer.at,
18,Alois Perwein,https://www.perwein.at,
19,Alpsan,https://www.alpsan.at,office@alpsan.at
20,Alternativ Installationen,https://a-i.at,office@a-i.at
21,Andreas Gretzel,https://www.photovoltaik-gretzel.at/wp,
22,Andreas Kleedorfer,http://www.kleedorfer.at,office@kleedorfer.at
23,Andreas Kreiseder,https://www.andreas-kreiseder.at,info@andreas-kreiseder.at
24,Andreas Pöschl,https://www.poeschl-installationen.at,office@poeschl.co.at
25,Andreas Schwanzer,https://www.schwanzer-installationen.at,
26,Anlagentechnik Kargl,https://anlagentechnik-kargl.at,
27,APEM,https://www.apem.at,office@apem.at
28,Apfelland Energie,https://www.apfelland-energie.at,
29,Appel,https://www.appel.at,
30,Aradi & Equiluz,https://www.aradi.at,
31,ARES,http://www.ares-energysystems.com,
32,AS-Tech,https://www.as-tech.at,
33,AT Elektro Innsbruck,https://www.at-elektro.tirol,
34,AT Elektrotechnik,https://www.atelektrotechnik.at,
35,AT-Solutions,https://www.mc-capital.eu,
36,ATG Anlagentechnik,https://www.atg-anlagentechnik.at,
37,Auberger,https://www.auberger.co.at,
38,Austria Energy,https://www.austriaenergy.com,
39,Autarkie,https://www.autarkie.eu,
40,B&M Elektrotechnik,https://www.bm-elektrotechnik.at,
41,B+M NewTec,https://www.bm-newtec.com,
42,Baier Technik,https://www.baier-technik.at,
43,Baierl,https://www.baierl.at,
44,Balmax,https://balmax.at,
45,Bau & Dach,http://www.bau-dach.at,
46,Bayer,https://www.bayer-installationen.com,
47,Bayer Elektrohandel,https://www.elektrobayer.com,
48,Bernard Gebäudetechnik,https://www.gebäudetechnik-bernard.at,
49,Berthold Haustechnik,https://berthold-haustechnik.at,
50,BF Elektrotechnik,https://www.bf-elektrotechnik.at,office@bf-elektrotechnik.at
51,Bichler Installations,https://www.bichler-installation.at,hsl@bichler-installation.at
52,Blaim,http://www.solarprofi.at,
53,BLUE-Solution,https://www.blue-solution.at,
54,BM-Installationen,https://www.bm-installationen.at,
55,BMD,https://www.bmd.co.at,
56,Bmd Energietechnik,https://www.bmd-energietechnik.com,
57,Bolf Klimatechnik & Photovoltaik,https://klima.bolf.cool,
58,BOS Technology,https://www.bos-technology.eu,
59,Brettfeld,http://www.brettfeld.at,
60,Brüder Gros,https://www.bg-tgs.at,
61,Brunner Max,https://www.haustechnik-brunner.at,
62,Brunner-Solar,https://brunner-solar.at,
63,Bruno Böck,http://boeckelektro.at,
64,Buchberger – Strom,https://buchberger-strom.at,
65,Burgenland Energie,https://www.burgenlandenergie.at,
66,Bürstmayr Elektrotechnik,https://buerstmayr-elektrotechnik.at,
67,BW-Dach,https://www.bw-dach.at,
68,C&F Flöckner,https://cf-floeckner.at,
69,Carbon Projektentwicklung,https://www.carbon-austria.com,
70,CCE,https://www.cce-holding.com,
71,Cibins,https://cibins.eu,
72,CLEEN Energy,https://cleen-energy.com,
73,Clicksolar,https://www.clicksolar.at,
74,CN-Heiztechnik,https://www.cn-heiztechnik.at,
75,ComEN,https://comen.at,
76,Constant Energy,https://constant-energy.com,wordpress@constant-ads.com
77,Conversio Energie,https://www.conversioenergie.at,
78,CPG,https://www.cpg-power.at,
79,CWL Solar GmbH,https://cwl-solar.at,
80,D.A.N. Smart,https://www.dansmart.net,
81,Dachdeckerei Spenglerei Brugger,https://www.bruggerdach.at,
82,Dachdeckermeister Draber Oliver,https://www.draberdach.at,
83,Dachstrom,https://www.dachstrom.at,
84,DAfi,https://www.dafi.at,
85,Das Kraftwerk,https://daskraftwerk-pv.com,
86,David Ziermann Elektrotechnik,https://www.zi-et.at,
87,Daxberger Elektrotechnik,https://www.elektro-daxberger.at,
88,de Corti,https://www.decorti.at,
89,Die Elektroprofis,https://www.elektroprofis.at,
90,Die Lösung,https://www.dieloesung.at,
91,DieNeuen Bau & Haustechnik,https://www.die-neuen.at,
92,Dillinger Installationstechnik,https://dillinger.co.at,
93,Dino Energie,https://www.dino-energie.at,
94,Dispo-Projekts,https://www.sonnenkw.at,
95,DM Elektrotechnik,https://dm-elektrotechnik.at,
96,Doma Elektro Engineering,https://www.doma.at,
97,doma vkw,https://www.domavkw.at,
98,Drascher,https://www.drascher.at,
99,Drauland Solar,https://draulandsolar.at,
100,DS Elektro,https://ds-elektro.at,
101,E-Billy,https://www.e-billy.eu,office@e-billy.eu
102,E-klar Technologies,https://e-klar.com,
103,e-lion,https://elektro-lion.at,
104,e-Lugitsch Elektro,https://www.e-lugitsch.at,
105,E-M Technik,https://e-mtechnik.at,office@e-mtechnik.at
106,E-Natura,https://www.e-natura.at,
107,E-T-P Muhsger,https://www.muhsger.at,w.muhsger@muhsger.at
108,E-Tech Demuth,http://www.e-techdemuth.at,info@e-techdemuth.at
109,E-Technik Laure,https://www.et-laure.at,m.veratschnig@et-laure.at
110,E-Wallner,https://www.e-wallner.at,
111,E-Werk Franz,https://www.ewg.at,office@ewg.at
112,E-Werk Gleinstätten,https://www.ktg-austria.at,office@ktg-austria.at
113,E-Werk Gröbming,https://www.das-ewerk.at,
114,E-Werk Kindberg,https://ewerk-kindberg.at,sekretariat@ewerk-kindberg.at
115,E-Werk Neumarkt,https://www.ewerk-neumarkt.at,
116,e.denzel,https://www.e-denzel.at,office@e-denzel.at
117,E.Kneidinger,https://www.elektro-kneidinger.at,office@elektro-kneidinger.at
118,E.L.M.A,https://www.elma.at,buero@elma.at
119,E1 Wärme Und Energie,https://www.e-eins.at,
120,EAH,https://www.eah.at,
121,EAV Elektro,https://www.eav-gmbh.at,office@eav-gmbh.at
122,EB Technik,https://www.eb-technik.at,office@elektro-net.at
123,Eco Energiesysteme,https://www.eco-energiesysteme.com,
124,eco-tec.at,https://www.eco-tec.at,
125,EcoliGhts,https://www.ecolights.at,info@ecolights.at
126,Ecowatt Erneuerbare Energien,https://www.ecowatt.at,
127,Eder - Heizung - Sanitär,https://www.eder-heizung.com,office@eder-heizung.com
128,Eder Montagen,https://www.eder-montagen.at,office@eder-montagen.at
129,Ederer Solar,https://ederer-solar.at,office@ederer-solar.at
130,Edirektsolar,http://www.edirektsolar.at,
131,EEC Styria,https://www.eec-styria.com,Energie.eec@styria.at
132,EET-Knees,https://www.eet-knees.at,office@eet-knees.at
133,EFA Solar,https://www.efa-solar.at,Kalsdorfefa-solar@gmx.at
134,Efficiency Projects,https://www.efficiency-projects.com,office@efficiency-projects.com
135,EFIT Energie,https://www.efit.solar,
136,EGIP,https://www.egip.at,office@egip.at
137,EGR Elektrotechnik,https://elektroruhs.com,office@elektroruhs.com
138,Ehoch2 Energy Engineering,https://www.ehoch2.co.at,
139,EHPS Elektrotechnik,https://www.ehps.at,office@ehps.at
140,Einsiedler Solartechnik,http://www.einsiedler-solar.at,office@einsiedlersolar.at
141,Eisl,https://eisl-elektrotechnik.at,info@eisl-elektrotechnik.at
142,EK Kammerhofer,https://www.kammerhofer.at,office@kammerhofer.at
143,EKT,https://www.etk.at,
144,Elando Elektrotechnik,https://www.elando.at,
145,electrify,https://electrify.at,
146,Elektro - Industrieanlagenbau,https://www.elektrofleischer.at,office@elektrofleischer.at
147,Elektro Achorner,https://www.elektro-achorner.at,
148,Elektro Berger,https://www.elektro-berger.com,office@elektro-berger.com
149,Elektro Bischofer,https://elektro-bischofer.at,
150,Elektro Bodner,https://www.elektrobodner.at,office@elektrobodner.at
151,Elektro Böhm,http://elektro-boehm.at/,
152,Elektro Buchinger,https://www.expert-buchinger.at,verkauf@elektro-buchinger.com
153,Elektro Buder,https://www.elektro-buder.at,
154,Elektro Demel,https://www.elektrotechnik-salzburg.at,
155,Elektro Dobraunig,http://www.dobraunig.at,office@dobraunig.at
156,Elektro Dohr,https://www.elektro-dohr.at,office@elektro-dohr.at
157,Elektro Dollfuß,https://www.elektrodollfuss.at,
158,Elektro Ebner,https://www.elektroebner.at,verkauf@elektroebner.at
159,Elektro Ehn,https://elektro-ehn.at,
160,Elektro Enzi,https://www.elektroenzi.at,elektroenzi@aon.at
161,Elektro EPP,https://elektro-epp.at,anfrage@elektro-epp.at
162,Elektro Feichtner,https://elektro-feichtner.at,office@elektro-feichtner.at
163,Elektro Fladischer,https://www.elektrofladischer.at,
164,Elektro Frauscher,http://www.elektrofrauscher.at,
165,Elektro Frimbichler,https://www.frimbichler.at,office@frimbichler.at
166,Elektro Froschauer Gesellschaft,https://www.expertfroschauer.at,
167,Elektro Fuchs,https://www.elektrofuchs.at,
168,Elektro Füreder,https://elektro-fuereder.at,
169,Elektro GF,https://elektrogf.at,office@elektrogf.at
170,Elektro Gindl,https://www.gindl.at,office@gindl.at
171,Elektro Glatz & Valenta,https://www.elektro-valenta.at,elektro.glatz.valenta@gmail.com
172,Elektro Göbl-Schachinger,http://et-schachinger.at,office@et-schachinger.at
173,Elektro Goller,https://www.elektro-goller.at,elektro.goller@aon.at
174,Elektro Götz,https://www.etgoetz.at,
175,Elektro Grosz,http://www.elektro-grosz.at,office@elektro-grosz.at
176,Elektro Gschanes,https://elektro-gschanes.at,office@elektro-gschanes.at
177,Elektro Haas,http://www.elektrohaas.info,
178,Elektro Hackl,https://elektrohackl.at,office@elektrohackl.at
179,Elektro Hainz,https://www.elektro-hainz.at,office@elektro-hainz.at
180,Elektro Heißenberger,https://www.elektro-heissenberger.,
181,Elektro Helmut Sunk,https://www.elektro-sunk.at,
182,Elektro Hentschel Gesellschaft,https://elektro.hentschel.at,elektro@hentschel.at
183,Elektro Hinterdorfer,https://elektro-h.at,info@elektro-h.atwww.elektro-h.at
184,Elektro Hölzl,https://www.elektro-hoelzl.at,elektro-hoelzl@sbg.at
185,Elektro Horvath,https://www.elektrohorvath.at,office@elektrohorvath.at
186,Elektro Hutterer,https://www.hutterer.biz,office@hutterer.biz
187,Elektro J. Amenitsch,https://www.amenitsch.com,office@amenitsch.com
188,Elektro Jäger,https://www.elektrojaeger.at,office@elektrojaeger.at
189,Elektro Karrer,https://www.karrernet.at,office@karrernet.at
190,Elektro Kavalirek,https://www.elektro-kavalirek.at,
191,Elektro Kern,https://www.e-kern.at,
192,Elektro Klocker,https://www.elektro-klocker.at,info@elektro-klocker.at
193,Elektro Kölbel,https://www.elektro-koelbel.at,office@elektro-koelbel.at
194,Elektro Kollaczia,https://www.elektriker-tirol.at,strom@elektro-kollaczia.at
195,Elektro König,https://www.stromprofi.at,
196,Elektro König,https://www.elektro-koenig.at,office@elektro-koenig.at
197,Elektro Korschan,http://www.solar-pv.at,
198,Elektro Krobath,https://elektro-krobath.at,
199,Elektro Kropiunik,https://www.elektro-kropiunik.at,office@elektro-kropiunik.at
200,Elektro Lafer,https://www.elektro-lafer.at,office@elektro-lafer.at
201,Elektro Landschützer,https://www.expert-landschuetzer.at,elektro@expert-landschuetzer.at
202,Elektro Lang,https://www.elektro-lang.at,
203,Elektro Langeder,https://www.elektro-langeder.at,office@elektro-langeder.at
204,Elektro Langreiter,https://www.elektro-langreiter.at,office@elektro-langreiter.at
205,Elektro Leitl,https://www.elektro-leitl.at,office@elektro-leitl.at
206,Elektro Lipp,https://www.elektro-lipp.at,office@elektro-lipp.at
207,Elektro Luchner,https://www.elektro-luchner.at,office@elektro-luchner.at
208,Elektro Maislinger,https://www.elektro-maislinger.at,
209,Elektro Margreiter,https://www.margreiter.com,office@margreiter.com
210,Elektro Meier,https://www.elektro-meier-hubert.at,office@elektro-meier-hubert.at
211,Elektro Meißnitzer,https://www.elektro-meissnitzer.com,office@elektro-meissnitzer.com
212,Elektro Merl,https://merl.at,
213,Elektro Mörth Installation,https://www.installation-moerth.at,
214,Elektro Moser,https://elektro-moser.at,
215,Elektro Mösl,https://elektro-moesl.at,info@elektro-moesl.at
216,Elektro Müller,https://www.emueller.at,em@emueller.at
217,Elektro Neuböck,https://neuboeck.at,
218,Elektro Neuhuber,https://www.elektro-neuhuber.at,
219,Elektro Neunegger,http://elektro-neunegger.at/,
220,Elektro Oberreiter,https://www.elektro-oberreiter.at,
221,Elektro Ortner,https://www.elektro-ortner.at,info@elektro-ortner.at
222,Elektro Pachner,https://www.elektro-pachner.at,office@elektro-pachner.at
223,Elektro Papst,http://www.elektro-papst.at,
224,Elektro Pirker,https://www.elektro-pirker.at,office@elektro-pirker.at
225,Elektro Plangger,https://www.elektro-plangger.at,info@elektro-plangger.at
226,Elektro Pointner,https://www.elektro-pointner.at,
227,Elektro Pühringer,https://www.ep-puehringer.at,office@ep-puehringer.at
228,Elektro Rapold,https://www.elektro-rapold.at,office@elektro-rapold.at
229,Elektro Rauch,https://www.elektro-rauch.at,office@hb-elektro.at
230,Elektro Reiter,https://www.elektroservicepartner-reiter.at,elektro-reiter@gmx.at
231,Elektro Rutter,https://www.elektro-rutter.at,
232,Elektro Sammer,https://www.elektrosammer.at,
233,Elektro Schartner,https://www.schartner.at,
234,Elektro Schmitzer,https://www.elektro-schmitzer.at,info@elektro-schmitzer.at
235,Elektro Schober,https://www.elektro-schober.at,
236,Elektro Schreier,http://www.elektro-schreier.at,office@elektro-schreier.at
237,Elektro Schuster,http://www.elektroschuster.at,office@elektroschuster.at
238,Elektro Schwaiger,https://www.elektroschwaiger.at,office@elektroschwaiger.at
239,Elektro Schwarzmann,https://www.elektro-schwarzmann.at,
240,Elektro Schweitzer,https://www.elektro-schweitzer.com,office@elektro-schweitzer.at
241,Elektro Spreitzer,https://www.elektro-spreitzer.at,
242,Elektro Stadler,https://www.elektro-stadler.at,info@elektro-stadler.at
243,Elektro Stingeder,https://www.elektro-stingeder.at,
244,Elektro Thonhofer,https://www.thonhofer.com,
245,Elektro Tisch,https://etisch.at,
246,Elektro Volk,http://www.volk.at,
247,Elektro Völtl Installation u. Handel,https://www.elektro-voeltl.at,voeltl@peilstein.net
248,Elektro Waldhuber,https://www.elektro-waldhuber.at,office@elektro-waldhuber.at
249,Elektro Weiland,https://www.elektro-weiland.at,
250,Elektro Weiländer,https://www.photovoltaik-systeme.at,
251,Elektro Wenger,https://www.elektro-wenger.at,office@elektro-wenger.at
252,Elektro Widlroither Installations- und Handels,https://www.elektro-widlroither.at,office@elektro-widlroither.at
253,Elektro Wiesinger,http://www.elektro-wiesinger.at,office@elektro-wiesinger.at
254,Elektro Winter,http://www.elektro-winter.at,
255,Elektro- Handel Brunner,https://www.elektro-brunner.at,technik@elektro-brunner.at
256,Elektro-Funk-Technik Obholzer,https://www.elektriker-schwaz.at,obholzer.schwaz@aon.at
257,Elektro-Hartlieb,https://elektro-hartlieb.at,office@elektro-hartlieb.at
258,Elektro-Kagerer,https://www.kagerer.at,
259,Elektro-Meisterbetrieb - Bernhard Herzog,https://www.elektro-meisterbetrieb.at,office@elektro-meisterbetrieb.at
260,Elektro-System-Technik-Graupner,https://www.est-graupner.at,technik@est-graupner.at
261,Elektro.con,https://www.elektro-con.at,
262,Elektroinstallationen Balcik,https://www.elektrobalcik.at,
263,elektroMANNI,https://www.elektro-manni.at,office@elektro-manni.at
264,Elektrotausendsassa,https://www.elektrotausendsassa.at,
265,Elektrotechnik Alexander Klein,https://www.alexander-klein.at,
266,Elektrotechnik Andreas Strasser,http://www.strasser-tirol.at,
267,Elektrotechnik Delic,https://www.elektrotechnik-delic.at,info@elektrotechnik-delic.at
268,Elektrotechnik Fritz,https://www.elektrofritz.at,office@elektrofritz.at
269,Elektrotechnik Glatz,https://www.elektrotechnik-glatz.at,office@elektrotechnik-glatz.at
270,Elektrotechnik Guttmann,https://www.elektrotechnik-guttmann.at,
271,Elektrotechnik Habermann,https://www.habermann.at,office@habermann.at
272,Elektrotechnik Harald Tantscher,https://www.elektrotechnik-tantscher.at,
273,Elektrotechnik Hell,https://www.elektrotechnikhell.wien,
274,Elektrotechnik Herbst,https://www.elektrotechnik-herbst.at,info@elektrotechnik-herbst.at
275,Elektrotechnik Köberl,https://etbk.at,koeberl@etbk.at
276,Elektrotechnik Krenmayr,http://www.krenmayr.co.at,office@krenmayr.co.at
277,ElektroTechnik Loibner,https://www.loibner-tech.at,info@loibner-tech.at
278,Elektrotechnik Mike,https://www.mike.co.at,
279,Elektrotechnik Moser,https://www.elektrotechnik-moser.at,info@elektrotechnik-moser.at
280,Elektrotechnik Müller-Gaich,https://etmueller-gaich.at,
281,Elektrotechnik Neuhold,https://elektrotechnik-neuhold.at,office@elektrotechnik-neuhold.at
282,Elektrotechnik Neuner,https://elektrotechnik-seefeld.at,
283,Elektrotechnik Nothegger,https://www.elektro-nothegger.at,
284,Elektrotechnik Paier,https://www.elektrotechnik-paier.at,
285,Elektrotechnik Paul Burger,https://www.paulburger.at,
286,Elektrotechnik Permoser,https://elektromesstechnik-permoser.at,
287,Elektrotechnik Pollhammer,https://www.etp.co.at,office@etp.co.at
288,Elektrotechnik Posch,http://www.elektroposch.at,
289,Elektrotechnik Rehak,https://www.elektrotechnik-rehak.at,stefan.rehak@elektrotechnik-rehak.at
290,Elektrotechnik RN,https://www.elektrotechnik-rn.at,rivic@gmx.at
291,Elektrotechnik Scheidenberger,https://www.scheidenberger.at,-feistritz@elin.com
292,Elektrotechnik Schlögl,https://www.elektrotechnik-schloegl.at,j.schloegl@outlook.com
293,Elektrotechnik Schwaighofer,https://elektro-schwaighofer.at,joaschwaig@hotmail.com
294,Elektrotechnik Selman,https://www.elektrotechnikselman.at,
295,Elektrotechnik Silber,https://elektrotechnik-silber.at,
296,Elektrotechnik Szabo,https://elektroszabo.at,Info@elektroszabo.at
297,Elektrotechnik Tirol,https://www.et-tirol.at,info@et-tirol.at
298,Elektrotechnik Wallner GmbH,https://www.etech-wallner.at,office@etech-wallner.at
299,Elektrotechnik Wiederin,https://www.e-wiederin.at,
300,Elektrotechnik-Martin Pichler,https://www.e-mp.at,
301,Elektrowerkstatt Gubesch,https://www.gubesch.at,
302,ELSOL,https://www.elsol.at,
303,Elwera Installations,https://www.elwera.at,buero@elwera.at
304,Emerald Horizon,https://emerald-horizon.com,
305,Emh-Automatisierung,https://emh-elektrotechnik.at,office@emh-automatisierung.at
306,EMK-Elektrotechnik,https://www.emk-kuternig.at,office@emk-kuternig.at
307,EMMZ,https://www.emmz.at,emmz@wellcom.at
308,EN Elektrotechnik,https://www.en-elektrotechnik.at,office@en-elektrotechnik.at
309,ENcome,https://www.en-come.com,
310,ENdorado,https://www.endorado.at,
311,Energie - Haustechnik Wagner,https://www.energie-haustechnik.at,
312,Energie Steiermark,https://www.e-steiermark.com,
313,Energie und Badkultur,http://www.energieundbadkultur.at,office@energieundbadkultur.at
314,Energieautonom,https://www.e-autonom.at,technik@e-autonom.at
315,Energietechnik,https://1a-energietechnik.at,stulrich@1a-bad.at
316,Energietechnik Ergüven,https://www.energietechnikergueven.at,
317,Energietechnik Nauschnegg,https://www.nauschnegg.at,office@nauschnegg.atwww.nauschnegg.com
318,Energiezone Elektrotechnik,https://www.energiezone.at,office@energiezone.at
319,Energy2Light Elektrotechnik,https://www.energy2light.at,office@energy2light.at
320,Energy3000 Solar,https://energy3000.com,office@energy3000.com
321,energy4experts,https://www.e4e.co.at,office@e4e.co.at
322,Enersolution,http://www.enersolution.eu,
323,Enery Development,https://enery.energy,
324,Engels-Hände,https://www.xn--engels-hnde-s8a.at,
325,Enthofer & Böck,https://www.elektrik-mechanik.at,info@elektrik-mechanik.at
326,Entner Matthias,https://entner-photovoltaik.at,
327,EPI Energietechnik,https://www.epi-energietechnik.at,office@epi-energietechnik.at
328,Episch,https://www.episch.at/was/,
329,EPV Adam,https://www.epv-adam.at,office@epv-adam.at
330,EPV Team,https://www.epvteam.at,michael.rogl@epvteam.at
331,EQ-Systems,https://eq-systems.at,
332,Ernst Schiermayr,https://schiermayr.at,office@schiermayr.at
333,ERST,https://www.elektro-regeltechnik.at,
334,Erwin Eberharter,https://www.installateur-spengler-zellberg.at,eberharterzellberg@aon.at
335,ESA,https://www.esa.at,
336,ESL Elektro,https://esl-elektro.at,office@esl-elektro.at
337,Esno,https://esno.at,office@esno.at
338,Essl Dach,https://www.essl-dach.at,
339,ET-König,https://www.et-koenig.at,info@et-koenig.at
340,ET4,https://www.et4.at,office@et4.at
341,Etec-Holzbauer,https://www.etec-holzbauer.at,office@etec-holzbauer.at
342,Etech,https://www.etech.at,office@etech.at
343,Etech Moerth Infrastructure,https://www.etech-moerth.com,
344,etechnik Weinhofer,https://www.etechnik.co.at,
345,ETH,https://www.elektro-huber.at,anfrage@elektro-huber.at
346,ETH,https://www.et-hochgatterer.at,elektro@et-hochgatterer.at
347,ETKS,https://www.etks-elektrotechnik.at,
348,ETL Elektrotechnik,https://etl-elektrotechnik.at,info@etl-elektrotechnik.at
349,ETM,https://www.etm-gmbh.at,
350,etr Elektrotechnik,https://www.etr.co.at,
351,ETS,https://www.et-schiffner.at,office@et-schiffner.at
352,ETT,https://www.et-trummer.at,
353,Etu,https://www.etu.co.at,DonauE-Mailoffice@etu.co.at
354,Everto,https://www.everto.at,
355,EWR Energie,https://www.ewr-energie.com,kundencenter-reutte@ewr.at
356,EWW Gruppe,https://www.eww.at,info@eww.at
357,EXA,https://www.exa.co.at,office@exa.co.at
358,Exenberger Elektro-Technik,https://www.kitz-elektro.at,
359,Expert,https://www.expert.at,kundenservice@expert.at
360,Expert Bruckner,https://www.expert-bruckner.at,office@expert-bruckner.at
361,Expert Elektrojet,https://www.ejet.at,office@ejet.at
362,Expert Lenz,https://www.elektrolenz.at,
363,Expert Margreiter,https://expert.margreiter.at,office@margreiter.at
364,Expert Mühlthaler,https://www.xn--elektro-mhlthaler-b3b.at,expert-muehlthaler@sbg.at
365,Expert Oberklammer,https://oberklammer.at,
366,Expert Wild,https://www.elektrotechnik-wild.at,info@elektrotechnik-wild.at
367,F&M Elektrotechnik,https://www.fmelektro.at,
368,Fabbri Dach,http://www.fabbri.at,
369,Faber & Jäger,https://sonnenkraftwerker.at,office@sonnenkraftwerker.at
370,Falkner & Riml,https://www.falkner-riml.at,info@falkner-riml.at
371,Farcher,https://www.ep.at/farcher/,office@farcher.at
372,FDA Solar,https://www.fda-solar.at,
373,Feilmayr,https://www.e-feilmayr.at,office@e-feilmayr.at
374,Felbermayer,http://www.hpf-dach.at,
375,FERK Elektrotechnik,https://www.ferk-elektrotechnik.at,
376,Fida-Installationen,https://www.fida-installationen.at,
377,Fiegl & Spielberger,https://www.fiegl.co.at,thomas.ottenbacher@fiegl.co.at
378,Fleischmann & Petschnig Dach,https://www.fp-dach.at,klagenfurt@fp-dach.at
379,FLG Energy,https://flg-energy.at,office@flg-energy.at
380,Forschner Haustechnik,https://www.forschner.at,office@forschner.at
381,Fortuna Solar,https://www.fortuna-solar.at,
382,Franz Berger-Söllinger,https://www.berger-soellinger-installationen.at,berger.soellinger@liwest.at
383,Franz Gartner,http://www.elektro-gartner.at,illmitz@elektro-gartner.at
384,Franz Rehberger,https://www.rehberger-dach.at,
385,Frauenthal Handel Group,https://www.badundenergie.at,
386,Friedrich Neidhart,https://www.neidhart.at,office@neidhart.at
387,Fritz Hauser,https://www.hauserfritz.at,office@fritzhauser.at
388,Fuchs Erwin Bäderstudio,https://haustechnik-fuchs.at,
389,Fuchs Haustechnik,https://www.fuchs-haustechnik.at,fuchs-haustechnik@gmx.at
390,Fuchs Josef,https://www.josef-fuchs.at,
391,Funktechnik Klein,https://www.ftk.at,
392,Fürtbauer,https://www.fuertbauer.at,sani@fuertbauer.at
393,G. Braumann Gesellschaft,https://www.braumann.co.at,
394,Gamsjäger,https://www.elektrogamsjaeger.at,
395,Ganglberger Haustechnik,https://www.h-ganglberger.at,
396,Gartner Elektrotechnik,https://www.gartner.co.at,office@gartner.co.at
397,Gasokol,https://www.gasokol.at,office@gasokol.at
398,Gasta Kälte- Klima- Elektrotechnik,https://gasta-kaelte-klima.at,office@gasta.at
399,GAT Solar,https://www.gat-solar.at,office@gat-solar.at
400,Gatterer,https://www.gatterer-heizung.com,
401,Gawahei,https://www.gawahei.at,office@gawahei.at
402,GCC-Spenglerei,https://www.spenglerei-gcc.at,office@spenglerei-gcc.at
403,GEG Elektro und Gebäudetechnik,https://geg.co.at,gmunden@geg.co.at
404,Georg Eisl,http://www.elektro-eisl.at,
405,Georg Gföller GmbH,https://www.energieautark-tirol.at,office@georg-gfoeller.at
406,Georg Kainrath,https://georg-kainrath.at,info@georg-kainrath.at
407,Georg Windhofer Elektrotechnik,https://www.sonnenstrom-salzburg.at,georg@windhofer.com
408,Gerald Szegner,http://www.szegner.at,office@ds-ht.at
409,Gernot Brunner,https://www.expert-brunner.at,brunner.gernot@aon.at
410,GK Electrics,https://gk-electrics.com,
411,Glanz Solar,https://glanzsolar.at,
412,Glas Jurtschitsch,https://www.photovoltaikcenter.at,
413,Glettler Installationen,https://www.glettler-installationen.at,office@glettler-installationen.at
414,Gnam Elektrotechnische Anlagen,http://www.gnam.at,
415,Goran Grgic,https://installationen-grgic.at,office@installationen-grgic.at
416,Gottwald,https://www.gottwald.at,office@gottwald.at
417,GPA System,https://www.greenpact.at,office@greenpact.at
418,Graspointner,https://www.graspointner.com,
419,Green Electrics Licht & Energietechnik,https://green-electrics.at,
420,Green Solar Solution,https://greensolarsolution.at,kontakt@greensolarsolution.at
421,Green Synergy Elektrotechnik,https://www.greensynergy.at,office@gsyn.at
422,Green Tech Solutions,https://www.erhart-ems.at,
423,Greenfinity,https://www.greenfinity.at,Emaildorfner@greenfinity.at
424,Greenlemon,https://greenlemon.solar,
425,Greenroof Energy,https://www.greenroof-energy.at,office@greenroof-energy.at
426,Greensol,https://www.greensol.at,walterschwarzl@gmx.at
427,Grundner Solarmontagen,https://www.grundner-solarmontagen.at,office@grundner-solarmontagen.at
428,Grutsch Technik,https://www.grutsch.at,office@grutsch.at
429,GS Technik,https://www.gstechnik.com,info@gstech.at
430,Günther Handle,https://www.handle.co.at,
431,GW,https://gwtelfs.at,
432,GWT,https://www.gwt.at,office@gwt.at
433,H + S Solartechnik,https://www.hs-solartechnik.com,office@hs-solartechnik.com
434,HA SolarHandel,https://solarpvanlagen.at,office@solarpvanlagen.at
435,Haberl Elektrotechnik,https://elektrotechnik-haberl.at,
436,Hacker & Petermann,https://www.hacker-petermann.at,hrermartin.hacker@hacker-petermann.at
437,Haider Energies,https://haider-energies.com,
438,HalloSonne,https://www.hallosonne.com,
439,Hans Anton Hochfilzer,https://www.elektro-hochfilzer.at,hochfilzer.elektro@tirol.com
440,Hansesun Austria,https://hansesun.at,office@hansesun.at
441,Harisberger Fair Energy,https://www.harisberger.at,
442,Harvest Bau,https://harvest-bau.at,
443,Hausruck-Dach,https://hausruck-dach.at,office@hausruck-dach.at
444,Haustechnik Güssing,https://www.htg.at,
445,Haustechnik Hochrieder,https://www.hochrieder.at,technik@hochrieder.at
446,Haustechnik Klausner,https://www.klausner-haustechnik.at,office@klausner.co.at
447,Haustechnik Pusch,https://www.haustechnik-pusch.at,
448,Haustechnik Vöcklabruck,https://haustechnik-voecklabruck.at,
449,HBT Energietechnik,https://hbt-energie.com,office@hbt-energie.com
450,HDG Installationstechnik,https://www.hdg-gmbh.at,
451,Heidecker,https://www.heidecker.at,office@heidecker.at
452,Heizfink,https://heizfink.at,info@heizfink.at
453,Heizung Uhrmann,https://www.uhrmann.at,office@uhrmann.at
454,Heizungsbau Solartechnik,http://www.solar-kuhn.at,
455,Helios Sonnenstrom,https://www.helios-sonnenstrom.at,office@helios-sonnenstrom.at
456,Hellmayr,https://www.hellmayr.at,martin@hellmayr.at
457,Hengster,https://www.hengster.at,office@hengster.at
458,Herbitschek,https://www.herbitschek.at,office@herbitschek.at
459,Hereschwerke,https://hereschwerke.com,FAQsservice@hereschwerke.com
460,Herk Elektrotechnik,https://www.elektroherk.at,office@elektroherk.at
461,Hermann Koppi,http://www.koppi.at,
462,Hermann Rosenberger,https://www.gwh-rosenberger.at,office@gwh-rosenberger.at
463,HESS,https://www.unserdach.at,
464,Hilber Solar,https://www.hilber.solar,
465,Hinteregger-ESTEC,https://www.solartechnik.at,dih@estec.at
466,HLSG Installations,https://www.hlsg-installationen.at,
467,HME,https://hme-gmbh.at,
468,HOB,https://www.hob.at,kundendienst@hob.at
469,Höbert Installations,https://www.hoebert-installationen.at,office@hoebert-installationen.at
470,Hochstöger,https://www.hochstoeger-dach.at,office@hochstoeger-dach.at
471,Hofbauer Installationen,https://www.installationen-hofbauer.at,
472,Höfinger & Hametner,http://www.elektro-hoha.at,office@elektro-hoha.at
473,Höller Elektrotechnik,https://elektro-hoeller.at,office@elektro-hoeller.at
474,Holosch,https://www.holosch.at,office@holosch.at
475,Holzinger,https://www.holzinger-installationen.at,office@holzinger-installationen.at
476,Holzner Elektrotechnik,https://holzner-elektrotechnik.at,
477,Hörburger,https://www.hoerburger.at,
478,Hörmann Technik,https://www.expert-hoermann.at,
479,Hotter-Elektro,https://www.hotter-energy.at,hotter-michael@aon.at
480,HSA Scharrenbroich,https://www.hsa.co.at,office@hsa.co.at
481,HSH,https://www.holzdiesonne.net,
482,Huber Photovoltaik,https://www.pv-huber.at,
483,Huemer,https://www.huemer-energietechnik.at,
484,HWY Solar,https://www.hwysolar.at,
485,ib Rauscher,https://www.ibr.co.at,office@ibr.co.at
486,ICS-Energy Ulm,http://www.ics-energy.at,office@ics-energy.at
487,IET Reiterer,https://www.iet-reiterer.at,
488,IGB Elektrotechnik,https://www.igb-elektrotechnik.at,
489,IKB,https://www.ikb.at,
490,Illmer Elektro,https://www.illmer-elektro.com,office@illmer-elektro.com
491,immOH!,https://www.immoh.at,
492,IMPuls Elektrotechnik,https://www.impuls-etechnik.at,office@impuls-etechnik.at
493,ImWind,https://www.imwind.at,
494,Ing. Aigner,https://www.ing-aigner.at,office@ing-aigner.at
495,Ing. Fritz Manschein,http://elektro-manschein.at,
496,Ing. Hans Jürgen Laschat,https://www.baudendistel.at,office@baudendistel.at
497,Ing. Manfred Vogt Elektrotechnik,https://www.elektrotechnik-vogt.at,
498,Ing. Varga,https://www.varga-heizung.at,office@varga-heizung.at
499,InServe,https://www.inserve.at,
500,Installateur Harald Meisinger,https://www.meisinger.cc,
501,Installateurfritz Fritz,https://www.installateurfritz.at,johann.fritz@installateurfritz.at
502,Installation Peker,https://www.installation-peker.at,office@installation-peker.at
503,Installationen Guem,https://www.installationen-guem.at,info@installationen-guem.at
504,Installationen Johann Sallinger,https://installationen-sallinger.at,office@j-sallinger.at
505,Intellikom,https://info.intellikom.at,
506,IPM Photovoltaik,https://www.photovoltaik-industrie.at,
507,ISElektrotechnik,https://www.e-installationen.at,office@e-installationen.at
508,ITH Engineering,https://www.ith-engineering.at,
509,IWD,http://iwd-gmbh.at,
510,J/S Elektrotechnik,http://www.js-elektrotechnik.at,office@js-elektrotechnik.atwww.js-elektrotechnik.at
511,Jackl & Riessner Elektrotechnik,https://www.jackl-riessner.at,office@jackl-riessner.at
512,Jäger & Kronsteiner Elektrotechnik,https://www.jaekro.at,office@jaekro.at
513,Janker u. Haiderer Installateur,https://www.janker-haiderer.at,janker@janker-haiderer.at
514,JED Solar,https://www.jedsolarservice.at,
515,JEG Elektrotechnik,https://www.jeg-elektro.at,
516,JK Dach,https://www.jkdach.com,office@jkdach.com
517,Johann Fasching,http://ht-fasching.at,office@ht-fasching.at
518,Johann Redinger,https://www.expert-redinger.at,buero@expert-redinger.at
519,Joke Systems,https://www.joke-systems.com,joke@joke-systems.at
520,Josef Grüneis – Heizungstechnik,https://www.grueneis-ht.at,
521,Josef Pani,https://josef-pani.eu,office@josef-pani.eu
522,Josef Rieder,https://www.rieder1a.at,
523,Josef Voglmayr,https://www.voglmayr.at,zentrale@voglmayr.at
524,KAP-Haustechnik,https://www.kap-haustechnik.at,
525,Karl Mayerhofer,https://www.ekm1.at,c.mayerhofer@ekm1.at
526,Kärnten Solar,https://www.kaernten-solar.at,office@kaernten-solar.at
527,Kast & Schmidt,https://www.kast-schmidt.at,
528,Katzdobler,https://katzdobler.at,
529,KDS,https://www.kds.co.at,
530,KES,https://www.kernbauer-solutions.at,
531,KFD,https://www.kfd.at,privacy@osmfoundation.org
532,Kiendler,https://elektrotechnik.kiendler.at,office@kiendler.at
533,Kieninger,https://www.kieninger.at,-goisern@kieninger.at
534,Kieninger Energietechnik,https://kieninger-energietechnik.at,markus.lichtenegger@kieninger.at
535,Klammler,https://www.klammler.at,info@klammler.at
536,Kleißl Heiztechnik,https://www.kleissl-heiztechnik.com,
537,Klenk & Meder,https://www.klenk.at,office@klenk.at
538,Klimart Kälte und Klimatechnik,https://klimart.at,
539,Klingler Installationen,https://www.solarklingler.at,woergl@klinglerteam.at
540,Kmentt,http://dach-kmentt.at,buero@dach-kmentt.at
541,Kocer & Co,https://www.kocer-heiztech.at,office@kocer-heiztech.at
542,KOGA Energy,https://www.koga-energy.com,contact@koga-energy.com
543,Kollar,https://www.kollar.at,
544,Kolt - Woam,https://www.kolt-woam.at,christian.rumpl@kolt-woam.at
545,Konstantin Energy,https://www.konstantin-energy.at,
546,Korkisch,https://www.korkisch.at,office@korkisch.at
547,Kraftwerk,https://kraftwerk-photovoltaik.at,
548,Krammer Elektrotechnik,https://www.krammer-elektrotechnik.at,office@krammer-elektrotechnik.at
549,Krasniqi EWK,https://www.k-ewk.at,office@k-ewk.at
550,KRAUS Elektrotechnik,https://www.elektro-kraus.at,office@elektro-kraus.at
551,Kreuzeder,https://www.kreuzeder.cc,
552,Krobath,https://www.krobath.at,office@krobath.at
553,Krottmeier Elektrik,https://www.krottmeier-elektrik.at,office@krottmeier-elektrik.at
554,KS Projektentwicklungs,https://ks-projektentwicklung.at,office@ks-projektentwicklung.at
555,KS Sales,https://www.kssales.at,info@ksservice.at
556,KSW,https://www.kswtech.com,support@kswtech.com
557,Kurt Wimmer,https://www.expert-wimmer.at,office@expert-wimmer.at
558,KWB Energiesysteme,https://www.kwb.net/de-at/produkte/,office@kwb.net
559,Laban,https://www.laban.at,info@laban.at
560,Lachtner Haustechnik,https://www.heizungstechnik.or.at,
561,Lackner Energietechnik,https://www.lackner-bhkw.at,office@lackner-bhkw.at
562,Lagerhaus,https://lagerhaus.at,center@lagerhaus.at
563,Langmann Consulting,https://www.langmann-consulting.com,
564,Lauss Gebäudetechnik,https://www.lauss.at,
565,Lautner-Heizung,http://lautner-heizung.at/,
566,Legerer,https://www.haustechnik-legerer.at,office@haustechnik-legerer.at
567,Lehner Dach,https://www.lehnerdach.at,
568,Leichtfried,http://www.leichtfried-dach.at,
569,Leichtfried Elektrotechnik,https://www.leichtfried-elektro.at,office@leichtfried-elektro.at
570,Lemp Energietechnik,https://www.lemp-energietechnik.at,office@lemp-energietechnik.at
571,LeWorks,https://www.leworks.at,
572,Licht Loidl,https://www.licht-loidl.at,
573,Licht und Wärme,https://lichtundwaerme.at,office@lichtundwaerme.at
574,Lieb Bau Weiz,https://www.liebbauweiz.at,lieb@lieb.at
575,Lin HT,https://www.lin-ba.at,
576,Lins,https://www.linsdach.at,
577,LiTec Elektro,https://www.litec-elektro.at,office@litec-elektro.at
578,Lohr,https://www.lohr.at,.lohr@strabag.com
579,LR Laser Raum,https://www.laserraum.at,
580,LR Photovoltaik,https://www.lr-photovoltaik.at,
581,LSG,https://www.lsg-group.eu,
582,Luftraum,https://luftraum.tech,office@luftraum.tech
583,Lugar,https://www.lugar.at,
584,Lumplecker Elektro- und Energieoptimierungs,https://www.lumplecker.at,office@lumplecker.at
585,Luna Holding,https://www.lunaholding.at,
586,LupoSol,http://luposol.co.at,jkirilova@hostopia.com
587,Luzian Bouvier,https://www.bouvier.at,
588,M-Heiztechnik,https://www.m-heiztechnik.at,KontaktM-Heiztechnikoffice@m-heiztechnik.at
589,M-TEC Energie.Innovativ,https://m-tec.at,info@m-tec.at
590,M. Kadlec,https://www.phalke.at,
591,M&M Energietechnik,https://www.mm-energietechnik.at,office@mm-energietechnik.at
592,M3 Solar,https://www.m3solar.eu,office@m3solar.eu
593,Make Elektrotechnik,https://elektrotechnik-make.at,office@elektrotechnik-make.at
594,Malina Installationsbetrieb,https://www.malina-installateur.at,malina@beerenstark.at
595,Marasolar,https://marasolar.at,info@marasolar.at
596,Marecek,https://www.marecek.at,office@marecek.at
597,Markart Installationen,https://www.markart.at,
598,Markus Stolz,https://stolz.at,stolz@stolz.at
599,Martin Pock PV,https://pock-pv.at,office@pock-pv.at
600,Maschinenring Österreich,https://www.maschinenring.at,
601,Matey,https://www.matey.at,
602,Maxx Photovoltaik,http://www.maxx.pro,office@maxx.pro
603,MayBerg,https://www.mayberg.eu,r.mayer@honsheizt.at
604,MD Elektrotechnik,https://www.dinnobl.at,
605,MEA Solar,https://www.mea-solar.at,anlagentechnik@eww.at
606,Mein Kraftwerk PV,https://meinkraftwerk.at,mail@milianw.de
607,Merl 1928,http://www.merl1928.com,
608,MG Gratz,https://www.mg-gratz.com,
609,MGM Elektrotechnik,https://www.mgm-elektro.at,e-Mailoffice@mgm-elektro.at
610,MiKo Photovoltaik,https://www.miko-photovoltaik.com,
611,Mild Haustechnik,https://www.mild-haustechnik.at,office@mild-haustechnik.at
612,Mission Solar,https://www.mission-solar.at,info@mission-solar.at
613,Mitter,https://www.mitterheizung.at,
614,Mitterhuemer,https://www.mitterhuemer.at,info@mitterhuemer.at
615,MK Service,https://www.mkservice.at,office@mkservice.at
616,ML SunPower,https://ml-sunpower.at,office@ml-sunpower.at
617,MM Solar & Photovoltaik,https://www.montage-solar.com,
618,Mochart,https://mochart.at,
619,Montron,https://www.montron.at,sendorfoffice@montron.at
620,Moser & Hartl,https://www.moser-hartl.at,__office@moser-hartl.at
621,Moser Photovoltaik,https://www.moser-solar.at,office@moser-solar.at
622,MS Elektrotechnik,https://www.ms-elektro.at,
623,MT-Safetech,https://www.mt-safetech.at,
624,MTE Elektrotechnik,https://www.mte-elektrotechnik.com,
625,Muggenhumer Energiesysteme,https://www.muggenhumer.at,
626,Müller & Helmert,https://www.mueller-helmert.at,
627,Murauer Stadtwerke,https://www.stadtwerke-murau.at,office@murauer-stadtwerke.at
628,Musina Elektrotechnik,https://www.musina.at,
629,MWS-Installationen,https://www.mws-installationen.at,
630,N-Tech3 Energy Technology,https://www.n-tech3.at,
631,NES,https://www.nes-energy.eu,
632,NET,https://www.neue-energie-technik.net,office@neue-energie-technik.net
633,Neudorfer,https://www.technik-zum-wohnen.at,
634,Neuma Solar,https://www.neuma-solar.at,office@neuma-solar.at
635,Neumayer,https://www.neumayer.co.at,office@neumayer.co.at
636,Next Level Energy,https://www.next-level.energy,
637,Nikko,https://www.nikko-pv.at,welcome@nikko-pv.at
638,Nocker Metallbau,https://www.nocker.at,office@nocker.at
639,Noortec,https://noortec.at,office@noortec.at
640,NOVA Energietechnik,https://nova-energietechnik.at,
641,Nusshold Elektrotechnik-Photovoltaik,https://www.e-nusshold.at,
642,Ocono,https://ocono.at,
643,OeKO Electric,https://oeko-electric.eu,
644,Oekostrom,https://oekostrom.at,c3d331449477693399c68826e2cea@o1312955.ingest.sentry.io
645,OH Voltaik Solaranlagenbau,https://www.oh-solar.at,info@oh-solar.at
646,Ökosolar PV,https://www.oekosolar.com,info@oekosolar.com
647,Ökovolt Solartechnik,https://oekovolt.com,
648,Ökovoltblue,https://ökovoltblue.at,
649,Omnis,https://omnisgroup.at,office@omnisgroup.at
650,One2zero,https://one2zero.com,greentech@one2zero.at
651,Oppenberger Photovoltaik,https://www.oppenberger.at,
652,OSR Facility Services,https://www.osr.at,office@osr.at
653,P.S. Photovoltaik,https://www.ps-photovoltaik.at,
654,P.V.M.,https://www.p-v-m-sonnenenergie.at,
655,P&W,https://www.photovoltaik-waermepumpen.at,
656,Paschinger,https://www.installateur-paschinger.at,office@paschinger-install.at
657,Peak-Photovoltaik,https://www.peak-photovoltaik.com,
658,Peicher on,https://www.peicher-on.at,
659,Pemasol,https://www.pemasol.at,office@pemasol.at
660,Pernsteiner,https://www.elektro-pernsteiner.at,office@elektro-pernsteiner.at
661,PES,https://pes.co.at,office@pes.co.at
662,Peter Haghofer,https://www.haghofer.com,haghofer@rainbach.net
663,Peter Koch,https://www.koch-dach.at/i,
664,Peter Krammer,http://et-krammer.at/,
665,Peter Wörz Installations,https://www.woerz.at,info@woerz.at
666,Pfalz Gebäudetechnik,https://www.installateur-pfalz.com,
667,Photovoltaik Now,https://www.photovoltaik-now.at,
668,Photovoltaik Rechnitzer Michel,https://www.mr-photovoltaik.at,
669,Photovoltaik Wirth,https://elektro-wirth.at,office@elektro-wirth.at
670,Photovoltaik.co,https://photovoltaik.co.at,
671,PL Elektrotechnik,https://www.pl-elektrotechnik.at,office@pl-elektrotechnik.at
672,Planet Solaar,https://www.planet-solaar.at,
673,Plasser Energy,https://plasser.energy,info@plasser-energy.at
674,Platzl,https://www.platzl.net,office@platzl.net
675,Plexon Solar,https://www.plexon-solar.com,
676,Ploier + Hörmann,https://www.p-h.at,
677,PMT Elektrotechnik,https://pm-t.at,
678,PoFi,https://www.pofi.at,office@pofi.at
679,Pöllmann & Partner,https://poellmann-partner.at,buero@poellmann-partner.at
680,Pörner Anlagenbau,https://www.poerner.net,
681,Pöttinger Installations,https://www.poettinger-installationen.at,
682,Powersolution,https://www.powersolution.at,
683,PowerSolution,https://www.power-solution.eu,
684,PR Photovoltaik,https://www.pr-pv.at,
685,Priesch Installationen,https://www.priesch-installationen.at,office@priesch-installationen.at
686,Pro Sonne,https://www.prosonne.at,
687,PROFES,https://www.profes.at,
688,Profi-Elektro Installations- Und Handels,https://www.profi-elektro.at,office@profi-elektro.at
689,ProSolis,https://www.prosolis.at,info@prosolis.at
690,ProVolt Photovoltaik,https://www.provolt.at,
691,Pucher Wärme- und Wassertechnik,https://www.pucher-haustechnik.at,info@pucher-haustechnik.at
692,Pucherstrom.at,http://www.pucherstrom.at,office@pucherstrom.at
693,Püspök,https://www.puespoek.at,
694,PV Energy,https://pvenergy.at,
695,PV Expert,https://pvexpert.at,info@pvexpert.at
696,PV Fux,https://www.pvfux.at,office@pvfux.at
697,PV Klaus,https://www.pv-klaus.at,
698,PV Kraftwerk,https://www.kraftwerk-gmbh.at,
699,PV Power,https://www.pvpower.at,
700,PV Technologies,https://www.pvtechnologies.at,office@pvtechnologies.at
701,PV Tronik,https://www.pv-tronik.at,office@pv-tronik.at
702,PV-Mont,https://www.pv-mont.at,info@pv-mont.at
703,PV-Vision,https://www.pv-vision.at,office@pv-vision.at
704,PVI,https://www.pvi.co.at,
705,PVN-Solarstrom,http://www.pvn-solarstrom.at,
706,PVOne,https://www.pvone.at,info@pvone.at
707,PVPrime,https://pvprime.at,office@pvprime.at
708,PVS Energy,https://www.pvs-energy.at,
709,PWE System,https://www.pwe-system.at,Marchtrenkoffice@pwe-system.at
710,R Tec,https://www.r-tec.co.at,
711,R. Liebhart,https://www.dachdeckerei-liebhart.at,office@dachdeckerei-liebhart.at
712,R2 Dach & Wand,https://www.reiter-dach.at,office@reiter-dach.at
713,Radel-Hahn Klimatechnik,https://www.radel-hahn.at,
714,Rami Energietechnik,https://www.rami-energietechnik.at,
715,Rappold & Partner,https://www.rappold-haustechnik.at,
716,Rathmanner Energy,https://www.rathmanner-energy.at,office@rathmanner-energy.at
717,Rauhofer,https://www.rauhofer.at,office@rauhofer.at
718,Raymann Kraft Der Sonne,https://www.raymann.at,
719,RCOM,https://rcom.at,office@rcom.at
720,REDL,https://www.redl.net,
721,Regenfelder Bernhard Installations,https://www.installateur-kaernten.at,
722,Regiowert Elektrotechnik,https://regiowert-elektro.at,willkommen@regiowert-elektro.at
723,Resch Elektrotechnik,https://www.elektro-resch.at,office@elektro-resch.at
724,ReschDach,https://www.reschdach.at,
725,Revolta,https://www.revolta.at,sonnenstrom@revolta.at
726,Rhomberg Energie,http://rhomberg.com/,info@rhomberg.com
727,RoB Energie,http://rob-energie.at/,
728,Robert Leitner Elektrotechnik,https://www.elektro-leitner.wien,
729,Roman Wallner,https://www.elektriker-wallner.at,office@elektriker-wallner.at
730,Rosel,https://www.ep.at,
731,Rösner Haustechnik,https://www.roesner-haustechnik.com,mailroesner.haustechnik@gmail.com
732,Roth,https://www.roth-diehandwerksmeister.at,
733,RS Photovoltaik Betreiber,https://www.sonnengewinn.at,office@sonnengewinn.at
734,Rudolf Gutmann U. Sohn,https://www.gutmann.co.at,
735,Rudolf Mayer Elektrotechnik,https://www.elektro-mayer.at,office@elektro-mayer.at
736,RWA Solar Solutions,https://rwa-solarsolutions.at,solarsolutions@rwa.at
737,S.E.T SolarEnergieTechnik,https://www.set-solar.at,office@set-solar.at
738,Sackl Energy,https://www.sacklenergy.at,d.sackl@sacklenergy.at
739,Sailer Sonnenstrom,https://www.sailer-gmbh.at,i.sailer@sailer-gmbh.at
740,SalzachSonne,https://www.salzachsonne.at,office@salzachsonne.at
741,Salzburg,https://www.salzburg-ag.at,
742,Santer Solarprofi,https://www.ssp-products.at,info@ssp-products.at
743,SAR Anlagenbau,https://www.sar-anlagenbau.at,office@sar-anlagenbau.at
744,Sat Connexion,http://www.satconnexion.at,info@satconnexion.at
745,Saveworx,https://www.saveworx.at,office@saveworx.at
746,Sawotec Elektro,https://www.sawo-tec.at,office@sawo-tec.at
747,Schaber Installations,http://www.schaber-installationen.at,
748,Schachner Dach,https://www.schachner-dach.at,office@schachner-dach.at
749,Schelling Elektro Gesellschaft,https://www.expert-schelling.at,office@expert-schelling.at
750,Schellmann,https://www.schellmann.co.at,office@schellmann.co.at
751,Schlapschy,http://schlapschy.at/,office@schlapschy.at
752,schlau-pv Energie,https://www.schlau-pv.at,
753,Schmidberger Elektroinstallations,https://schmidberger.at,office@schmidberger.at
754,Schneeberger,https://www.expert-schneeberger.at,office@expert-schneeberger.at
755,Schöftner Elektrotechnik,https://www.schoeftner-et.at,
756,Schönberger,https://schoenberger-haustechnik.at,office@schoenberger-haustechnik.at
757,Schuller Haustechnik,https://www.schuller-heizungstechnik.at,office@schuller-heizungstechnik.at
758,Schuster Elektro,https://www.schuster-elektro.at,office@schuster-elektro.at
759,Schütz,https://www.schuetz-technik.at,office@schuetz-technik.at
760,Schwarz Solar,https://www.schwarzsolar.at,
761,"Schwarz, Wagendorffer",https://www.ewerk.at,
762,Schweng Installationen,https://schweng.at,office@schweng.at
763,Screenroof,https://www.screenroof.com,office@screenroof.at
764,SE Concepts,https://www.se-concepts.eu,office@se-concepts.eu
765,SECCOtech,https://seccotech.at,office@seccotech.at
766,Secundo Photovoltaik,https://secundo.at,UnsReferenzenanfragen@secundo.at
767,Seiner Photovoltaik,https://www.seiner-photovoltaik.at,
768,Selberladen,https://selberladen.at,ichwill@selberladen.at
769,Selina Photovoltaic,https://www.selina-pv.com,info@selina-pv.com
770,Sem Energie & Mobilität,https://www.sem-energie.at,office@sem-energie.at
771,Senericon,https://senericon.at,
772,ServTec Elektrotechnik,https://www.servtec24.com,
773,Serwaspv,https://serwaspv.at,office@serwaspv.at
774,SET,https://www.set.or.at,
775,Seyfried-Jecho,https://www.seyfried-jecho.at,office@seyfried-jecho.at
776,SI Energiesysteme,https://solarindustries.at,info@si-e.at
777,Siegfried Steurer Installationen Energietechnik,https://www.steurer.co.at,siegfried@steurer.co.at
778,Simsalik,https://www.simsalik.at,walter.simsi@simsalik.at
779,Sinus Photovoltaik,https://www.sinus-pv.at,office@sinus-pv.at
780,Skorsch Green Energy,https://skorsch.com,office@skorsch.com
781,Slanina + Partner,https://slanina.at,elektro@slanina.at
782,Smart Energy Solutions HG,https://se-solutions.at,
783,Smart Home Systems,https://smarthome-systems.at,
784,smart:ex,https://smart-ex.at,info@smart-ex.at
785,Smartes Wohnen Allmer,http://www.elektro-allmer.at,
786,Smobi,https://smobi.at,
787,Smutka,https://www.smutka.com,
788,Sock Elektrotechnik,https://www.elektrotechnik-sock.com,office@elektrotechnik-sock.at
789,SOL-utions Photovoltaics,https://www.sol-utions.at,
790,Solana,https://solana-energy.at,office@solana-energy.at
791,Solar Energy Salzburg,https://www.solarenergysalzburg.at/i,
792,Solar Engineering,https://www.solarengineering.at,wolfgang.guggenberger1@gmail.com
793,Solar Fuchs,https://www.solarfuchs.at,Fuchsthomas.fuchs@solarfuchs.at
794,Solar Meister,https://www.solarmeister.at,
795,Solar Neuper,https://www.solar-neuper.at,
796,Solar Solutions Elektrik,https://www.sse-solar.at,
797,Solar Zone PV360 Haustechnik,https://solarzone.at,info@solarzone.at
798,Solar-Ernte Photovoltaik,http://solar-ernte.at/,
799,Solar-Systeme-Tirol,http://www.solarsysteme-tirol.at,info@solarsysteme-tirol.at
800,Solarconcept Schierl,https://www.solarconcept.at,office@solarconcept.at
801,Solarel,https://www.solarel.at,
802,Solaren Energie,https://www.solare-energie.at,office@solare-energie.at
803,Solares,https://www.solares.at,office@solares.at
804,SolarHome,https://www.solar-home.at,info@soltix.at
805,SolarHype,https://solarhype.at,
806,Solari,https://solari.at,office@solari.at
807,SOLARier,https://solarier.at,office@solarier.at
808,SolarImpuls erneuerbare Energien,https://solarimpuls.eu,office@solarimpuls.eu
809,Solarius Energy,https://www.solarius-energy.eu,info@solarius-energy.eu
810,SolarNow,https://solar-now.at,office@solar-now.at
811,SolarPartner,https://www.solarpartner.at,
812,Solarstrom.turbo,https://solarstrom.turbo.at,
813,Solarverbund,https://www.solar-verbund.at,info@solar-verbund.at
814,SolarW,https://solarwien.at,office@solarwien.at
815,solarWORK Montageservice,https://www.solarwork.at,office@solarwork.at
816,Solatech Mathis,https://www.mathis-solatech.com,
817,Solavolta Energie,https://www.sonnezustrom.at,info@solavolta.at
818,Solenso & Co.,https://www.solenso.at,
819,SOLID,https://www.solid.at,office@solid.at
820,Sollets,https://www.sollets.at,
821,Solpro,https://www.solpro.at,
822,Solvis,https://solvispv.at,
823,Sonnenstrom,http://www.sonnenstrom-stmk.at,
824,Sonnentechnik,https://www.sonnentech.at,office@sonnentech.at
825,Sopy Networld,https://www.solarbalkon.at,shop@solarbalkon.at
826,SPA Energietechnik,https://www.spa-energietechnik.at,info@spa-energietechnik.at
827,SPIE KEM,https://www.kem-montage.at,
828,Spielmann Othmar,http://www.spielmann-installationen.at,spielmann.othmar@aon.at
829,Spindler & Spindler,https://www.spindler.at,office@spindler.at
830,Springer,https://www.springer-dach.at,office@springer-dach.at
831,Stadtwerke Amstetten,https://expert-stadtwerke.amstetten.at,verkauf@stadtwerke.amstetten.at
832,Stadtwerke Bruck an der Mur,https://www.stadtwerke-bruck.at,
833,Stadtwerke Feldkirch,https://www.stadtwerke-feldkirch.at,kundencenter@stadtwerke-feldkirch.at
834,Stadtwerke Hartberg,https://www.elektroteam-hartberg.at,elektroteam@stadtwerke-hartberg.at
835,Stadtwerke Kapfenberg,https://www.stadtwerke-kapfenberg.at,lineinfo@yourdomain.com
836,Stadtwerke Köflach,https://www.stadtwerke-koeflach.at,
837,Stadtwerke Kufstein,https://www.eck.at,eck@stwk.at
838,Stadtwerke Schwaz,https://stadtwerkeschwaz.at,kundenberatung@stadtwerkeschwaz.at
839,Stadtwerke Wörgl,https://www.stww.at,stadtwerke@woergl.at
840,Stampf Elektrotechnik,https://www.stampf-elektro.at,office@stampf-elektro.at
841,Stanilux,https://www.stanilux.at,info@stanilux.at
842,Stark Kälte & Klimatechnik,https://www.klimatechnik.at,
843,Stary The Family Company,https://stary.at,
844,Stefan Böhm,http://www.boehm-stefan.at,office@boehm-stefan.at
845,STEI-RER-TECH Haustechnik,https://www.steirertech.at,office@steirertech.at
846,Steiner Dach,https://www.dach1.at,office@dach1.at
847,Steman Energietechnik,https://www.steman-solar.at,
848,STEP,https://www.step-gmbh.at,UNSoffice@step-gmbh.at
849,Stephan Wendelin,https://www.wendelin-sanitär-heizung.at,
850,STK Service,https://www.stk-service.at,jtaferner@stk-service.at
851,STM,https://www.solartechnikmerker.at,
852,Stocksreiter,https://www.stocksreiter.at,
853,Stoihauser,https://www.stoihauser.at,
854,Stolex,https://www.stolex.at,
855,Strobl Elektrotechnik,https://e-strobl.at,
856,Strom vom Stern,https://stromvomstern.com,
857,Strom-Macher,https://www.strom-macher.at,
858,Strombuam,https://www.strombuam.at,office@strombuam.at
859,Stromline Elektrotechnik,https://www.stromline.at,office@stromline.at
860,StromvomDach Erl,https://www.stromvomdach.at,
861,Sun.e-solution,https://sune-solution.com,info@sune-solution.com
862,SUN21 Smart-Energy,https://sun21.at,office@sun21.at
863,Sun4energy Ecopower,https://www.photovoltaik.at,
864,Sundex,https://sundex.at,
865,Sunergy Solar,https://www.sunergy-solar.at,
866,Sunlife Energy,https://www.sunlife-energy.at,kundenservice@sunlife-energy.at
867,Sunshine Trading,https://sunshine-trading.at,office@sunshine-trading.at
868,Sunvolt Montage,https://sun-volt.at,
869,Sunworld,https://sunworld.at,abt15.energiewirtschaft@ktn.gv.at
870,SUREnergy,http://www.surenergy.at,
871,Swimsol,https://swimsol.com,
872,Swisspearl,https://www.swisspearl.at,info@at.swisspearl.com
873,SWS Elektrotechnik,https://sws-elektrotechnik.at,
874,T-Raum Design,https://www.t-raumdesign.at,
875,taik-tech Projektmanagement,https://taik-tech.at,anfragen@taik-tech.at
876,Taus Kälte- Klimatechnik,https://tauskaelte.at,
877,TBM,https://www.tbm.team,info@wabnegg-natursteine.com
878,Team Elektrotechnik,https://www.team-elektro.com,office@team-elektro.com
879,Technik-kurz,https://www.technik-kurz.at,office@technik-kurz.at
880,TELA,http://www.tela.at,
881,TeSolar,https://www.tesolar.at,office@tesolar.at
882,TF Haustec,https://tfhaustec.at,office@tfhaustec.at
883,Thaller,https://www.expert-thaller.at,info@expert-thaller.at
884,Thienel Installationen,http://www.thienel-installationen.at,
885,Thomas Götschhofer,http://gut-durchdacht.at,
886,Thonhauser,https://www.thonhauser-gmbh.at,ing.thonhauser@aon.at
887,Tieber,https://www.e-tieber.at,info@elektrifizieren.at
888,TIGERCon,https://tigercon.org,
889,Tinext,https://www.tinext.at,
890,TP Elektroinstallationen,https://www.tp-elektroinstallationen.at,office@e-t-p.at
891,Trendex,https://trendex.at,info@trendex.at
892,Trenz,https://www.trenz-heizung.at,trenz@aon.at
893,Trescher,https://www.trescher.at,
894,TTS Elektrotechnik,https://www.tts-elektrotechnik.at,
895,TWS Heizung-Sanitär & Service,https://www.tws-heizung.at,office@tws-heizung.at
896,TyrolPV Elektrotechnik,https://www.tyrolpv.at,mail@tyrolpv.at
897,Veit Johann,https://www.veit.at,office@veit.at
898,Verbund,https://www.verbund.com,
899,VILS Elektrotechnik,https://www.vils-elektro.at,office@vils-elektro.at
900,VM Elektrotechnik,http://vm-elektrotechnik.at/,office@vm-elektrotechnik.at
901,Vogl Haustechnik,https://www.heiz.at,
902,Voltaigo,https://www.voltaigo.com,info@voltaigo.com
903,W. Stadler,https://www.stadler.at,spenglerei@stadler.at
904,Wagner Dach,https://www.wagner-dach.at,office@wagner-dach.at
905,Wagner Montage,http://www.wagner-montage.at/wp/,
906,Wallner Elektrotechnik,https://www.wallner-elektrotechnik.at,info@wallner-et.at
907,Walter Kohlfürst,https://www.energieconsulting-kohlfuerst.at,
908,Walter Voglhuber,https://www.elektrovoglhuber.at,
909,Wania,https://www.wania.at,
910,Wärme- und Elektrotechnik Wilfried Boxrucker,https://www.boxrucker.at,
911,Weberberger,https://www.ssuw.at,
912,Wechsel Solar,https://www.wechsel-solar.at,
913,Weichselbaumer,https://www.weichselbaumer.com,office@weichselbaumer.com
914,Weidinger Rüdiger,https://www.pv-weidinger.at,
915,Weinhandl Installationen,https://www.installateur-graz.at,office@installateur-graz.at
916,Werner Findenig,https://www.findenig.com,office@bad-heizung.info
917,Wieland,https://www.wieland.at,office@wieland.at
918,Wien Energie,https://www.wienenergie.at,
919,Wieser + Scherer,https://www.zeller-haustechnik.at,info@zeller-haustechnik.at
920,Wildburger & Zeller Elektrotechnik,https://www.wildburger-elektrotechnik.com,elektrotechnik@wildburger.at
921,Wilhelm Heizsysteme,https://www.wilhelm-heizsysteme.at,office@wilhelm-heizsysteme.at
922,Wimmer Elektro,https://wimmer-elektro.at,office@wimmer-elektro.at
923,Windkraft Simonsfeld,https://www.wksimonsfeld.at,office@wksimonsfeld.at
924,Winkler Solar,http://www.winklersolar.com,
925,Wir Mieten Dein Dach,https://www.wirmietendeindach.com,vertrieb@wirmietendeindach.com
926,Wir Sind Solar,https://wirsindsolar.at,
927,Witke,https://www.witke.com,
928,Wohlschlager Redl,https://wohlschlager-redl.at,
929,Wolf,https://www.wolf-la.at,
930,Wolfgang Fassl,https://www.sonnenenergie-fassl.at,
931,Wonisch Installationen,https://wonisch.co.at,office@wonisch.co.at
932,Wöran,https://www.woeran.com,
933,WS Technic,https://wstechnik.at,
934,WS-Energiesysteme,http://franz-weissinger.com,ws-energiesystemegmbh@outlook.com
935,WSolar Energie,https://wsolarenergie.com,info@wsolarenergie.com
936,Wucherer Energietechnik,https://www.wucherer-energie.at,wucherer@wucherer-energie.at
937,Wüsterstrom,https://www.wuesterstrom.at,office@wuesterstrom.at
938,Zach,https://www.zachgmbh.at,kaindorf@zachgmbh.at
939,Zaglmayr Gesellschaft,https://www.expert-zaglmayr.at,office@expert-zaglmayr.at
940,Zehetmayer Franz,https://www.spenglerei-wien.at,spenglerei-zehetmayer@aon.at
941,Zeinzinger Andreas,https://www.nordwaldcenter.at,office@nordwaldcenter.at
942,Ziegelwanger,http://www.haustechnik-ziegelwanger.at,office@expert-ziegelwanger.at
943,Ziegerhofer Elektrotechnik,https://www.ziegerhofer-et.at,
944,Zimmerei Gierbl,https://www.zimmerei-gierbl.at,
