Number,Company Name,Company Website,Email
1,365 Energy,https://365energy.pl,E-mailbiuro@365energy.pl
2,3DSmart,https://3dsmart.pl,biuro@3dsmart.pl
3,3Energy,https://3energy.com.pl,biuro@3energy.com.pl
4,3K-Fotowoltaika,https://3k-fotowoltaika.pl,
5,4 ECO,https://4-eco.pl,
6,4em,https://www.4em.eu,dorota@4em.eu
7,4OZE,http://4oze.pl,biuro@4oze.pl
8,A.B. Polański,https://polanski.radom.pl,biuro@polanski.radom.pl
9,A.E.C.,https://www.aec.com.pl,
10,A2 Energy,https://a2energy.pl,kontakt@a2energy.pl
11,Abak,https://www.energia-abak.pl,
12,ABC Sun Energy,http://www.abcsunenergy.pl,
13,ACI Group,https://acigroup.pl,
14,Action,https://fotowoltaika.action.pl,
15,Activia,http://activiagroup.pl,michal@activiagroup.pl
16,Adash System,https://fotowoltaika-kielce.com.pl,
17,Addur,https://addur.pl,
18,AdMat-Eko,https://admateko.pl,
19,Adviser Solutions Polska,https://trans-adviser.pl,spedycja@trans-adviser.pl
20,Agri-Sun,https://www.agri-sun.com,
21,Agrosolar,https://agrosolar.pl,bok@agrosolar.pl
22,AHT Energia,http://www.ahtenergia.pl,
23,Air-Full Pneumatik,https://afpneumatik.pl,airfullpneumatik@onet.eu
24,Airlux Polska,https://www.airlux.pl,
25,AISEO,http://www.aiseo.pl,malipio@o2.pl
26,AJM Eco,https://www.ajm-eco.pl,
27,Alex Electro,https://www.alex-electro.com,biuro@alex-electro.com
28,Alians,https://alians-oze.pl,info@alians-oze.pl
29,Alsen,https://alsen.com.pl,
30,Alt M,http://www.altm.com.pl,biuro@altm.com.pl
31,Alt-Energy,https://www.alt-energy.pl,biuro@alt-energy.pl
32,Alter Energia,https://alter-energia.pl,oze@altersa.pl
33,Alter Energy,https://alterenergy.pl,kontakt@alterenergy.pl
34,AM Group Solar,https://amgroupsolar.com,
35,AMC5,http://www.amc5.pl,502@amc5.pl
36,Amper Electric,https://www.amper-electric.com.pl,amper@amper-electric.com.pl
37,Amper S.I.,https://darmowyprad.com,
38,AmperSol,https://ampersol.pl,
39,Andrzej Żmudal,https://zmuda-fotowoltaika.pl,Emailbiuro-zmuda@op.pl
40,Angopol,http://www.angopol.com.pl,angopol@post.pl
41,Antamion,https://antamion.com,
42,Antinus,https://antinus.pl,info@antinus.pl
43,APE,https://apepw.pl,
44,App Energy,https://appenergy.pl,biuro@appenergy.pl
45,Aptom Energia,https://aptom.eu,kontakt@aptom.eu
46,Arago,https://arago.green,kontakt@arago.greenczynne
47,Arbor Energia,https://arborenergia.pl,biuro@arborenergia.pl
48,Arca Solar,https://arcasolar.pl,bok@arcasolar.pl
49,Arenella,https://arenella.pl,
50,Aresit,https://aresit.biz,008biuro.aresit@gmail.comKorzystaj
51,Arinea,https://arinea.pl,
52,ARIS,https://www.aris.org.pl,
53,Arkadia Oze,https://arkadia-oze.pl,
54,Art-Elektrix,https://zestawy-solarne.pl,
55,Artmaster,https://solmaster.pl,
56,ArtTherm,https://zaprzegnijslonce.pl,
57,Aseb Green Energy,https://aseb.pl,
58,Aslandi,https://www.aslandi.pl,
59,Astadja,http://astadja.pl,
60,Ataco,https://ataco.pl,
61,Atom,https://atompolska.pl,
62,Audio Elektro,https://www.audioelektro.pl,
63,Aura Energia,https://www.aura-energia.pl,
64,Aura Solar,https://aurasolar.pl,
65,Aura-Energy,https://aura-energy.pl,
66,Automatik Elektrocieplo,https://elektrocieplo.pl,
67,Avacon,https://avacon.pl,
68,AVM Engineering,https://avmengineering.pl,
69,Axevici,https://ecd.pl,
70,AZ Energy,https://www.azenergy.pl,
71,AZEnergia,https://azenergia.pl,
72,Azo Digital,https://azodigital.com,
73,b&b solar,http://www.bb-solar.pl,
74,B&Z Proenergy,https://www.bzproenergy.pl,
75,Baltic Energy,https://baltic-energy.pl,
76,Bartosz,https://www.bartosz.com.pl,
77,Basmac,https://basmac.com.pl,
78,Bau-Technik,https://bautechnik.pl,
79,Baxtom,https://www.baxtom.com,
80,BB Light,https://www.bb-light.pl,
81,BDR Thermea Poland,https://dedietrich.pl,
82,beeIN,https://beein.pl,
83,Belmar,https://belmar.com.pl,
84,Besteon,https://besteon.pl,
85,BG Energy Group,https://bgenergy.pl,
86,Bio-Clim,https://www.bio-klim.pl,
87,Bio-Energetyka,http://www.bio-energetyka.pl,
88,Biomar,https://www.oze-biomar.pl,
89,Bioran,https://www.bioran.pl,
90,BiotechGroup,https://biotechgroup.pl,
91,Bisolar Energy,https://bisolar.pl,
92,Bison Energy,https://bisonenergy.pl,
93,BMP Shipyard Services,https://bmelectro.eu,
94,Bob Energetyk,http://bobenergetyk.pl,
95,Bogitech,https://www.bogi-tech.pl,
96,Boniterm,https://www.boniterm.com.pl,
97,Borton Fotowoltaika,https://www.fotowoltaikaborton.pl,
98,Bożek Spektrum,https://spektrum.tech,
99,Brand Eco,http://brandeco.pl,
100,Brando Michał Pukowski,https://brando-oze.pl,
101,Brewa,https://www.brewa.pl,
102,BTI Solar,https://bti-solar.pl,biuro@bti-solar.pl
103,Budrys Fotowoltaika,https://www.budrys.eu,biuro@budrys.eu
104,Budsar Energia,https://budsar.pl,
105,BudTechSolar,https://budtechsolar.pl,buiro@budtechsolar.pl
106,BuglaEnergy,http://buglaenergy.pl,biuro@buglaenergy.pl
107,By Energy Solutions,https://byenergysolutions.pl,biuro@byenergysolutions.pl
108,CAC PV,http://cacpv.pl,biuro@cacpv.pl
109,Caldo-Tech,https://caldo-tech.pl,kontakt@caldo-tech.pl
110,Carline,https://carline.com.pl,carline@carline.com.pl
111,CEE,https://cee-fotowoltaika.pl,
112,Celtimex,https://celtimex.pl,
113,Centro Solar Fotowoltaika,https://centro-solar.pl,biuro@centro-solar.pl
114,Centro-Energy,https://centro-energy.com.pl,biuro@centro-energy.com.pl
115,Centrum Fotowoltaiki,https://cefo.pl,kontakt@cefo.pl
116,Centrum OZE,https://coze.pl,oferta@coze.pl
117,CEO,https://www.ceo-odnawialna.pl,
118,CHP Abakus,https://abakus-olsztyn.pl,biuro@abakus-olsztyn.pl
119,Ciecierski Instalacje,https://www.kolektory.war.to,Info@kolektory.war.to
120,CityNet,https://www.city-net.pl,
121,CMB Technika Grzewcza,https://www.cmbtechnikagrzewcza.pl,
122,Cogito Energy,https://www.cogitoenergy.pl,
123,Columbus Energy,http://columbusenergy.pl,
124,ComEko,https://www.comeko.pl,
125,Coming Home,https://coming-home.pl,kontakt@coming-home.pl
126,Concept,https://concept-ostrow.pl,biuro@concept-ostrow.pl
127,Concept Energy,https://www.conceptenergy.pl,
128,Consor Energia,https://consorenergia.pl,sklep@consorenergia.pl
129,Coral,https://coral.com.pl,coral@coral.com.pl
130,Craftco Energy,https://craftco.pl,biuro@craftco.pl
131,Cryspol,https://cryspol.pl,
132,Cyfronic,https://www.cyfronic.com,
133,Czempas,http://czempas.pl,biuro@czempas.pl
134,CzysteGrzanie,https://czystegrzanie.pl,
135,Danmax,https://danmax.net,
136,Darsun,http://www.darsunsolar.pl,
137,DBC Solar-System,https://kolektory-zamosc.pl,Mirczebiuro@kolektory-zamosc.pl
138,Degon - Armanda,https://degon.pl,szymon@degon.pl
139,Denergy Fotowoltaika,https://denergyfotowoltaika.pl,kontakt@denergyfotowoltaika.pl
140,Denlux,https://denlux.pl,biuro@denlux.pl
141,DGE,https://dge.com.pl,info@d-ge.pl
142,Dinet Polska,http://www.dinet.net.pl,info@dinet.net.pl
143,Diocom,https://www.fotowoltaika-bielsko.pl,serwis@diocom.pl
144,Dom bez Kosztów,https://www.dombezkosztow.com,
145,Dom Bez Opłat,https://dombezoplat.pl,biuro@dombezoplat.pl
146,Dom Eko System,https://domekosystem.pl,biuro@domekosystem.pl
147,Dom Pełen Energii,https://dompelenenergii.pl,kontakt@dompelenenergii.pl
148,Domino,http://domino-rokicki.pl,w.rokicki@wp.pl
149,Domotermika,http://domotermika.pl,811domotermika@domotermika.plZg
150,DomowaEnergia,https://www.domowaenergia.com.pl,
151,Doradcy Energetyczni,https://doradcyenergetyczni.com.pl,
152,Dorex Energy,https://dorexenergy.pl,
153,Dorian,https://dorian.com.pl,
154,DS Energy Solar,https://dsenergy.pl,biuro@dsenergy.pl
155,Dudek,https://phududek.pl,
156,DUX Hurtownia Elektryczna,https://dux.net.pl,biuro@dux.net.pl
157,E-Home,https://elektryka-fotowoltaika.pl,biuro@elektryka-fotowoltaika.pl
158,E.On,https://eonfoton.pl,logistyka@eonfoton.pl
159,Easy Energy Solar,https://easyenergysolar.pl,janusz@037.pl
160,EasyPower,https://easy-power.pl,info@easy-power.plT
161,EBS,https://ebs-kielce.pl,ebs@ebs-kielce.plOstatnie
162,Eco Clover,https://www.ecoclover.pl,kontakt@ecoclover.pl
163,ECO Comfort,https://www.ecocomfort.pl,m.blaszczyk@ecocomfort.pl
164,Eco Project Design,https://ecoprojectdesign.com,biuro@ecoprojectdesign.com
165,Eco Solar System,https://ecosolarsystem.pl,
166,Eco Sunset,https://ecosunset.pl,
167,ECO Synergia,https://ecosynergia.pl,
168,Eco System,https://ecosystemprojekt.pl,068biuro@ecosystemprojekt.plSzukaj
169,Eco Systems,https://www.ecosystems.pl,info@ecosystems.pl
170,Eco Voltaika,https://ecovoltaika.eu/pl/home,zapytania@ecovoltaika.pl
171,Eco-Constans,https://eco-constans.pl,wienia790-810-737biuro@eco-constans.pl
172,Eco-energia,http://www.eco-energia.pl,bok@ddregistrar.pl
173,Eco-Planet,https://ecoplanet.org.pl,biuro@ecoplanet.org.pl
174,Eco-Sol,https://eco-sol.pl,
175,Eco-Solution,https://www.eco-solution.pl,
176,Eco-Team,https://www.eco-team.pl,
177,Eco-Technika,https://eco-technika.com.pl,biuro@eco-technika.com.pl
178,Eco-Volt,https://eco-volt.pl,biuro@eco-volt.pl
179,Eco-Zekra,https://eco-zekra.pl,
180,ECO365,https://eco365.pl,biuro@eco365.pl
181,EcoAG,https://ecoag.eu,biuro@ecoag.euUdost
182,Ecoenergy,https://ecoenergy24.pl,
183,EcoEnergy Rzeszów,https://www.ecoenergyrzeszow.pl,jakub@lesiu.com.pl
184,EcoJura,https://www.ecojura.pl,biuro@ecojura.pl
185,Ecoliber,https://ecoliber.pl,zapytania@ecoliber.plMENUO
186,EcoLive,https://ecolive.com.pl,
187,EcoPlus,https://www.ecoplus.mielec.pl,
188,EcoProm,http://www.ecoprom.pl,twoj@email.pl
189,Ecore,https://www.ecore.pl,
190,Ecostacja,https://ecostacja.pl,ecostacja@ecostacja.pl
191,Ecotec,https://ecotec-polska.pl,biuro@ecotec-polska.pl
192,Ecowatt,https://www.ecowattservis.pl,biuro@ecowattservis.pl
193,Eeef.pl,https://eeef.pl,kontakt@eeef.pl
194,EG System,http://egsystem.pl/,info@egsystem.pl
195,Eko Cumulus,https://ekocumulus.pl,jacek.mazon@ekocumulus.pl
196,Eko Energia Fotowoltaika Kraków,https://ekoenergiakrakow.pl,kontakt@ekoenergiakrakow.plAUDYT
197,Eko Energia i Automatyka,https://ekoenergia-automatyka.pl,
198,EKO Galicja,https://www.ekogalicja.pl,
199,Eko Helios,https://www.ekohelios.pl,dariusz.zielinski@ekohelios.pl
200,EKO Invest,https://ekoinvestpolska.pl,
201,EKO Klima,https://eko-klim.pl,807biuro@eko-klim.pl
202,Eko Ogrzewanie,https://www.eko-ogrzewanie.eu,
203,Eko Prime,https://ekoprime.pl,510biuro@ekoprime.plul
204,Eko Projekt,https://ekoprojekt24.eu,biuro@ekoprojekt24.eu
205,Eko Solar,https://eko-solar.eu,00biuro@eko-solar.eueko-solar.euEko
206,Eko Technology,https://ekotechnology.pl,
207,Eko Wat,https://ekowat.eu,biuro@ekowat.eu
208,Eko-Anwa,https://www.eko-anwa.pl,
209,Eko-Instal,https://eko-instal.pl,biuro@eko-instal.pl
210,Eko-on,https://www.eko-on.pl,biuro@eko-on.pl
211,EKO-PIEC,https://www.eko-piec.eu,
212,Eko-Serwis Instalacje Elektryczne,https://ekoserwiseb.pl,biuro@ekoserwiseb.pl
213,Eko-Solar,https://ekosolargliwice.pl,
214,Ekodom OZE,https://ekodom-oze.pl,piotr@ekodom-oze.plMagazyny
215,Ekoemiter,https://ekoemiter.com.pl,
216,EkoEnergia Polska,https://www.ekoenergiapolska.pl,biuro@ekoenergiapolska.pl
217,Ekoenergia PV,https://ekoenergiapv.pl,biuro@ekoenergiapv.pl
218,EkoFachowcy,https://ekofachowcy.pl,
219,Ekoi,https://ekoi.pl,biuro@ekoi.pl
220,Ekoinstal,https://ekoinstal.org.pl,kontakt@ekoinstal.org.pl
221,Ekoinstal,https://ekoinstal.gda.pl,biuro@ekoinstal.gda.pl
222,Ekolenergia,https://ekolenergia.pl,info@ekolenergia.pl
223,Ekomplex,https://ekomplex.pl,biuro@ekomplex.pl
224,Ekoos,http://ekos.pl,admin@ekos.pl
225,Ekopark,http://www.ekopark-kolaczkowo.pl,biuro@ekopark-kolaczkowo.pl
226,Ekoprojekt Poland,https://czysty-zysk.pl,
227,Ekosed,https://ekosed.pl,ekosed@ekosed.pl
228,Ekoserwis,https://www.ekoserwisbp.info,ekoserwis@ekoserwisbp.pl
229,Ekosolar,https://ekosolar.com.pl,biuro@ekosolar.com.pl
230,Ekosun,https://www.ekosunkoszalin.pl,
231,Ekosun,https://ekosun.pl,biuro@ekosun.pl
232,Ekosystem,https://www.ekosystempolska.pl,info@ekosystempolska.pl
233,Ekotec,https://ekotec.com.pl,ekotec@ekotec.com.pl
234,ekoTechnologia,https://ekotechnologia.eu,sklep@ekotechnologia.eu
235,Ekover,https://ekover.pl,ekoverpl@gmail.com
236,Ekovo,https://ekovo.pl,biuro@ekovo.pl
237,Ekowatt,http://ekowatt.pl,
238,EkoWoltaika,https://eko-woltaika.pl,ekowoltaika@gmail.com
239,EKP,https://ekopremiumtech.pl,
240,Ekspert,https://ekspertpv.pl,
241,El Klim,https://montazfotowoltaiki-gorlice.indexfirm.pl,elklim.gorlice@gmail.com
242,El-Inno,https://www.elektrykmysliborz.pl,
243,El-Max,https://elmaxorawa.pl,
244,El-Monter,https://el-monter.com.pl,
245,El-Pro,https://el-pro.com.pl,biuro@el-pro.com.pl
246,El-Protekt,https://el-protekt.pl,
247,El-Sun,https://el-sun.pl,biuro@el-sun.pl
248,El-Tech,http://el-tech.eu,biuro@el-tech.eu
249,EL-VAR,https://el-var.pl,
250,Elbud,https://www.elbud.com.pl,biuro@elbud.com.pl
251,ElectroTile,https://electrotile.com,
252,Elektrik Piotr Bachman,https://elektrikpb.pl,
253,Elektrix,http://www.elektrix.com.pl,elektrix@elektrix.com.pl
254,Elektro Automatik,https://elektroautomatik.pl,
255,Elektro Control,https://instalacjefotowoltaiczne.com,biuro@instalacjefotowoltaiczne.com
256,Elektro Masters,https://elektromasters.com.pl,
257,Elektro-Instalator,https://fotowoltaika-mazury.pl,biuro@fotowoltaika-mazury.pl
258,Elektro-Plus,https://elektroplus.com.pl,hurtownia@elektroplus.com.pl
259,Elektro-Sanit,https://elektro-sanit.pl,biuro@elektro-sanit.pl
260,Elektro-Silver,https://elektrosilver.pl,
261,Elektroinvest,https://elektroinvest.pl,ovheb@ryrxgebvairfg.cy
262,Elektroklim,https://www.elektroklim.pl,6436709biuro@elektroklim.pl
263,Elektroklimat,https://elektroklimat.pl,
264,ElektroMeks,https://elektromeks.eu,biuro@elektromeks.eu
265,Elektron Fotowoltaika,https://elektronpv.pl,biuro@elektronpv.pl
266,Elektropartner,https://www.elektropartner.info.pl,
267,Elektrosfera,https://elektrosfera.com.pl,027k.laskawski@elektrosfera.pl
268,Elektrosol,https://elektrosol.pl,info@elektrosol.pl
269,ElektroSpeed,http://elektrospeed.pl/,MACIEJ@ELEKTROSPEED.PL
270,Elektrotum,https://elektrotum.pl,biuro@elektrotum.pl
271,ElektroWat,https://www.elektrowat.com,600874819elektrowat@onet.eu
272,Elektryk Expert,https://www.elektrykexpert.pl,twoj@email.pl
273,Elektryk Trzebnica,https://instalacje-elektryczne-trzebnica.pl,
274,Elemer,https://www.elemer-niechlonin.pl,
275,Elenco,https://elenco.pl,116biuro@elenco.plO
276,Elfach,https://elfach-elektryk.pl,elfach@vp.pl
277,Elinsbud,https://firma-elinsbud.pl,
278,Elmax-Hurt,https://www.elmax-hurt.pl,
279,ELQ,https://elqsa.pl,office@elqsa.pl
280,Elran,http://xb1can.redprojekt.com.pl,biuro@elran.pl
281,Elsett,https://elsett.com.pl,biuro@elsett.pl
282,Elsolar,https://elsolar.pl,elsolar@elsolar.pl
283,Elsolid,https://www.elsolid.pl,biuro@elsolid.pl
284,Elswar,http://elswar.pl,biuro@elswar.plos
285,Eltech,https://eltech.net.pl,eltech@eltech.net.pl
286,Eltrix,https://eltrix.biz,biuro@eltrix.biz
287,Eltromax,http://www.eltromax.pl,
288,Elus,https://www.elus.pl,b2b@elus24.pl
289,Elwik,https://www.el-wik.pl,
290,emBroker,https://www.embroker.pl,
291,Emiter,https://emiter.net.pl,emiter@emiter.net.pl
292,Emsol,https://emsol.com.pl,
293,En-dor,http://en-dor.pl,jkanik@en-dor.pl
294,Eneco,https://grupaeneco.pl,kontakt@grupaeneco.pl
295,Eneko Polska,https://spolkaeneko.pl,566kontakt@spolkaeneko.plGorzyce
296,Ener Solar,https://enersolaroze.pl,911kontakt@enersolaroze.plOstatnie
297,Energa Obrót,https://energa.pl,
298,Energetyczny Projekt,https://energetycznyprojekt.pl,biuro@energetycznyprojekt.pl
299,Energetyk,http://www.energetykpuh.pl,
300,Energia Capital,https://www.energiacapital.pl,
301,Energia EWK,http://energiaewk.pl,biuro@energiaewk.pl
302,Energia Lokalna,https://energialokalna.pl,biuro@energialokalna.pl
303,Energia OZE,https://odnawialnaenergia.pl,biuro@odnawialnaenergia.pl
304,Energia RS,https://www.energiars.pl,Emailenergiars@wp.pl
305,Energia Sloneczna,http://www.energiasloneczna.eu,biuro@energiasloneczna.eu
306,Energia Słońca,https://energiaslonca.pl,biuro@energiaslonca.pl
307,Energia Taniej,https://energiataniej.com.pl,biuro@energiataniej.com.pl
308,EnergiaPort,https://energiaport.pl,biuro@energiaport.pl
309,EnergiaPRO,http://www.energiapro.pl,
310,Energo Therm,https://www.energo-therm.pl,biuro@energo-therm.pl
311,Energy Home,http://energyhome.pl,biuro@energyhome.pl
312,Energy On,https://www.energy-on.pl,biuro@energy-on.pl
313,Energy Planet,https://energyplanet.pl,
314,Energy Win,http://energywin.pl/,info@energywin.pl
315,Energy-24,https://energy-24.pl,biuro@energy-24.pl
316,Energy-Pro,http://energy-pro.com.pl,zamowienia@energy-pro.com.pl
317,Energypack,https://energypack.pl,kontakt@energypack.pl
318,Energysat,https://energysat.pl,biuro@energysat.pl
319,Energysol,https://energysol.eu,753biuro@energysol.eu
320,EnergySun,https://energysun.pl,biuro@energysun.pl
321,Eneria,https://eneria.pl,aktualizacja.rezygnacja@eneria.pl
322,Enerji,https://enerji.pl,redakcja@enerji.pl
323,Enerkan,https://www.enerkan.pl,biuro@enerkan.pl
324,Enermo,https://enermo.pl,bok@enermo.pl
325,Enerp,https://enerp.pl,biuro@enerp.pl
326,Enervo,https://enervo.pl,
327,Enerwent,https://enerwent.pl,
328,Enis,https://www.enis.pl,
329,EnSky,https://fotowoltaika-opole.pl,
330,Ensol,https://www.ensol.pl,00sales@ensol.plSZYBKI
331,Enter,http://www.clima.pl,enter.gorzow@interia.pl
332,Eovia,https://eovia.pl,kontakt@eovia.pl
333,EPG,https://epg.eco,kontakt@epg.eco
334,Eplan,https://www.eplan.com.pl,
335,Eprad,https://eprad.pl,info@eprad.pl
336,EPS,http://eps.org.pl,582biuro@eps.org.plHomeOfertaStacje
337,Ergo-Term,https://ergo-term.pl,
338,Ergon,https://ergon.biz,
339,ESG,https://es-g.pl,
340,ESOLEO,https://www.esoleo.pl,
341,ESP Energia,http://esp-energia.pl,biuro@esp-energia.pl
342,Etexinstal,http://www.etexinstal.pl,michal@etexinstal.pl
343,Etikon,https://www.etikon.pl,biuro@etikon.pl
344,EuroPV,https://www.europv.pl,
345,Eurosolar,https://euro-solar.pl,biuro@euro-solar.pl
346,Evo Energy,https://evoenergy.pl,menu-mail@2.png
347,Evoltim,https://evoltim.pl,
348,Extra Energia,https://www.extraenergia.pl,
349,Fabryka Energii,https://fabryka-energii.eu,biuro@fabryka-energii.eu
350,Farmy Fotowoltaiki,https://farmyfotowoltaiki.pl,
351,Fast Energy,https://fastenergy.pl,
352,Fenix Energy,https://www.fenixenergy.pl,biuro@fenixenergy.pl
353,Ferro Wings,https://ferrowings.pl,kontakt@ferrowings.pl
354,Firma D&D,https://fotowoltaika.firmadd.pl,biuro@fotowoltaika.firmadd.pl
355,Firma Instalacyjna Elektron,https://web-elektron.pl,biuro@web-elektron.pl
356,Flampol,http://www.flampol.pl,biuro@flampol.pl
357,FlexiPower Group,https://flexipowergroup.pl,kontakt@flexipowergroup.pl
358,Flix Energy,https://flixenergy.pl,kontakt@flixenergy.pl
359,FMS,https://fotowoltaikamontazserwis.pl,
360,FMSol,https://oze.fmsol.pl,
361,Fokus Consulting,https://www.fokusconsulting.pl,biuro@fokusconsulting.pl
362,Folrec,https://folrec.pl,
363,Forga,https://forga-jasiczek.pl,forga.wojciechjasiczek@wp.pl
364,Fortuna Line,https://fortuna-line.pl,biuro@expert-s.pl
365,Foto Instal,https://www.foto-instal.com,766kontakt@foto-instal.com
366,Foto Volt Eko Energia,https://fotovolt.pl,
367,Fotomont,https://elektryka.pro,
368,Foton Instal,http://www.foton-instal.pl,kontakt@foton-instal.pl
369,Foton Projekt,https://www.fotonprojekt.pl,
370,FotonLAB,https://fotonlab.pl,
371,Fotoogniwa,https://fotoogniwa-sklep.pl,od@soleos.pl
372,Fotosol,https://fotosol.pl,kontakt@fotosol.pl
373,Fotowolt24,https://fotowolt24.pl,paulina@fotowolt24.pl
374,Fotowolta,https://fotowolta.pl,biuro@fotowolta.pl
375,Fotowoltaika Bydgoszcz,http://fotowoltaika.bydgoszcz.pl,biuro@fotowoltaika.bydgoszcz.pl
376,Fotowoltaika Calma Energy,https://calma.pl,b2b@calma.plZaloguj
377,Fotowoltaika Dębica,https://fotowoltaikadebica.pl,
378,Fotowoltaika Expert,https://www.fotowoltaikaexpert.pl,biuro@fotowoltaikaexpert.pl
379,Fotowoltaika Golta,http://fotowoltaika-golta.pl,48-606-559-787NAPISZkontakt@fotowoltaika-golta.pl
380,Fotowoltaika Krosno,http://fotowoltaikakrosno.pl,
381,Fotowoltaika Mazury,https://fotowoltaika.mazury.pl,biuro@fotowoltaika.mazury.pl
382,Fotowoltaika Plus,https://fotowoltaika.plus,
383,Fotowoltaika Ryszard Zych,https://www.produkuj-prad.pl,biuro@produkuj-prad.pl
384,Fotowoltaika System,https://www.fotowoltaikasystem.pl,biuro@fotowoltaikasystem.pl
385,Free Energy,https://free-energyshop.pl,biuro@hurtowniafree-energy.pl
386,Free Energy,https://freeenergy-mazury.pl,
387,Free Energy Technology,https://www.freeenergy.pl,
388,FreeEco,https://freeeco.pl,biuro@freeeco.pl
389,Freefoto,https://freefoto.pl,
390,FreeSun,https://freesun.pl,biuro@freesun.pl
391,Fundacja Fotowoltaiki,https://fundacjafotowoltaiki.pl,Kontaktkontakt@fundacjafotowoltaiki.pl
392,FutureSun,https://futuresun.pl,biuro@futuresun.pl
393,G-Pro Eco Energy,https://g-pro.com.pl,622pawel@g-pro.com.plMigda
394,G-VOLT,https://gvolt.pl,biuro@gvolt.pl
395,G2V Energia,https://www.g2v.pl,biuro@g2v.pl
396,Gabra,https://gabra.com.pl,
397,Gabrypol,https://www.gabrypol.com,gabrypol@gabrypol.com
398,Gaia Solar,https://gaia.solar,wycena@gaia.solar
399,GBE,https://gbe-fotowoltaika.pl,gbe.era@wp.pl
400,GE Services,https://geservices.pl,biuro@geservices.pl
401,Gebrüder Peters,http://legnica-fotowoltaika.pl/,
402,Get Free,https://getfree.pl,
403,GFT Inteligentny Dom,https://fotowoltaika.gft.pl,
404,GGE Fotowoltaika,https://ggefotowoltaika.pl,biuro@ggefotowoltaika.pl
405,GGenergy,https://ggenergy.pl,biuro@ggenergy.pl
406,Giemza,http://www.ogrzejemy.pl,biuro@ogrzejemy.pl
407,Giosan,https://giosan.pl,biuro@giosan.pl
408,GlobalECO,https://globaleco.pl,380-75-75biuro@globaleco.pl
409,Globeco,https://www.globeco.pl,biuro@globeco.pl
410,Globelektro,http://globelektro.pl/,
411,Głogowsk,https://zei24.pl,kontakt@pglogowski.plFacebookStrona
412,Gobox,http://gobox.com.pl,bok@ddregistrar.pl
413,Godar Fotowoltaika,https://godarfotowoltaika.pl,
414,Goldsun,https://goldsun.com.pl,info@goldsun.com.pl
415,Gomar,https://gomar.info,biuro@gomar.info
416,Goodenergy,https://www.goodenergy.pl,biuro@goodenergy.plSocial
417,GoPower,https://www.gopower.com.pl,
418,GoSolar,https://www.gosolar.pl,biuro@gosolar.plPon
419,Gospodarka Solarna,https://gospodarkasolarna.pl,
420,GP-Systems,https://www.pv-gpsystems.eu,
421,Gralbud Group,https://www.gral-bud.pl,piotr.gralak@gral-bud.pl
422,Gramer,http://www.gramer.com.pl,
423,GranEl,https://granel.pl,
424,Graphen,https://graphen.pl,
425,Great Solar,https://greatsolar.eu,biuro@greatsolar.eu
426,Green Dynamic,https://www.greendynamic.pl,biuro@greendynamic.pl
427,Green Elite,https://greenelitelublin.pl,greenelite.lublin@gmail.com
428,Green House Systems,https://greenhousesystems.pl,info@greenhousesystems.pl
429,Green Mark,https://www.gmark.pl,biuro@gmark.pl
430,Green Motion,https://green-motion.pl,biuro@green-motion.pl
431,Green Power Energy,https://gpenergy.com.pl,
432,Green Synergy,https://green-synergy.pl,biuro@green-synergy.pl
433,Green Union,https://greenunion.com.pl,biuro@greenunion.com.pl
434,Green-Tech,https://green-tech.com.pl,sklepKontaktbiuro@green-tech.com.pl
435,Greengy,https://greengy.pl,biuro@greengy.pl
436,Greenhouse RS,https://greenhouse-rs.eu,
437,GreenMax,https://greenmax.pl,biuro@greenmax.pl
438,GreenSun,https://gsun.pl,info@gsun.pl
439,Gregmont,https://gregmont.pl,biuro@gregmont.pl
440,Grodno,https://www.grodno.pl,
441,Grom,https://www.grom-instalacje.pl,
442,Gromar Energy,https://gromar-energy.pl,
443,Grund,https://www.grundinstalacje.pl,kontakt@grundinstalacje.pl
444,Grupa Eko Systemy,https://grupaekosystemy.pl,biuro@grupaekosystemy.pl
445,Grupa Insta,https://grupainsta.pl,biuro@grupainsta.pl
446,Grzejemy,https://grzejemy.pl,
447,GT.instal,https://gt-instal.pl,
448,Heat Energia,http://heatenergia.pl,
449,Heat Not Lost,https://hnl.pl,info@hnl.pl
450,HeatPRO,http://heatpro.pl,
451,Heattech,https://heattech.pl,
452,HelioExpert,https://helioexpert.pl,21kontakt@helioexpert.pl
453,Helioprofit,http://helioprofit.pl,
454,Helios Nowoczesne Technologie,https://www.helios-myslenice.pl,
455,Heliospower,https://heliospower.pl,
456,Helius Energia,https://heliusenergia.pl,biuro@heliusenergia.pl
457,Hewalex,https://www.hewalex.pl,
458,HG Elektro,https://hgsolar.pl,kontakt@hgsolar.pl
459,HiEnergy,https://hienergy.pl,biuro@hienergy.pl
460,Hipar,https://ecorote.com.pl,
461,Home Instal,https://www.homeinstal.pl,
462,Home Revolution,https://homerevolution.pl,
463,HomeTEK,https://hometek.pl,biuro@hometek.pl
464,House Solutions,https://house-solutions.pl,biuro@house-s.pl
465,HSG Sun,https://hsgsun.com.pl,439biuro@hsgsun.com.pl
466,Hybrydoinstal,https://hybrydoinstal.pl,
467,Hydro-Elklim,https://hydroelklim.pl,
468,Hydrowat,http://www.hydrowat.com.pl/pl,hydrowat@interia.pl
469,Hymon,https://hymon.pl,biuro@hymon.pl
470,i-Fotowoltaika,https://i-fotowoltaika.com,bok@i-fotowoltaika.com
471,IC Green Energy,https://cpgreenenergy.pl,
472,IET-Gawrych,https://ietgawrych.pl,biuro@ietgawrych.pl
473,iMigo,https://imigo.pl,bok@ddregistrar.pl
474,Impel,https://impel.pl,cc.info@impel.pl
475,Inelt,https://inelt.pl,
476,Inenergy,https://inenergy.pl,kontakt@inenergy.pl
477,Inergis,https://inergis.pl,biuro@inergis.pl
478,Infinite Solar,https://infinitesolar.pl,biuro@infinitesolar.pl
479,Infomech,http://infomech.pl,maly-punkt@2x.png
480,Inkam,http://www.inkam.com.pl,505-305-400biuro@inkam.com.pl
481,INM,http://www.inm.net.pl,biuro@inm.net.pl
482,Innex,https://fotowoltaika.innex.pl,
483,Innosol,https://www.innosol.pl,
484,Innotech,https://www.innotech.com.pl,innotech@innotech.com.pl
485,Inovativ,https://inovativ.pl,biuro@inovativ.pl
486,Inowa,https://inowa.pl,
487,Instal-Therm,http://instal-therm.pl,bok@ddregistrar.pl
488,Instalacje-Lublin,https://instalacjelublin.pl,info@instalacjelublin.pl
489,Instalator Klimatu,https://www.instalatorklimatu.pl,
490,InstalEnergy,http://www.instalenergy.pl,biuro@instalenergy.pl
491,Instalex,https://www.instalex-cieplo.pl,pu.instalex@op.pl
492,Instalgram,https://instalgram.pl,930biuro@instalgram.pl
493,Install Energy,https://installenergy.pl,
494,Insun,https://insun.pl,biuro@insun.pl
495,Integral Energia,https://integral-energia.pl,biuro@integral-energia.pl
496,Integreen,https://www.integreen.pl,biuro@integreen.pl
497,Intek-Tech,https://intek-tech.eu,pioprazuch@gmail.com
498,InteliWay,https://inteliway.pl,info@inteliway.pl
499,Inter-Klima,https://www.inter-klima.pl,biuro@inter-klima.pl
500,Interkom Szczecin,http://interkom.szczecin.pl/,biuro@interkom.szczecin.pl
501,Inverter,,
502,Invertsun,https://invertsun.pl,emailkontakt@invertsun.pl
503,inVolte,https://involte.pl,involte@involte.pl
504,Inzynieria,https://www.inzynieriaoze.pl,b.bubiak@inzynieriaoze.pl
505,Inżynieria PV,https://inzynieriapv.pl,
506,IR-Eco,http://www.ir-eco.pl,biuro@ir-eco.pl
507,Irmar,https://www.irmar.eu,irmarzamowienia@gmail.com
508,Iromar,https://iromar.eu,
509,IT Control,https://www.it-control.pl,wbiuro@it-control.pltel
510,IT-Home,https://it-home.pl,
511,ITEO,https://www.iteo.pl,
512,Ivendo Solar,https://ivendosolar.pl,
513,IzoTech Service,https://izotechservice.pl,biuro@izotechservice.pl
514,J&T Tomala,http://tomalainstalacje.pl,tomala@rekom.eu
515,JA Elektryk,https://jaelektryk.pl,nasbiuro@jaelektryk.pl
516,Jarpi Green Energy,https://www.fotowoltaika-jarpi.pl,kontaktujarpigreenenergy@o2.pl
517,JB Energia,https://jbenergia.pl,biuro@jbenergia.pl
518,JM Energy,https://www.jm-energy.pl,
519,Josan,https://josan.pl,
520,JSP Energy,https://jsp-energy.pl,biuro@jsp-energy.pl
521,K&K Energia,https://kkenergia.pl,biuro@kkenergia.pl
522,Karlik Energy,https://karlikenergy.pl,kontakt@karlikenergy.pl
523,Karoceza,https://www.karoceza.pl,
524,KDP Invest,https://kdpinvest.com,info@KDPinvest.com
525,KG Construction,https://kgc.com.pl,k.gregorek@kgconstruction.pl
526,Klima-Expert,http://klima-expert.pl,biuro@klima-expert.pl
527,Klimasol,https://www.klimasol.pl,info@klimasol.pl
528,Klimat Orlikowski,https://www.klimatyzacje.gniezno.pl,biuro@orlikowski.gniezno.pl
529,Klimaterm24,http://klimaterm24.pl,notifications@surecart.com
530,KlimEco,http://www.klimeco.pl,
531,Klimtech,https://www.klimtech.eu,biuro@klimtech.eu
532,Klimtech,https://klimtechtczew.pl,
533,KlimTerm,https://klimterm.pl,klimterm42@gmail.com
534,KN Instal,https://www.kninstal.eu,biuro@kninstal.euPrzydatne
535,Kobo Energy,https://kobo-energy.pl,biuro@kobo-energy.pl
536,Kolor Energy,http://energy.waw.pl,
537,Kominki Vector,https://www.kominki-vector.pl,info@kominki-vector.pl
538,Kominox,https://kominox.pl,administracja@kominox.pl
539,Komtech,https://komtech.net.pl,biuro@komtech.net.pl
540,Kosmopell,https://kosmopell.pl,arek@kosmopell.pl
541,Kotły Płonka,https://kotly-plonka.pl,kotly@kotly-plonka.pl
542,KP Energy,https://kpenergy.pl,biuro@kpenergy.pl
543,Kraina OZE,https://krainaoze.pl,biuro@krainaoze.plTelefon
544,Krajowe Centrum Doradztwa Energetycznego,https://krajowecentrum.pl,
545,Kratki Energy,https://kratkienergy.com,kratkienergy@kratki.com
546,KRK Solar,https://krksolar.pl,biuro@krksolar.pl
547,Kulak-Energia,http://kulak.com.pl,info@kulak.com.pl
548,Kurczoba i Spółka,http://www.kurczoba.pl,
549,Kwartz,https://kwartz.pl,biuro.obslugi@kwartz.pl
550,Lantar,https://lantar.pl,kontakt@lantar.pl
551,Lemon Energy,https://www.lemonenergy.pl,
552,Lepsza Energia,https://lepszaenergia.pl,biuro@lepszaenergia.pl
553,Levard,https://energia-odnawialna.eu,
554,Lioneg,https://lioneg.pl,biuro@lioneg.pl
555,LMV Group,https://lmvgroup.pl,lmv@lmv.pl
556,Logistics Pack,https://logisticspack.pl,kontakt@logisticspack.pl
557,Long Energy,http://longenergy.com.pl/,kontakt@longenergy.com.pl
558,Lub-eko,https://www.lub-eko.pl,biuro@lub-eko.pl
559,Lucart Energy,http://lucart-energy.pl,biuro@lucart-energy.pl
560,LumenProf,https://lumenprof.pl,biuro@lumenprof.pl
561,M-Solar,https://msolarlublin.pl,biuro@msolarlublin.plul
562,M-Trade Instalacje,https://energiazeslonca.eu,m-trade@energiazeslonca.eu
563,M.A.T. Solar,http://matsolar.pl,
564,MAAT4,https://maat4.pl,maat4@maat4.pl
565,MAC Industrial,https://www.macindustrial.pl,137biuro@macindustrial.plul
566,MAM Energy,https://mamenergy.pl,
567,Manufaktura Energii,https://manufakturaenergii.pl,biuro@manufakturaenergii.pl
568,Mar-Bud,https://www.marbudsc.pl,
569,Marand,https://fotowoltaika-marand.pl,
570,Markon,https://markonoze.pl,
571,Marwent Fotowoltaika,https://fotowoltaika.marwent.pl,biuro@marwent.pl
572,Masdar,https://fotowoltaika.masdar.com.pl,
573,Master Energy,https://masterenergy.com.pl,biuro@masterenergy.com.pl
574,Master Tech Projekt,https://mastertechprojekt.pl,biuro@mastertechprojekt.pl
575,Master-Profit,https://master-profit.pl,kontakt@master-profit.pl
576,Matplast,https://matplast.pl,biuro@matplast.pl
577,Max Energy,https://max-energy.pl,biuro@max-energy.pl
578,Max United,https://maxunited.com.pl,
579,Maxcom Eco Energy,https://maxcom.eco,kontakt@maxcom.eco
580,MB System,https://mbsystem.pl,biuro@mbsystem.pl
581,MBM Solar,https://mbmsolar.pl,biuro@mbmsolar.pl
582,MC Serwis Plus,https://klimatyzacje-wentylacje.pl,
583,MEB Technical,https://meb-group.com,energy@meb-group.eu
584,Megawaty,https://megawaty.pl,info@megawaty.pl
585,Menlo Electric,https://menloelectric.com,
586,Merbett,https://merbett.pl,biuro@merbett.pl
587,Metal-Fach,https://metalfachtg.com.pl,sprzedaz@metalfach.com.pl
588,Metis Polska,https://metispolska.pl,
589,MGM Projekt,https://mgmprojekt.pl,biuro@mgmprojekt.pl
590,Miasto Słońca,https://miastoslonca.pl,info@miastoslonca.pl
591,Mid Solar,http://midsolar.pl,spam@urzadochronyemaila.gov
592,Mikromart,https://mikromart.pl,
593,Minutor Energia,https://minutor-energia.pl,
594,MIR Energia,https://www.mirenergia.pl,info@mirenergia.pl
595,Mist,https://www.eko-mist.pl,KONTAKT@EKO-MIST.PL
596,MK Budownictwo,http://mkbudownictwo.com.pl,mkbudownictwo@vp.pl
597,MK Starter,https://mk-starter.pl,
598,MK Sun,https://mksun.pl,kontak.ecohso@gmail.com
599,MK Team,https://mk-team.pl,kontakt@mk-team.pl
600,ML Dystrybucja,https://mldystrybucja.pl,k.pryjda@sprzedaz.ml
601,MocPV,http://mocpv.pl,
602,Monter PV,http://www.monterpv.pl,biuro@monterpv.pl
603,Monterzy,http://monterzy.eu,monterzy.eu@gmail.com
604,Mr-Spray,https://www.dachy-malowanie.pl,
605,MS Team,https://msteam.com.pl,biuro@msteam.com.pl
606,MTG Mostowski,https://mtg-mostowski.pl,
607,Multi Energa,https://www.multienerga.pl,info@multienerga.plwcze
608,Multikoncept Solar,https://solar.multikoncept.pl,
609,Multisun,https://multisun.pl,biuro@multisun.plPozna
610,Multitechnika,https://www.multitechnika.pl,biuro@multitechnika.pl
611,MUNO,https://muno.com.pl,
612,MURAT,http://www.panelefotowoltaiczne.murat.pl,biuro@wiatraki.murat.pl
613,N Energia,https://n-energia.pl,biuro@n-energia.pl
614,Nar-Elektro,https://www.nar-elektro.pl,nar.elektro@gmail.com
615,NaSwoim,https://www.naswoim.com.pl,
616,Nasza Energetyka,https://naszaenergetyka.pl,biuro@naszaenergetyka.pl
617,Neko Energia,https://www.nekoenergia.eu,info@nekoenergia.eu
618,Neolas Polska,https://www.neolas.pl,info@neolas.plNEOLAS
619,NetCable,https://netcable.com.pl,kontakt@netcable.com.pl
620,Netcom,https://www.netcom.com.pl,
621,Netline Pro,https://enpro.pl,kontakt@enpro.pl
622,Nikola Energy,https://nikolaenergy.pl,info@nikolaenergy.pl
623,Niskoemisyjni.pl,https://niskoemisyjni.pl,biuro@niskoemisyjni.pl
624,NNF Energy,https://nnfenergy.pl,biuro@nnfenergy.pl
625,Nomad Electric,https://nomadelectric.com,info@nomadelectric.com
626,Nortelec,https://nortelec.co.za,info@nortelec.co.za
627,Nova Energia,https://novaenergia.pl,958kontakt@novaenergia.pl
628,Nova Energy,https://novaenergy.pl,
629,Novavis,https://novavisgroup.pl,office@novavisgroup.pl
630,Nowa Elektro,https://nowaelektro.pl,
631,Nowoczesne Technologie,https://nowoczesne-technologie.pl,biuro@nowoczesne-technologie.pl
632,Nowrem Group,http://www.nowrem.pl,biuro@nowrem.pl
633,Nr-Go,https://nr-go.pl,biuro@nr-go.pl
634,NRO Lukasz Knapczyk,https://www.nro-knapczyk.pl,
635,NS Elektro,https://nselektro.com,PVoffice@nselektro.comNS
636,NTW Airconomic,https://ntwsieradz.pl,kontakt@ntwsieradz.pl
637,OEM Energy,https://oemenergy.pl,robert.stankowski@oemenergy.pl
638,OffGrid,https://offgridpc.pl,biuro@offgridpc.pl
639,OM Power,https://om-power.pl,866office@om-power.plul
640,Omega Fotowoltaik,https://omegafotowoltaika.pl,
641,Omega-Wat,https://omegawat.pl,
642,Onde,https://onde.pl,sekretariat@onde.pl
643,Onepower,https://onepower.pl,
644,OnlyComfort,https://onlycomfort.pl,ystokEmailbiuro@onlycomfort.plsprzedaz
645,OPA,https://opa.pl,
646,Optima Polska,https://www.optimapolska.com.pl,
647,Optisolar PV,https://fotowoltaikalubelskie.com,optisolarpvbiuro@gmail.com
648,Orion Energy,https://orion-energy.pl,biuro@orion-energy.pl
649,Otwarta Energia,https://otwartaenergia.pl,sprzedaz@otwartaenergia.plRealizacjeO
650,Ozawo,http://ozawo.pl,p.kmito@ozawo.pl
651,Oze,https://ozetechnik.pl,serwis@ozetechnik.pl
652,OZE,https://ozegroup.eu,
653,OZE Beskid,https://ozebeskid.pl,biuro@ozebeskid.pl
654,OZE Grant,https://ozegrant.pl,
655,Oze Squad,https://ozesquad.pl,dok@ozesquad.pl
656,Oze-Efekt,https://www.oze-efekt.pl,biuro@oze-efekt.pl
657,Oze-Sun,http://oze-sun.pl,biuro@oze-sun.pl
658,OzeBUD,https://www.ozebud.pl,biuro@ozebud.pl
659,Ozeexpert,https://ozeexpert.pl,nasoferta@ozeexpert.pl
660,Ozeris,https://ozeris.pl,piotr@ozeris.pl
661,Ozeus,https://ozeus.pl,ozeus@ozeus.plNIP
662,P-KA Solar,https://pkasolar.pl,
663,P.H.U. Proland,https://www.proland.co,biuro@proland.co
664,Pamach,https://pamach.pl,biuro@pamach.pl
665,Pamar,https://pamar-ik.pl,
666,PanelSol,https://panel-sol.pl,wbernecki@interia.pl
667,Pasive Instal,https://passive-instal.pl,biuro@passive-instal.pl
668,Passive Energy,https://www.passiveenergy.pl,
669,PB Energy,https://pb-energy.pl,
670,PEKOS-PV,https://pekospv.pl,marcin.wojcik@pekospv.pl
671,PelSun,https://www.pelsun.pl,biuro@pelsun.pl
672,Perez Photovoltaic,https://pvperez.pl,
673,Perfect CO,https://perfektco.pl,
674,Pertis,https://pertis.pl/o-nas/,d.perchel@pertis.pl
675,Petra Energia,https://petraenergia.pl,info@petraenergia.pl
676,PG OZE,https://pgoze.pl,biuro@pgoze.pl
677,PG System,http://www.pgsenergia.pl,wroclaw@pgsenergia.pl
678,PGM Fotowoltaika,https://pgmpv.pl,E-mailbiuro@pgmpv.pl
679,PGreen Energy,http://pgreen.pl/,pgreen@pgreen.pl
680,Phu Partner EU,https://www.phupartner.eu,
681,PHU Soltra,https://www.darmowaenergia.com.pl,t@click.stop
682,PIF,http://polskiinstytutfotowoltaiki.pl,
683,PIONEnergia,https://pionenergia.pl,
684,Pionier Energia,https://pionier-energia.pl,biuro@pionier-energia.pl
685,piTERN,https://www.pitern.pl,
686,Pivi Energy,https://pivienergy.pl,
687,PKF,https://pkfsa.pl,
688,Plitt Dariusz Technika Instalacyjna,https://www.plitt.com.pl,
689,Plombier,https://plombier.com.pl,jaslo@plombier.com.pl
690,PNBE,https://www.pnbe.pl,
691,Polenergia Fotowoltaika,https://www.polenergia-pv.pl,888biuro@polenergia-pv.plul
692,Polimex Mostostal,https://www.polimex-mostostal.pl,kontakt@polimex-mostostal.pl
693,Polska Ekologia,https://www.poleko.pl,info@poleko.pl
694,Polska Energia,https://polska-energia.com,731-901-903sklep@polska-energia.com
695,Polska Fotowoltaika,https://www.polskafotowoltaika.pl,biuro@polskafotowoltaika.comImi
696,Polska Grupa Energii Fotowoltaicznej,https://pgef.eu,
697,Półchłopek Fotowoltaika,https://ndevr.com.pl,handel.polchlopek@gmail.com
698,Pora Na Prad,https://poranaprad.pl,Nasbiuro@poranaprad.pldarmowe
699,Power Green,https://powergreen.com.pl,kontakt@powergreen.com.pl
700,Power-Sun,https://power-sun.pl,power-sun@protonmail.com
701,PowerEco,https://www.powereco.pl,biuro@powereco.pl
702,PowerGo,https://www.powergo.pl,kontakt@powergo.pl
703,Powermine,https://www.powermine.com.pl,
704,PowerOn,https://e-poweron.pl,kontakt@e-poweron.pl
705,PozEnergy,http://pozenergy.eu,
706,Prad,https://prad.tech,
707,Prąd ze Słońca,https://pradzeslonca.net.pl,prad.tarnow@gmail.com
708,PremiumPV,https://www.premiumpv.pl,info@premiumpv.pl
709,Pro Eco Energy,https://proecoenergy.pl,info@proecoenergy.pl
710,Pro Electro,https://proelectro.com.pl,rafalkobierowski@o2.pl
711,Pro Elektrotechnik,https://proelektrotechnik.pl,
712,Pro-Bud,https://www.firmabudowlanaprobud.pl,biuro@probud.pro
713,Pro-eco,https://proeco.com.pl,biuro@proeco.com.pl
714,Pro-Eko,https://serwis-proeko.pl,
715,Pro-Eko,https://proekoenergy.pl,
716,Pro-Energia,https://www.pro-energia.com.pl,info@pro-energia.com.pl
717,Pro-foton,https://pro-foton.com,biuro@pro-foton.com
718,Pro-Sun,https://pro-sun.com.pl,biuro@pro-sun.com.pl
719,Pro-System,http://pro-system.bydgoszcz.pl,
720,ProEco,https://www.domyproeco.pl,biuro@domyproeco.pl
721,ProEcoBiznes,https://proecobiznes.pl,biuro@proecobiznes.plKana
722,Proecology,https://proecology.pl,proecology.biuro@gmail.com
723,ProElectro,http://www.proelectro.pl,biuro@proelectro.pl
724,ProEnergy,https://www.proenergy.com.pl,biuro@proenergy.com.pl
725,ProfesMedia,https://profes-media.pl,info@profes-media.pl
726,Profeum Energy,https://www.profeumenergy.pl,biuro@profeumenergy.pl
727,Profi Instal,http://profi-instal.com,biuro@profi-instal.com
728,Proinstal,https://proinstal.info,biuro@proinstal.info
729,Project Daylight,https://project-d.pl,
730,Projekt Słońce,https://projektslonce.pl,cbag@projektslonce.plKontakt
731,Projprzem-EKO,http://www.projprzemeko.pl,peko@projprzemeko.pl
732,Promag,https://promag-gaz.pl,mail@domena.pl
733,Promika Solar,https://promika-solar.pl,ikona-telefon@2-e1588789938266.png
734,Prosat,https://prosat.pl,
735,ProServe,https://www.proserve.com.pl,
736,ProService P. Jankowski,https://www.proservice24h.pl,proservice24h@home.pl
737,Prosun Fotowoltaika,https://prosun-fotowoltaika.pl,kontakt@prosun-fotowoltaika.pl
738,ProVolte,https://provolte.pl,
739,Prowable,https://www.prowable.pl,
740,Prozeko,https://prozeko-instal.pl,fotowoltaika@prozeko-instal.pl
741,Przedsiębiorstwo Handlowe A-T,https://projektowanie-oswietlenia.pl,
742,Przem-Gri,http://przem-gri.pl,
743,Przyjazna Energia.com,https://przyjazna-energia.com,kontakt@enea.pl
744,PSG Ekoenergia,https://psgekoenergia.pl,development@itdesk.eu
745,PST,https://pst.pl,
746,Puchałka,https://www.puchalka.com,phu@puchalka.com
747,Pulsar Energia,http://fotowoltaika.pulsarenergia.pl,
748,Pure Solar,https://puresolar.pl,
749,PV Energia,https://fotowoltaika-energia.pl,redakcja@fotowoltaika-energia.pl
750,PV Expert,https://www.pv-expert.pl,602469184biuro@pv-expert.pl
751,PV Nita,https://www.pvnita.pl,biuro@pvnita.pl
752,PV OZE,http://pvoze.pl,biuro@pvoze.pl
753,PV Prof Fotowoltaika,https://pvprof.pl,biuro@pvprof.pl
754,PV Solarin,https://pvsolarin.pl,biuro@pvsolarin.pl
755,PV System,https://pv-system.pl,
756,PV Technik,http://pvtechnik.com.pl/,info@pvtechnik.com.pl
757,PV Technology,http://fotowoltaika.pvtechnology.pl,
758,PV Volta,https://pvvolta.pl,
759,PV-Profit,https://www.pv-profit.pl,BIURO@PV-PROFIT.PL
760,PVdlaDomu,http://pvdladomu.pl,maciej@pvdladomu.pl
761,PVE,https://pve.com.pl,info@pve.com.pl
762,PVTEC Polska,https://pvtec.pl,office@pvtec.pl
763,PWP,https://polishwindpower.com,info@polishwindpower.com
764,R. Power,https://rpower.solar,
765,RAFAŁ,https://fotowoltaika.rafal.com.pl,michal@rafal.com.pl
766,Ramard Energie,https://ramard.pl,
767,Rateko,https://rateko.pl,
768,Rawicom,https://www.rawicom.pl,info@rawicom.pl
769,Rayhold,https://rayhold.pl,
770,RB Consulting,https://rbconsulting.pl,office@rbconsulting.pl
771,RBS Energia,https://rbsenergia.pl,
772,Reca Solar,https://reca-solar.com,
773,Recosolar,https://www.recosolar.pl,875kontakt@recosolar.pl
774,RED Instal,https://www.redinstal.com.pl,101biuro@redinstal.com.pl
775,Red Snake,https://redsnake.pl,biuro@redsnake.pl
776,Redtim,http://www.redtim.pl,
777,Rem Energy,https://www.remenergy.pl,
778,Remor,https://remorsolar.com,sklep@remor.pl
779,RenCraft,https://rencraft.eu,
780,RenSan Energy,https://rensanenergy.pl,biuro@rensanenergy.pl
781,Res Energy,https://www.resenergy.pl,biuro@resenergy.pl
782,Respect Energy,https://respect.energy,response@respect.energy
783,Ress-Inwestycje,https://ressinwestycje.pl,biuro@ressinwestycje.pl
784,Revolt Energy,https://www.revoltenergy.eu,kontakt@revoltenergy.com.pl
785,Revolton,https://revolton.pl,info@revolton.pl
786,RMS,https://www.rms.com.pl,biuro@rms.com.pl
787,Roboterm,https://roboterm.pl,
788,Rodar-Elektro,https://rodarelektro.pl,biuro@rodarelektro.pl
789,Roka Energy,https://rokaenergy.com,info@rokaenergy.com
790,Rolbud Instal,https://rolbudinstal.pl,751golkowice@rolbudinstal.pl
791,Romicki Eko System,http://romicki-ekosystem.pl,biuro@romicki-ekosystem.pl
792,Romitex,https://romitex.pl,
793,RP Solar,https://rpsolar.pl,BIURO@RPSOLAR.PL
794,RW Electra,https://rwelectra.pl,
795,Saantirenergy,https://www.saantirenergy.com,
796,SaBud,http://sa-bud.pl,sabud4@onet.pl
797,San Gaz,https://sangaz.pl,kontakt@sangaz.pl
798,Sansolar,https://sansolar.pl,460biuro@sansolar.plPomagamy
799,Santec,https://santec.pl,kontakt@santec.pl
800,Sarakhman,https://sarakhman.pl,bok@sarakhman.pl
801,Sat-System,https://sat-system.net.pl,
802,Sazet,https://sazet.com.pl,
803,SBL Energy,https://sbl-energy.pl,
804,SC EKO,https://www.sceko.pl,
805,SDK Energy,https://www.sdkenergy.com,
806,Sebtech,https://sebtech.eu,biuro@sebtech.eu
807,Selfa,https://www.selfa-pv.com,
808,Senegis,https://senegis.com,biuro@senegis.com
809,SEPV,https://sepv.pl,
810,Setlans,https://setlans.pl,info@setlans.pl
811,SewEKO,https://jsewilo.pl,jerzy22.js@gmail.com
812,Sezam,https://sezamecotech.pl,rabka-zdroj@sezam.net.plKro
813,SG Solar,https://sgsolar.pl,
814,SI System,https://www.sisystem.pl,si@sisystem.pl
815,SIB,https://ogrzewaniesib.pl,sib@ogrzewaniesib.pl
816,Silesia Solar,https://silesiasolar.pl,info@silesiasolar.pl
817,Siliton,https://siliton.pl,biuro@siliton.pl
818,Simplic,https://simplic.pl,bok@simplic.pl
819,Siner,https://sinereko.pl,biuro@sinereko.pl
820,Sitarsky Energy,https://sitarsky.pl,502777450info@sitarsky.pl
821,SKB Energy,https://skbenergy.pl,
822,Skomat,https://skomat.pl,kontakt@skomat.pl
823,SkyVolt,https://skyvolt.pl,info@skyvolt.pl
824,Slonce+,https://slonceplus.pl,
825,Słoneczny-Prąd,https://sloneczny-prad.pl,biuro@sloneczny-prad.pl
826,SM Project,https://sm-project.pl,biuro@sm-project.pl
827,Smart Eco,https://smart-eco.net,
828,Smart MDB,https://smart-mdb.pl,
829,Smarteco,http://smarteco.net.pl,
830,SmartEkoDom,https://smartekodom.pl,prezes@smartekodom.pl
831,Sochaelektryk,https://sochaelektryk.pl,office@sochaelektryk.pl
832,Sol-Investia,https://sol-investia.pl,biuro@solinvestia.pl
833,Solamis,https://solamis.pl,info@solamis.pl
834,Solano Energy,https://www.solanoenergy.pl,biuro@solanoenergy.pl
835,Solar,https://solar.rzetelnafirma.pl,tsydzikyury@gmail.com
836,Solar Eco Energia,https://solarecoenergia.pl,
837,Solar Ekspert,http://solar-ekspert.pl,
838,Solar Energy Poland,http://www.solarenergypoland.pl,atv1@op.pl
839,Solar For You,https://solarforyou.pl,info@solarforyou.pl
840,Solar Fotowoltaika,https://www.solarfotowoltaika.pl,biuro@solarfotowoltaika.pl
841,Solar Free Energy,http://stahler.pl,BOKbiuro@stahler.pl
842,Solar Group,https://solar-group.pl,kontakt@solar-group.pl
843,Solar Industry,https://solar-industry.pl,
844,Solar Instalator,http://solarinstalator.pl,biuro@solarinstalator.pl
845,Solar Kolo,http://solarkolo.pl,oze@solarkolo.pl
846,Solar Park Zamosc,http://www.solarpark-zamosc.pl,biuro@solarpark-zamosc.pl
847,Solar Place,https://solarplace.pl,kontakt@solarplace.pl
848,Solar Planet,https://solar-planet.pl,kontakt@solar-planet.pl
849,Solar Point,https://solarpoint.pl,biuro@solarpoint.pltelefon
850,Solar Progress Solutions,https://www.solar-progress.pl,kontakt@solar-progress.pl
851,Solar Projekt,https://www.solarprojekt.eu,94biuro@solarprojekt.eu
852,Solar Solution,https://solar-solution.pl,info@solar-solution.pl
853,Solar Square,http://solarsquare.eu,kontakt@solarsquare.eu
854,Solar STAG,https://solarstag.pl,biuro@solarstag.pl
855,Solar Technik,https://www.solar-technik.pl,kontakt@solar-technik.pl
856,Solar-Bau,https://solar-bau-katowice.eu,m.segeth@solar-bau-katowice.eu
857,Solar-Expert,http://solar-expert.pl,biuro@solar-expert.pl
858,Solar-Project,https://solar-project.pl,biuro@solar-project.pl
859,Solar-Spec,https://solar-spec.pl,
860,Solar-Tech,https://solar-tech.pro,
861,Solar-Volt,https://solar-volt.pl,biuro@solar-volt.pl
862,Solar-X,https://solar-x.pl,45Aoffice@solar-x.pl
863,Solare Energy,https://solare.pl,
864,Solares,http://www.solares.pl,kontakt@solares.pl
865,Solaret,https://www.solaret.pl,
866,Solarget,https://solarget.pl,biuro@solarget.pl
867,Solarika,https://solarika.pl,kontakt@solarika.pl
868,SolarInnova,https://solarinnova.pl,kontakt@solarinnova.pl
869,Solaris Lublin,https://solarislublin.pl,biuro@solarislublin.pl
870,Solaris Oze,https://solarisoze.pl,BIURO@solarisoze.pl
871,Solarkraft,http://www.solarkraft.pl/en/,
872,Solarman,https://www.solarman.pl,kontakt@solarman.pl
873,Solaro,https://solaro-poczesna.pl,biuro@solaro-poczesna.pl
874,SolarOn,https://solaron.com.pl,
875,Solarpro,https://solarprolyska.pl,biuro@solarprolyska.pl
876,Solarprojekt Construction,https://solarprojekt.pl,
877,Solarsil,https://solarsil.pl,symbol-maseczka@2x.png
878,SolarSpot,https://solarspot.com.pl,
879,Solarus,https://solarus.com.pl,iRecco@mail.com
880,SolarX,https://solarx.pl,
881,Solaryag,https://solaryag.pl,biuro@solaryag.pl
882,Solauto,https://www.solauto.pl,60biuro@solauto.plMenuStrona
883,Solcity,https://solcity.pl,biuro@solcity.pl
884,Soldar,https://soldar.pl,
885,Solego,https://solego.pl,
886,Soleko Polska,https://www.kolektory.com,info@kolektory.com
887,Soleo PV,https://soleopv.pl,biuro@soleopv.plInwestycjeJe
888,Soleos,https://soleos.pl,49Napiszinfo@soleos.plSPOTKAJMY
889,Solgen,https://solgen.pl,biuro@solgen.pl
890,Solgro,https://solgro.pl,
891,Solid Sun,https://solidsun.pl,
892,Solidni Elektrycy,https://solidnielektrycy.pl,
893,Solight,https://www.solight.pl,
894,Solisys,https://solisys.pl,
895,Sollab,https://sollab.pl,biuro@sollab.pl
896,Solowoltaika,https://solowoltaika.pl,
897,Solpax,https://www.solpax.pl,biuro@solpax.eu
898,Solpower,https://solpower.com.pl,info@solpower.com.pl
899,SolSafe,https://solsafe.pl,Solsafe@Solsafe.pl
900,Solsum,https://solsum.pl,biuro@solsum.pl
901,Solsystem,https://solsystem.pl,info@solsystem.pl
902,Soltar Energia,https://www.soltarenergia.pl,kontakt@soltarenergia.pl
903,Soltech Energy,https://www.soltechenergy.pl,kontakt@soltechenergy.pl
904,Soltra,https://soltra.pl,
905,Solum Service,https://solumservice.com,biuro@solumservice.com
906,SolVolte,https://www.solvolte.pl,
907,Somaya,https://www.somaya.pl,biuro@somaya.pl
908,Somergy,https://www.somergy.pl,
909,SonoEnergia,https://pv.ameripol.pl,andrzej.i@ameripol.pl
910,Soon Energy,https://www.soonenergy.pl,
911,Spec Solar,https://specsolar.pl,
912,Specsun,https://specsun.pl,
913,Spectris Energy,https://www.spectrisenergy.com,
914,SPR Polska,https://spr-polska.eu,kontakt@spr-polska.eu
915,Sraga Fotowoltaika,http://www.pvsraga.pl,
916,Storch,https://www.storchsp.com,
917,Sun Crew,https://suncrew.pl,892-148-60-59info@suncrew.pl
918,Sun Eco,https://suneco.com.pl,
919,Sun Eko Energy,https://sunekoenergy.com.pl,dt@sunekoenergy.com.pl
920,Sun Electric Polska,https://sunelectric.pl,biuro@sunelectric.com.pl
921,Sun Energy Solutions,https://www.sunes.pl,redakcja@sunes.pl
922,Sun Flash Energy,https://sunflash.pl,biuro@sunflash.pl
923,Sun Gallo,https://sungallo.pl,kontakt@sun-gallo.pl
924,Sun Gift,https://sungift.pl,pomoc@premium.pl
925,Sun Home Fotowoltaika,https://www.sunhome.com.pl,
926,Sun Impact,https://www.sunimpact.pl,
927,Sun Invest,https://suninvest.pl,biuro@suninvest.pl
928,Sun Project,http://sunproject.com.pl,biuro@sunproject.com.pl
929,Sun Smart,https://sunsmart.pl,biuro@sunsmart.pl
930,Sun Valley Energy,https://www.sunvalley.pl,Bok@sunvalley.pl
931,Sun-Core,https://tech-fotowoltaika.pl,kontakt@tech-fotowoltaika.pl
932,Sun-Invest,https://www.sun-invest.pl,
933,Sun-Pro,https://sunpro.com.pl,biuro@sunpro.com.plSun
934,Sun4You,https://www.sun4you.pl,
935,Sunblast,https://sunblast.pl,fotowoltaika@sunblast.pl
936,SunCurrent,https://suncurrent.pl,suncurrent@masters.com.pl
937,Sunday Polska,https://sundaypolska.pl,biuro@sundaypolska.pl
938,Sundea,https://sundea.pl,biuro@sundea.pl
939,Sunector,https://sunector.pl,seweryn.zajaczkowski@sunector.pl
940,SunErgo,https://sunergo.pl,kontakt@sunergo.pl
941,Sunexpert,https://sun-expert.pl,
942,Sunfeel Energy,https://sunfeel.pl,biuro@sunfeel.pl
943,SunGrant,https://sungrant.pl,biuro@sungrant.pl
944,SunGreen,https://sungreen.com.pl,kontakt@sungreen.com.pl
945,SunKing,https://sunking.pl,kontakt@sunking.pl
946,SunKlim,https://sunklim.pl,biuro@sunklim.pl
947,SunlightPro,https://sunlightpro.pl,
948,SunLiner,https://www.sunliner.pl,biuro@sunliner.pl
949,Sunmedia,https://sunmedia.pl,
950,Sunpark,https://www.sunpark.pl,janusz@037.pl
951,Sunrise,https://sunrisefotowoltaika.pl,biuro@sunrisefotowoltaika.pl
952,SunSky Energy,https://sunsky.pl,biuro@sunsky.plDla
953,SunSol,https://sunsol.pl,biuro@sunsol.pl
954,SunSystem – Fotowoltaika,https://www.sunsystem.pl,kontakt@sunsystem.pl
955,SunTrack,https://suntrack.pl,info@suntrack.pl
956,Suntrans,https://www.suntrans.pl,biuro@suntrans.plPolityka
957,Suntrio,https://www.suntrio.pl,biuro@suntrio.pl
958,SunUp,https://sunup.pl,biuro@sunup.pl
959,Sunver,https://www.sunver.pl,sunver@sunver.pl
960,sunVest,https://sunvest.com.pl,
961,Sunvival,https://sunvival.pl,
962,Super Moc,https://supermoc.pl,biuro@supermoc.pl
963,Supraterm,https://www.supraterm.pl,
964,SWE,https://www.swenergia.pl,info@swenergia.pl
965,Swiat Fotowoltaiki,https://www.fotowoltaika.biz.pl,biuro@fotowoltaika.biz.pl
966,Synergio,https://www.synergio.pl,biuro@synergio.pl
967,Synteza,https://syntezaoze.pl,biuro@syntezaoze.pl
968,System Eco,https://system-eco.pl,
969,System Plus,https://www.systemplus.krakow.pl,
970,Systemy Pasywne,https://systemy-pasywne.pl,biuro@systemy-pasywne.pl
971,T&T Proenergy,https://ttproenergy.pl,biuro@ttproenergy.pl
972,Talo Energy,https://taloenergy.pl,pawel@taloenergy.pl
973,Tani Prąd,https://www.taniprad.org.pl,kontakt@taniprad.org.pl
974,TanieGrzanie,https://taniegrzanie.eu,biuro@taniegrzanie.eu
975,Tare,https://tare.pl,
976,Targen,https://www.targen.pl,
977,Tarwat,https://tarwat.pl,
978,TEC,https://tec.com.pl,
979,Techion,https://techion.com.pl,
980,Technika-Solarna,https://technika-solarna.com,biuro@technika-solarna.com
981,Techspec,https://www.techspec.koszalin.pl,biuro@techspec.koszalin.pl
982,Telbest,https://telbest.pl,telbest@wp.pl
983,Telgam,https://www.telgam.pl,
984,Telzas,https://www.telzas.com,750info@telzas.comWrite
985,Teplo,https://teplo.pl,biuro@teplo.pl
986,Teraz Słońce,https://terazslonce.pl,
987,TermoFol,https://www.termofol.pl,biuro@termofol.pl
988,Thermo House System,https://thsystem.pl,biuro@thsystem.pl
989,Thermo Vitae,https://thermo-vitae.eu,
990,Timo-T,http://timo-t.pl,
991,TM Elektro,https://tmelektro.pl,
992,Tom-El,https://tom-el.pl,tjankow@onet.pl
993,Tom-Ener,https://tom-ener.pl,biuro@tom-ener.pl
994,Tomex Instalacje,https://tomex-grzanie.pl,
995,Toplan,https://www.toplan.pl,biuro@toplan.pl
996,Tranz-Tel,https://tranztel.com.pl,biuro@tranztel.com.pl
997,Tre-Elektryk,https://www.treelektryk.pl,treelektryk@gmail.com
998,Trigeo,http://oszczednegrzanie.pl,
999,Trip Energy,https://tripenergy.pl,biuro@tripenergy.pl
1000,TriSolar,https://trisolar.pl,886kontakt@trisolar.plFotowoltaika
1001,Trojan Tecnika Grzewcza,https://tro-jan.pl,trojanskia@tro-jan.pl
1002,TS Energy,https://www.tsenergy.com.pl,kontakt@tsenergy.com.pl
1003,Twoja Energia,https://www.twojaenergia.pl,biuro@twojaenergia.plAby
1004,Twoja Energia,https://walusiakroczyny.pl,biuro@walusiakroczyny.plWalusiak
1005,Undersun,https://undersun.pl,
1006,Uni-Bau,http://uni-bau.eu,solar@uni-bau.eu
1007,Unima Energia,https://www.unimaenergia.pl,bok@unimaenergia.pl
1008,Unisystemy,https://www.unisystemy.pl,
1009,Van Com,https://vancom.bydgoszcz.pl,
1010,Vegacom,http://www.vegacom.pl,sekretariat@vegacom.pl
1011,Venster,https://venster.pl,biuro@venster.pl
1012,Versol,https://versolgroup.com,mail@versol.ae
1013,Viomax Energia,https://viomaxenergia.pl,
1014,Virtech,https://virtech.pl,
1015,Virtus Sun,https://virtussun.pl,biuro@virtussun.pl
1016,VitoVolt,https://vitovolt.pl,biuro@vitovolt.pl
1017,Voltaic System,https://voltaicsystem.pl,biuro@voltaicsystem.pl
1018,Voltaik Ekspert,https://www.voltaik-ekspert.pl,194biuro@voltaik-ekspert.pl
1019,Voltaix,http://voltaix.pl,
1020,Voltano,https://www.voltano.pl,biuro@voltano.pl
1021,Voltes,https://www.voltes.pl,500kontakt@voltes.plNIP
1022,Volton,https://voltonoze.pl,biuro@voltonoze.pl
1023,Voltspot,https://www.voltspot.pl,704biuro@voltspot.plCopyright
1024,Voltsystem,http://voltsystem.pl/,kontakt@voltsystem.pl
1025,Voolt,https://voolt.pl,biuro@voolt.pl
1026,Vosti,https://vosti.pl,kontakt@vosti.pl
1027,Votum Energy,https://votumenergy.pl,
1028,Wa.Sz.Dac,https://waszdach.pl,sprzedaz@waszdach.plCzekamy
1029,Waben,https://waben.pl,
1030,Walton Consulting,http://waltonconsulting.pl,
1031,Wasser Mann,https://wassermann.pl,biuro@wassermann.pl
1032,Wasta,https://wasta.com.pl,Group-1@2x.png
1033,Waty,https://waty.com.pl,biuro@waty.com.pl
1034,Wenterm,https://wenterm.pl,
1035,Westwind Solar,https://www.w-solar.pl,
1036,Wholesale Electrotechnical Electric,http://electric.pl/,sklep@electric.pl
1037,Wiatro-Solar,https://wiatrosolar.pl,biuro@wiatrosolar.pl
1038,Wichary Technic,https://wicharytechnic.pl,biuro@wicharytechnic.pl
1039,Wiscop,https://wiscop.pl,biuro@wiscop.pl
1040,Wise Solution,https://wisesolution.pl,biuro@wisesolution.plal
1041,Wloch,https://zimnocieplo.pl,biuro@zimnocieplo.pl
1042,Własna Energia,https://wlasnaenergia.eu,
1043,Wodan,https://www.wodantech.pl,biuro.wodan@gmail.com
1044,Wojtanowicz,https://wojtanowicz.net,biuro@wojtanowicz.netSzukaj
1045,Wojtmar,https://wojtmar.com.pl,kontakt@wojtmar.com.pl
1046,WOLAS Dobra Energia,https://www.wolas.pl,
1047,Woltanic,https://woltanic.pl,biuro@woltanic.pl
1048,Womar,https://womar.info,biuro@womar.info
1049,Womar,http://www.womar.com,sprzedaz@womar.com
1050,WP Energy,https://wpenergy.pl,
1051,WPM Tech,https://www.wpmtech.pl,
1052,X-Solar,https://www.x-solar.pl,464biuro@x-solar.plFacebookOpinie
1053,Yugo Solar,https://yugo.solar,
1054,Z-Energy,https://www.premium-zenergy.pl,biuro@z-energy.pl
1055,Zaxon SEM,https://zaxonsem.pl,biuro@zaxonsem.pl
1056,Zene,https://zene.pl,info@zene.pl
1057,Zeneris Projekty,https://zenerisprojekty.pl,biuro@zenerisprojekty.pl
1058,Zenit,https://zenitfotowoltaika.pl,170biuro@zenitfotowoltaika.pl
1059,ZenitSolar,https://zenitsolar.pl,004biuro@zenitsolar.pl
1060,Zerowat,https://zerowat.pl,100725289kontakt@zerowat.pl
1061,Zers,https://www.zers.pl,biuro@zers.pl
1062,Zielona Energia,https://zielonaenergia.pro,
1063,Zielona Energia,https://zielonae.pl,biuro@zielonae.pl
1064,Zielona Firma,https://www.zielona-firma.biz,kontakt@zielona-firma.biz
1065,Zielona Planeta,https://www.zielona-planeta.pl,r_energy@mail.co
1066,Zielona-Energia.com,https://zielona-energia.com,
1067,Zielony Prąd,https://zielonyprad.eu,
1068,zielonyVOLT,http://www.zielonyvolt.pl,792-426-426biuro@zielonyvolt.pl
1069,Zimmermann-Haus,https://www.zimmermann-haus.pl,
1070,ZISO,https://ziso.net.pl,
1071,Ziterm,https://ziterm.pl,wojciech@ziterm.pl
1072,ZRE Trafo,https://trafoinstal.pl,biuro@trafoinstal.pl
1073,ZremBud,https://zrembud.com,piotr.erbel@zrembud.com
1074,Zuea Białowski,https://foto-solar.pl,zueautomatyka@gmail.com
