Number,Company Name,Company Website,Email
1,1000 Sonnen-Dächer Swiss,https://1000-sonnen-daecher.ch,info@1000-sonnen-daecher.ch
2,3A Elektro,https://3a-elektro.ch,
3,A Bis Z Elektroanlagen,http://www.iwi.ch/abisz/start.php,info@abiszelektro.ch
4,A. Kuster,http://www.a-kuster.ch,
5,A.F. SolarPro,http://www.afsolarpro.ch,support@webador.de
6,A+B Flachdach,https://www.abflachdach.ch,team@abflachdach.ch
7,ABC Solar,https://abcsolar.ch,mail@abcsolar.ch
8,ABEGG Haustechnik,https://abegg.ch,info@abegg.ch
9,AC / DC Solar + Elektro,https://www.solarundelektro.ch,info@solarundelektro.ch
10,Ackermann,http://www.ackermannag.ch,88office@ackermannag.ch
11,Ackermann Gebäudehüllen,https://www.ackermann-gebaeudehuellen.ch,info@ackermann-gh.ch
12,Activ Solar Schweiz,http://activ-solar.ch/,
13,ADEV,https://www.adev.ch,info@adev.ch
14,ADR Toitures,https://adr.ch,info@adr.ch
15,AEK,https://www.aek.ch,
16,Aellen Elektrotechnik,https://www.aellenelektrotechnik.ch,
17,Aeschlimann Dachtechnik,https://www.as-tech.ch,
18,AFM,https://afm-energie.ch,
19,Agena,https://www.agena-energies.ch,agena@agena-energies.ch
20,AIO-Solar,https://www.aio-solar.ch,info@aio-solar.ch
21,Albasolar,https://www.albasolar.ch,
22,Albrecht & Bolzli,https://albo.ch,FacebookInstagraminfo@albo.ch
23,Alectron,https://www.alectron.ch,info@tritec.ch
24,Alenergy Invest,https://www.alenergy.ch,jobs@alenergy.chVollst
25,alenso,http://www.alenso.ch,info@alenso.ch
26,Alex Gemperle,https://www.gemperle.ch,mail@gemperle.ch
27,Allenbach Holzbau und Solartechnik,https://www.solarholzbauer.ch,info@solarholzbauer.ch
28,Allsol,https://allsol.ch,
29,Alsol,https://alsol.ch,info@alsol.ch
30,Alsolis,https://www.alsolis.ch,info@alsolis.ch
31,Alteno Solar,https://www.altenosolar.ch,
32,Altersol,http://www.altersol.ch,
33,Altherr Urnäsch,https://www.altherrag.ch,
34,Amaudruz,https://www.amaudruz.ch,
35,AMAX Energie,http://www.amax-energie.ch,
36,Ammann Elektro,https://www.ammann-elektro.ch,info@ammann-elektro.ch
37,Ammann Solar,https://ammann-solar-ag.ch,76info@ammann-solar-ag.chwww.ammann-solar-ag.ch
38,Ampere Dynamic,https://www.ampere-dynamic.ch,office@ampere-dynamic.ch
39,AMS Solar,https://ams-solar.ch,info@ams-solar.ch
40,Amsler Solar,https://www.amsler-solar.ch,
41,Andrist Elektro,http://www.andrist-elektro.ch,info@andrist-elektro.ch
42,Apak Energy,https://www.apakenergy.ch,605a7baede844d278b89dc95ae0a9123@sentry-next.wixpress.com
43,Appenzeller Energiekonzept,https://www.energiekonzept.ai,info@energiekonzept.ai
44,AR Electricité SA,https://arelectricite.ch,
45,Arres,https://www.arres.ch,
46,Artho Holz,https://artho-ag.ch,
47,As-automotion,http://www.as-automotion.ch,
48,ATE Electricité,https://www.ate-electricite.ch,
49,Atelier Solaire,https://ateliersolaire.ch,
50,AutoSolar,https://autosolar.ch,
51,Aventron,https://www.aventron.com,
52,AWS Solar,https://aws-solar.ch,
53,Axova,https://www.axova.ch,
54,Bachmann Elektro,http://www.bachmann-elektro.ch,
55,Baeriswyl,https://www.baeriswyl-ag.ch,
56,Baillod,https://www.electricien-verbier.ch,
57,Bau Fair,https://bau-fair.ch,
58,Baumann Bau-Spenglerei,https://www.bau-spenglerei.ch,mail@bau-spenglerei.ch
59,Baumann Elektro,https://www.baumannelektro.ch,info@baumannelektro.ch
60,Baur,https://baurdach.ch,baur@baurdach.ch
61,Bautherm Flachdach Spenglerei,http://www.bautherm-dach.ch,
62,Be Netz,https://www.benetz.ch,
63,Bedachungen Rohrer,https://www.rohrer-dach.ch,
64,BeerBigliel,https://www.beerbigliel.ch,
65,Bekag Kamine,https://bekag-kamine.ch,
66,Belevo,https://www.belevo.ch,info@belevo.ch
67,Beoelektriker,http://beoelektriker.ch/,
68,Beosolar,https://www.beosolar.ch,info@beosolar.ch
69,Bergamin,https://www.bergamindach.ch,
70,Berger Boiler-Service,https://www.boiler-service.ch,00berger@boiler-service.ch
71,Bernhard Polybau,https://www.bernhard-group.ch,info@bernhard-group.ch
72,Bichler,https://bichler.ch,
73,Billod,http://www.billod.ch,
74,Bingesser Huber Elektro,https://www.bingesserhuber.ch,
75,Bischofberger Bedachungen,https://www.bischofbergerdach.ch,605a7baede844d278b89dc95ae0a9123@sentry-next.wixpress.com
76,Blanchard Iso Solar,http://www.isosolar.ch,info@isosolar.ch
77,Blanke Automation,https://blanke.ch,
78,Bloom Energy,https://www.bloom-energy.ch,605a7baede844d278b89dc95ae0a9123@sentry-next.wixpress.com
79,BluEnergy,https://www.bluenergy.ch,
80,Böller,https://www.boeller-holzbau.ch,
81,Brändle Gebäudehüllen,https://braendleag.ch,
82,Breu,https://www.breuag.com,
83,Brighthouse,https://www.brighthouse.ch,
84,Britt Haustechnik,https://www.britt-haustechnik.ch,
85,Broder,https://broder.ch,
86,Brun,https://www.brun-ag.ch,
87,Brun-elektro,https://www.brun-elektro.ch,
88,Brunner,https://www.brunnerzimmerei.ch,
89,Brunner+Imboden,https://www.brunnerimboden.ch,
90,BS Strohmeier,https://strohmeier-ag.ch,
91,BTsun,https://www.btsun.ch,
92,Bühler Bedachungen und Bauspenglerei,https://buehler-dach.ch,
93,Bühler Electricité,https://www.bem.ch,
94,Buholzer Marcel,https://buholzermarcel.ch,info@meisterdach.ch
95,Bührer Elektro Telematik,https://www.buehrer-elektro.ch,mail@buehrer-elektro.ch
96,Bürge Haustechnik,https://www.buerge-haustechnik.ch,20info@buerge-ht.ch
97,Buri Kaufmann,https://www.buri-kaufmann.ch,info@buri-kaufmann.ch
98,Burkhalter Holding,https://www.burkhalter.ch,info@burkhalter.ch
99,Burkhardt,https://www.burkhardtag.ch,
100,Burlet-Bau,https://burlet-bau.ch,info@burlet-bau.ch
101,Burri Elektro + Solar,http://www.burrielektrosolar.ch,martin.burri@burrielektrosolar.ch
102,Bütler Elektro Telecom,https://www.buetler-elektro.ch,info@buetler-elektro.ch
103,BZA AG Solar,https://www.bza-ag.ch,
104,CAP Energie,https://www.cap-energie.ch,info@cap-energie.ch
105,CB Elektro,https://www.cb-elektro.ch,
106,Centorbi Electrotecnic,https://www.centorbi.ch,605a7baede844d278b89dc95ae0a9123@sentry-next.wixpress.com
107,Cerutti Toitures,https://cerutti-toitures.ch,77info@cerutti-toitures.ch
108,Ch-Solar,https://www.ch-solar.ch,
109,CKW,https://www.ckw.ch,
110,Clavien Fabrice,https://fabriceclavien.ch,fabrice.clavien@netplus.chHORAIRES
111,Clement Elektro,https://www.clement-elektro.ch,info@clement-elektro.ch
112,Clevergie,https://clevergie.ch,DatenschutzImpressumDatenschutzrichtlinienKontaktinfo@clevergie.ch
113,Coutaz,http://www.coutaz.ch,
114,CREA Energy,https://www.creaenergy.ch,info@creaenergy.ch
115,Creasolar.Ch,https://www.creasolar.ch,caspar.mueller@ecomaro.chAutres
116,Crottet,https://crottet.ch,info@crottet.ch
117,D. Hodel Elektro,http://www.hodel-elektro.ch,d.hodel@hodel-elektro.ch
118,Dach und Solar,https://www.dachundsolar.ch,70info@dachundsolar.ch
119,David Sun,http://www.davidsun.ch,info@davidsun.ch
120,DDE,https://dd-energy.com,info@dd-energy.com
121,DeinSolar,https://deinsolar.ch,
122,Despond Entreprises,https://www.despond-entreprises.ch,
123,DHP Technology,https://www.dhp-technology.ch,info@dhp-technology.ch
124,Die Gälbe,https://www.lwa.ch,
125,Dimension Solaire,https://www.dimension-solaire.ch,00info@dimension-solaire.ch
126,Dolder Elektro,https://www.dolder-elektro.ch,info@dolder-elektro.ch
127,Dransenergie,https://www.dransenergie.ch,jean.dupont@gmail.com
128,Ducommun Construction Bois,https://ducommunbois.ch,mickael@ducommunbois.ch
129,Dürig+Partner,http://www.duerigundpartner.ch,info@duerigundpartner.ch
130,Dynatex,https://www.dynatex.ch,
131,E-ME Energies,https://www.emeenergies.ch,
132,E-Solaire,https://www.e-solaire.ch,info@e-solaire.ch
133,e-wende.ch,https://www.e-wende.ch,info@e-wende.ch
134,E. Jörg,https://www.joergag.ch,tterkindeninfo@joergag.chHauptnummer
135,E. Kunz,https://kunzag.ch,ningenSchweizelektro@kunzag.ch
136,Eco Energie,https://www.ecoeap.ch,
137,Eco Solar,https://www.eco-solar.ch,
138,Eco Soluce,https://eco-soluce.ch,info@eco-soluce.ch
139,Eco-Optimum,https://www.eco-optimum.ch,
140,Eco2 Energie Sàrl,https://www.belec.ch,
141,ecoEn,https://ecoen.ch,info@ecoen.ch
142,eConnect,https://www.econnect.ch,info@econnect.ch
143,Ecoplus Energie,https://ecoplus-energie.ch,
144,Ecosinergie Tienergy,https://www.ecotienergy.com,info@ecotienergy.com
145,EcoSol Swiss,https://www.ecosolswiss.ch,support@webador.de
146,ecosun,https://ecosun-ag.ch,
147,Edion,https://edion.ch,info@edion.ch
148,Edisun Power Europe,https://www.edisunpower.com,nour@kalmoya.com
149,EEV,https://www.electro-partner.ch,info@eev.ch
150,efinio,https://www.efinio.com,
151,Efisol,https://www.efisol.ch,
152,EGch,https://www.energiegenossenschaft.ch,
153,Eglin,https://www.eglin.ch,info@eglin.ch
154,Ehrenberg Elektro,https://www.ehrenberg.ch,
155,Eigenmann,https://eigenmann-ag.ch,info@eigenmann-ag.ch
156,EKZ,https://www.ekz.ch,
157,EKZ Eltop,https://www.ekzeltop.ch,info@ekzeltop.chTelefonische
158,ELBAG,https://elbag.ch,info@elbag.ch
159,Electro Bart,https://www.electrobart.ch,605a7baede844d278b89dc95ae0a9123@sentry-next.wixpress.com
160,Electro-Sol,https://www.electrosol.ch,Cossonayinfo@electrosol.ch
161,ElectroSolar,https://www.electrosolar.ch,info@electrosolar.ch
162,Elektra,https://www.elektra.ch,kundenservice@elektra.ch
163,Elektrik Markus Wenger,https://www.elektrik-wenger.ch,info@elektrik-wenger.ch
164,Elektrizitätswerk Jona-Rapperswil,https://ewjr.ch,
165,Elektro Abend,https://www.energiecenter-abend.ch,62info@energiecenter-abend.ch
166,Elektro Ackermann,https://www.elacki.ch,info@elacki.ch
167,Elektro AGZ,http://elektroagz.ch,mail@elektroagz.ch
168,Elektro B,https://elektro-b.ch,60info@elektro-b.ch
169,Elektro Beyeler,https://solarfreiamt.ch,
170,Elektro Binder,https://www.elektrobinder.ch,Eggerc.egger@elektrobinder.ch
171,Elektro Blaser,https://elektroblaser.ch,elektroblaser@elektroblaser.ch
172,Elektro Bommer,https://www.elektrobommer.ch,
173,Elektro Börner,https://www.elektro-boerner.ch,
174,Elektro Brönnimann,https://brönnimann.swiss,
175,Elektro Bürgin,https://elektro-buergin.ch,
176,Elektro Danuser,https://www.elektro-danuser.ch,31info@elektro-danuser.ch
177,Elektro Eisenegger,https://elektro-eisenegger.ch,info@elektro-eisenegger.ch
178,Elektro Etter+Livet,https://etterlivet.ch,
179,Elektro Fries,https://www.elektrofries.ch,
180,Elektro Furrer,https://www.elektrofurrer.ch,info@elektrofurrer.ch
181,Elektro Gander,https://elektro-gander.ch,info@elektro-gander.ch
182,Elektro Grogg,https://elektro-grogg.ch,info@elektro-grogg.ch
183,Elektro Gyger,https://elektro-gyger.ch,info@elektro-gyger.ch
184,Elektro H. Christen,http://www.emmental-elektro.ch,haj.christen@bluewin.ch
185,Elektro Haldemann,https://www.elektrohaldemann.ch,mail@milianw.de
186,Elektro Hänseler,https://www.haenseler-ag.ch,info@haenseler-ag.ch
187,Elektro Illi,https://www.elektro-illi.ch,info@elektro-illi.ch
188,Elektro Imboden,https://www.elektro-imboden.ch,u.imboden@elektro-imboden.chEidg
189,Elektro Kessler,https://stromer-schwyz.ch,mailinfo@stromer-schwyz.ch
190,Elektro Linder,https://elektro-linder.ch,
191,Elektro Lumen,https://elektro-lumen.ch,info@elektro-lumen.ch
192,Elektro Lüscher & Zanetti AG,https://www.elzag.ch,Muheninfo@elzag.ch
193,Elektro Meister,https://www.elektromeister.ch,
194,Elektro Mischler,https://elektromischler.ch,63info@elektromischler.chKontaktformular
195,Elektro Naegelin,http://elektro-naegelin.ch/,info@elektro-naegelin.ch
196,Elektro Neidhart,https://www.elektro-neidhart.ch,info@elektro-neidhart.ch
197,Elektro Nottwil,https://www.elektro-nottwil.ch,info@elektro-nottwil.ch
198,Elektro Ottinger,https://www.elektroottinger.ch,info@elektroottinger.ch
199,Elektro Peter,https://www.elektro-peter.ch,info@elektro-peter.ch
200,Elektro Rhyner,https://www.erag.ch,info@erag.ch
201,Elektro Schmidli,https://www.elektroschmidli.ch,46mail@elektroschmidli.ch
202,Elektro Seftigen,https://www.elektro-seftigen.ch,info@elektro-seftigen.ch
203,Elektro Strub,https://www.elektrostrub.ch,
204,Elektro Ueli,https://elektroueli.ch,
205,Elektro Unfried,http://www.elektro-unfried.ch,info@elektro-unfried.ch
206,Elektro Wild+Barmettler,https://www.wildbarmettler.ch,60info@wildbarmettler.chBeckenriederstrasse
207,Elektro Wüthrich & Flückiger,https://www.wuethrich-flueckiger.ch,info@wuethrich-flueckiger.ch
208,Elektro Wyler,https://www.elektro-wyler.ch,elektro@elektro-wyler.ch
209,Elektro Zurbrügg,https://elektro-zurbruegg.ch,info@elektro-zurbruegg.ch
210,Elektro Zürcher,http://www.elektrozuercherag.ch,
211,Elektro-Fierz,https://www.elektro-fierz.ch,
212,Elektro-Telecom Rolf Niklaus,http://www.niklaus-elektro.ch,info@et-knapp.ch
213,Elektrobedarf Troller,https://www.elektrobedarf.ch,
214,Elektromueller,https://elektromueller.ch,info@elektromueller.ch
215,Elentec,https://www.elentec.ch,00info@elentec.ch
216,Elettricità Bronz,https://www.ecoelettrica.ch,solare@bronz.ch
217,Elosolar,https://www.elosolar.ch,chp@chp-elektro.com
218,Eltanorm,https://eltanorm.ch,
219,Eltech-System,https://www.eltech-system.ch,
220,Emch+Berger,https://www.emchberger.ch,
221,Energie Solaire Suisse,https://energiesolaire-suisse.ch,
222,Energiebüro,https://www.energieburo.ch,10office@energieburo.chLageplanEnergieb
223,Energy Unlimited,https://www.energyunlimited.ch,00info@energyunlimited.chAnfahrtVerkaufsb
224,EnergyOptimizer,http://energyoptimizer.ch,info@energyoptimizer.ch
225,Eniwa,https://www.eniwa.ch,
226,Enpro Energiearchitekten,https://www.en-pro.ch,mail@en-pro.ch
227,EnR Léman,https://enrleman.ch,info@enrleman.ch
228,Eosono,https://www.eosono.ch,
229,Ernst Gürtler,https://guertler-elektro.ch,info@guertler-elektro.ch
230,Ernst Schweizer,https://www.ernstschweizer.ch,
231,ERSAP Energie,http://www.ersap.ch,info@ersap.ch
232,Esotec,https://esotec.ch,info@esotec.ch
233,Etavis,https://www.etavis.ch,
234,Etrion,https://etrion.com,
235,Euro Photovoltaik,http://www.europhotovoltaik.com,info@euro-photovoltaik.ch
236,Eurodach,https://www.eurodach.ch,
237,Eusolar Energy,https://www.eusolar.ch,info@eusolar.ch
238,EvoSun,https://evosun.ch,info@evosun.ch
239,EW Buch,http://www.ewbuchs.ch,33info@ewbuchs.chAngebotWasserStromTelekommunikation
240,EW Höfe,https://www.ewh.ch,
241,EW Wald,https://www.ew-wald.ch,info@ew-wald.ch
242,EWA-energieUri,https://www.energieuri.ch,mail@energieuri.ch
243,Ewald Gattlen,https://gattlen.ch,info@gattlen.ch
244,EWO,https://ewo.ch,info@ewo.ch
245,EWS,https://ews.ch,
246,EWZ,https://www.ewz.ch,
247,F. Hubmann,https://www.hubmann-bedachungen.ch,info@hubmann-bedachungen.ch
248,Fankhauser Solar,https://www.fankhauser-solar.ch,
249,Fasel Electro,https://www.fasel-electro.ch,
250,Federer Elektrotechnik,https://elektrofederer.ch,info@elektrofederer.ch
251,Ferrari Group 77,https://www.fg77.ch,
252,Feusi Électricité,https://www.feusi-electricite.ch,36info@feusi-electricite.chDirection
253,Finergy,https://www.finergy.ch,00Mailcontact@finergy.chEntrepriseAccueilBlogProduitsContactR
254,Flavio Togni,https://www.togni.com,info@togni.com
255,Flückiger Electricité,https://www.fluckigersa.ch,info@fluckigersa.ch
256,Frehner Holzbau,https://www.frehnerholzbau.ch,00info@frehnerholzbau.ch
257,Frey Electric,http://www.freyelectric.ch,14info@freyelectric.ch
258,Fritz Gresser,https://www.gresser-ag.ch,info@gresser-ag.chtel
259,Fuchs Solar,http://www.fuchssolar.ch,
260,Fürer Holzbau,https://www.fuerer-holzbau.ch,info@fuerer-holzbau.chTelefon
261,Furrer Solartechnik,https://furrer-solartechnik.ch,service@furrer-solartechnik.ch
262,Fyrosol,https://www.fyrosol.ch,
263,G&O Sunsolutions,http://sunsolutions.ch,info@sunsolutions.ch
264,Gall Elektro,http://www.gall-elektro.ch,
265,Gama AG Photovoltaik,https://gama-pv.ch,info@gama-pv.ch
266,Gasser + Bertschy Elektro,https://www.gb-ag.ch,info@gb-ag.ch
267,GBH,https://gbh-bern.ch,info@gbh-bern.ch
268,GC Energie,https://gcenergie.ch,info@gcenergie.ch.fusion
269,Gebr. Willi Elektro,https://www.willi-elektro.ch,info@willi-elektro.ch
270,Gebrüder Brand,https://www.brand-haustechnik.ch,info@brand-haustechnik.ch
271,Gemeindewerke,https://www.gemeindewerke-erstfeld.ch,info@gemeindewerke-erstfeld.ch
272,Genos Energie,https://www.genos.ch,kundencenter@regioenergie.ch
273,Georg Egli,https://www.georg-egli.ch,info@georg-egli.ch
274,Gerber H.P. Elektro,https://gerberelektroag.ch,11info@gerberelektroag.ch
275,Gerber Holzbau Bern,http://www.gerber-holzbau.ch,
276,GGS,https://www.ggs-holzbau.ch,info@ggs-holzbau.ch
277,Glattal Installationen,https://www.glattal-elektro.ch,info@glattal-elektro.ch
278,Gleichung,https://gleichung.ch,
279,Gloor + Baumann Holzbau,https://www.gloor-baumann.ch,
280,Gmür,http://www.gh-gmuer.ch,info@gh-gmuer.ch
281,Go Solar,https://solarenergy-shop.ch,info@solarenergy-shop.ch
282,Goldenberger Elektro,https://www.goldenberger.ch,info@goldenberger.ch
283,Gort Solar,https://www.gortsolar.ch,tg@gortsolar.ch
284,Götz Elektro,https://www.goetz-elektro.ch,info@goetz-elektro.chStandort
285,Graf + Magnenat,https://grafsanitaer.ch,info@grafsanitaer.ch
286,Grau Electricité,https://www.grau-electricite.ch,
287,Green Enesys,https://www.greenenesys.com,
288,Greenkey,https://www.greenkey.ch,info@greenkey.ch
289,Grimm Solartechnik,https://grimm-solar.ch,info@grimm-solar.ch
290,Grob,http://grob-ag.ch,
291,Groupe E,https://www.groupe-e.ch,
292,Grüter Hans,https://www.grueterag.ch,info@grueterag.ch
293,GSE,https://www.greensolarenergy.ch,info@greensolarenergy.ch
294,GTS Solar,https://www.gts-solar.ch,info@gts-group.ch
295,Gunep,https://www.gunep.ch,info@gunep.ch
296,H. Lenz,https://www.lenz.ch,info@lenz.ch
297,H. P. Hebeisen Heizung und Sanitär,https://hebeisenag.ch,49info@hebeisenag.ch
298,Habit’Avenir,https://habitavenir.ch,
299,Hablützel,https://www.habluetzel.ag//,info@habluetzel.ag
300,Hablützel Haustechnik,http://www.habluetzel-haustechnik.ch,
301,Hartmann Solartechnik,https://hartmann-solar.ch,
302,Härz,https://haerz.swiss,info@haerz.swissTelefon
303,Hasler + Reinle,https://hasler-reinle.ch,info@hasler-reinle.ch
304,Haustechnik Oppliger,https://www.oppliger.com,thomas@oppliger.com
305,Hediger,https://www.hediger.ch,info@hediger.ch
306,Heidi Solar,https://www.heidi-solar.ch,support@webador.fr
307,Heinz Gertsch,https://gertsch-ag.ch,
308,Heinz Schmid,https://www.heinz-schmid.ch,info@heinz-schmid.chAGBs
309,Heizplan,https://www.heizplan.ch,50kontakt@heizplan.ch
310,Helion,https://www.helion.ch,
311,Helios Energies,https://helios-energies.ch,
312,Helios Solar Energie,https://helios-solar.ch,info@helios-solar.ch
313,Helvetia Energy,https://www.helvetia-energy.ch,
314,Helvetic Power,http://www.helvetic-power.ch,
315,Helvetic PV,https://www.helvetic-pv.ch,anfrage@helvetic-pv.ch
316,Helvétiqua,https://www.helvetiqua.ch,contact@helvetiqua.ch
317,Hitz Holzbau,https://www.hitzholzbau.ch,Schweizinfo@hitzholzbau.ch
318,Höchner.ch,https://www.hoechner.ch,
319,Hochuli,https://www.hochuli-holzbau.ch,mail@hochuli-gruppe.ch
320,Honegger Elektro Telecom,https://www.honegger.com,INFO@HONEGGER.COM
321,HQ Energie,https://www.hq-energie.ch,
322,Huber Dach und Wand,https://www.huber-dach-wand.ch,info@huber-dach-wand.ch
323,Hubschmied,https://www.hubschmied-ag.ch,
324,Huf Haus,https://www.huf-haus.com,huf-dorf@huf-haus.com
325,Huser Gebäudetechnik,https://www.huser-gebaeudetechnik.ch,
326,Husner,https://www.husner.ch,info@husner.ch
327,Hustech Installations,https://www.hustech.ch,info@hustech.ch
328,HWS Brenner und Heizsysteme,https://h-ws.ch,
329,I-Watt,https://www.i-watt.ch,info@i-watt.ch
330,I.ON Energy,https://www.ion-e.ch,Winterthurinfo@ion-e.chKostenloser
331,IAE,https://www.iae.ch,iae@iae.ch
332,IdroTicino,https://idroticino.ch,info@idroticino.ch
333,Iello,https://iello.ch,hello@iello.ch
334,ILB Helios Holding,https://www.ilb-helios-solar.com,41info@ilb-helios-solar.chUID
335,Inderbitzin + Kälin,https://www.iks-elektro.ch,info@iks-elektro.ch
336,Infrasolar,http://infrasolar.org,info@infra-solar.ch
337,IngEne,https://ingene.ch,info@ingene.ch
338,Insolight,https://insolight.ch,
339,Iontec,https://www.iontec.ch,info@iontec.chNiederlassung
340,ISP Electro Solutions,https://www.ispag.ch,info@ispag.ch
341,ITanet Energietechnik,https://www.itanet.ch,
342,iVolt,https://www.ivolt.ch,info@ivolt.ch
343,IWS Solar,https://www.iwssolar.ch,
344,Jadi Solar,http://jadisolarag.ch/,
345,Jaeggi Solartechnik,https://www.jaeggisolar.ch,
346,Jaisli-Xamax,https://www.jaisli-xamax.ch,info@jaisli-xamax.ch
347,Jak. Mehr,https://www.dachdecker-eigenmann.ch,roonix@gmail.com
348,JGE,https://www.jge.ch,info@jge.ch
349,Johner Elektro,http://www.johner-solar.ch,
350,Joma Solar,https://www.joma-solar.ch,info@joma-solar.ch
351,Junod Wasser + Wärme,http://www.junodag.ch,junod@junodag.ch
352,K.W. Weyermann,https://www.weyermannag.ch,
353,KA-Holzbau,http://www.ka-holzbau.ch,
354,Kabeltechnik,https://www.kabeltechnik.ch,info@kabeltechnik.ch
355,Kaegi + Rutz,https://www.kaegirutz.ch,kontakt@kaegirutz.ch
356,Kämpfer,https://kaempfer.ch,privacy@defiant.com
357,Kaufmann Elektro,https://kaufmann-elektro.ch,Wolhuseninfo@kaufmann-elektro.ch
358,Kaufmann Spenglerei + Sanitary,https://www.kaufmann-egg.ch,info@kaufmann-egg.ch
359,Kibernetik,https://kibernetik.ch,
360,Kippel,https://kippelag.ch,info@kippel-gt.ch
361,Kobler Energie,https://www.koblerenergie.ch,db@koblerenergie.chSebastian
362,Köhle Bedachungen,https://www.koehle.ch,
363,Kohler + Partner Elektro,https://www.kohlerundpartner.ch,info@kohlerundpartner.ch
364,Kolb,https://www.kolb-ag.ch,
365,Koster,https://www.kosterag.ch,
366,Koutec,https://www.koutec.com,info@koutec.com
367,Krebs,https://www.krebsag.ch,info@krebsag.ch
368,Krüsi Sicherheis- und Solartechnik,http://solar-gmbh.ch,info@solar-gmbh.ch
369,Kuhn,https://www.kuhn-ag.ch,info@kuhn-ag.ch
370,Kunz Dachtech,https://www.kunz-dachtech.ch,info@kunz-dachtech.ch
371,Kunz-solartech,https://kunz-solartech.ch,07info@kunz-solartech.chToggle
372,Kurt Lüscher,https://www.kla.ch,info@kla.ch
373,Landsrath,https://www.landsrath.ch,info@landsrath.ch
374,Landtwing Telefon und Elektro,https://www.landtwing.ch,
375,Laube-solar,http://www.laube-solar.ch,5334info@laube-solar.ch
376,LDL Energie,https://www.ldl-energie.ch,
377,Le Guide Solaire,https://leguidesolaire.ch,info@leguidesolaire.ch
378,LEC,https://www.lec.ch,
379,Lehmann,https://lehmann.ch,
380,LF Solutions,http://www.lfs.gl,Mollisinfo@lfs.gl
381,Lippuner Energie,https://www.lippuner-emt.com,posuere.lehrstellen@lippuner.chmehr
382,Lo Stanco,https://www.lostanco.ch,info@lostanco.ch
383,Lumena,https://lumena-solar.ch,solar@lumena.ch
384,Lüthi Gebäudehüllen,https://gebaeudehuellen.ch,Zuchwilinfo@gebaeudehuellen.chTel
385,Lütolf Dach und Wand,https://www.luetolf-bedachungen.ch,info@luetolf-bedachungen.chT
386,Lutz Bodenmüller,https://www.solarlutz.ch,info@solarlutz.ch
387,Luxra,https://luxra.ch,
388,LWS Wärmeservice,https://www.waermeservice.ch,info@waermeservice.ch
389,Maag & Wetli,https://www.maag-wetli.ch,
390,Macullo Solar,https://macullo-solaire.ch,22307-02-50info@macullosolar.ch
391,Magtechnique,https://www.magtechnique.ch,contact@magtechnique.ch
392,Mark Holzbau,https://www.markholzbau.ch,19info@markholzbau.ch
393,Marquart Dächer Fassadenbau,https://marquart-dach.ch,
394,Marti Elektrische,https://marti-el.ch,info@marti-el.ch
395,Matzinger,https://www.matzinger.ch,22info@matzinger.ch
396,MBRsolar,https://mbrsolar.ch,info@mbrsolar.ch
397,MCR-e,https://www.mcr-e.ch,info@mcr-e.ch
398,Meeco,https://meeco.net,info@meeco.net
399,Meierelektro,https://www.meierelektro.swiss,Solara.wydler@meierelektro.swissDirekt
400,Menegardi,https://www.menegardiag.ch,info@menegardiag.ch
401,Mons Solar,https://monssolar.ch,dpo-google@google.com
402,Montapro,https://www.montapro.ch,
403,Morisset + Partner,https://www.morisset-partner.ch,lineinfo@yourdomain.com
404,Mösch,https://www.moesch.ag,00info@moesch.agUnser
405,MT Systems,https://www.mt-systems.ch,
406,Müller Elektro Hitzkirch,https://www.muellerelektro.ch,info@muellerelektro.ch
407,Müller Polybau,https://mueller-polybau.ch,55mail@mueller-polybau.ch
408,Müller Steiger Bedachungen,https://www.muellersteiger.ch,
409,Muller Toitures,https://www.mullertoitures.ch,info@mullertoitures.ch
410,Naoenergy,https://naoenergy.ch,
411,NAU Solar Systemtechnik,https://nau-gmbh.ch,info@nau-gmbh.ch
412,New Power Energy,https://np-energy.eu,
413,Nikles Toiture,https://nikles-toiture-57.webself.net,
414,O. Kohler,https://kohler-ag.ch,info@kohler-ag.ch
415,Oberhänsli,https://www.oberhaensliag.ch,info@dont-want-spam.oberhaensliag.ch
416,OIKEN,https://oiken.ch,
417,P. Wolf,https://www.elektro-wolf.ch,
418,Paramount,https://www.paramount-saudiarabia.com,info@paramount-ag.ch
419,Paul Gisler,https://www.paulgislerag.ch,info@paulgislerag.ch
420,Perroud Electricité,http://perroud-electricite.ch,mail@perroud-electricite.ch
421,Peter Serini,https://serini.ch,info@serini.ch
422,PEVbit,https://www.pevbit.com,info@pevbit.com
423,Pezag Elektro,https://www.pezag.ch,info@pezag.ch
424,Pfiffner Elektrotechnik,https://pfiffner-et.ch,
425,PhotonicEnergy,https://photonicenergy.ch,info@photonicenergy.ch
426,Photosun,https://photosun.ch,contact@photosun.ch
427,Pikey Soley,https://www.pikey.ch,
428,Planeco,https://www.planeco.ch,info@planeco.ch
429,PlanetSolar,https://www.planetsolar.ch,jean.dupont@gmail.com
430,Polyvoltark,https://polyvoltark.ch,
431,Pomatti,https://www.pomatti.ch,
432,Pons Energia Solare,https://ponsenergiasolare.ch,emailinfo@ponsenergiasolare.ch
433,Preisig,https://www.preisig.ch,info@preisig.ch
434,PrimeEnergy Technics,https://www.prime-energy-technics.ch,info@prime-energy-technics.ch
435,Primeo Energie,https://ebm.solarlog-web.ch,
436,Pulver Dawa,https://pulverdawa.ch,info@pulverdawa.ch
437,PuraSol,https://purasol.ch,info@purasol.ch
438,Purwatt,http://purwatt.ch,info@purwatt.ch
439,PV Solar Systems,https://pvsolarsystems.ch,
440,PVT-Schweiz,https://www.pvt-schweiz.ch,
441,R. Dähler,https://www.daehler-ag.ch,info@daehler-ag.ch
442,R. HEGI,https://elektro-hegi.ch,info@elektro-hegi.ch
443,R+N,https://www.reich-nievergelt.ch,info@reich-nievergelt.ch
444,Ramseier,https://www.ramtech.ch,info@ramtech.ch
445,Ramseyer Elektro,https://www.ramseyer-ag.ch,
446,REECH,https://reech.ch,info@reech.ch
447,Regio Energie,https://www.regioenergie.ch,
448,Regiosol Engineering,https://www.regiosol-engineering.ch,info@regiosol-pv.ch
449,Renesol,https://renesol.com,
450,RenoMa,https://www.renoma-bedachungen.ch,info@renoma-bedachungen.ch
451,RESiQ,https://www.resiq.ch,info@resiq.ch
452,Respect,https://www.respect-energies.ch,
453,RG Energietechnik,https://rg-energietechnik.ch,
454,Rhyner Energie,https://www.rhyner-energie.ch,info@rhyner-energie.ch
455,Rickenbach Elektro,https://rickenbach-elektro.ch,
456,Riget,https://www.riget.ch,
457,Rochat Solaire,https://www.rochatsolaire.ch,info@rochatsolaire.ch
458,Romande Energie,https://www.romande-energie.ch,
459,Rossel Bedachungen + Holzbau,https://rossel-zimmerei.ch,
460,Roth Bedachungen Fassaden,https://www.roth-bedachungen.ch/home.html,info@roth-bedachungen.ch
461,Roth Elektro,https://www.rothelektro.ch,50roth@rothelektro.ch
462,Roth Installations,https://roth-melchnau.ch,
463,Roth Solartechnik,https://www.rothsolartechnik.ch,info@roth-solartechnik.ch
464,Rothacher Polybau,https://www.rothacher-polybau.ch,info@rothacher-polybau.ch
465,Rubin Elektrotechnik,https://www.rubin-eltech.ch,info@rubin-eltech.ch
466,Rüegg,https://www.rubema.ch,
467,Rüegsegger Elektro,https://elektro-ruegsegger.ch,28office@elektro-ruegsegger.ch
468,Runer Solar,https://www.runer-solar.ch,605a7baede844d278b89dc95ae0a9123@sentry-next.wixpress.com
469,Rutz + Partner Elektro,https://rpelektro.ch,info@rpelektro.ch
470,RUTZ Gruppe,https://rutz-solar.ch,solar@rutz-gruppe.ch
471,RWB,https://www.regionalwerke.ch,22info@regionalwerke.chMo
472,Sägesser Holzbau,http://www.saegesserholzbau.ch,info@saegesserholzbau.ch
473,Sahli Électricité,https://www.sahlisa.ch,
474,Salamon,https://www.salamon.ch,info@salamon.ch
475,Sasol,https://sasol.ch,info@sasol.ch
476,SAT Solar,https://www.sat-solar.ch,info@sat-solar.ch
477,SB Energetica,https://sbenergetica.ch,info@sbenergetica.chSocial
478,SCDI,https://scdi.ch,
479,Scenergy,https://www.scenergy.ch,43info@scenergy.chbottom
480,Schaer Energie,https://www.schaer-energie.ch,18info@schaer-energie.ch
481,Schäfer Elektro,http://www.schaefer-elektro.ch,elektro@schaefer-elektro.ch
482,Schär Elektrische Anlagen,https://www.schaer-elektro.ch,info@schaer-elektro.chSTARTSEITE
483,Scheiwiller,https://www.scheiwiller-ag.ch,info@scheiwiller-ag.ch
484,Scherrer Gebäudetechnik,https://www.scherrergt.ch,info@scherrergt.ch
485,Schibli,https://schibli-erneuerbare-energie.ch,EnergieSchibli-Gruppee-e@schibli.com
486,Schnyder Solar Power,https://schnyder-solar.ch,info@schnyder-bedachungen.chToggle
487,Schönholzer Elektro,https://www.schoenholzer.ch,info@schoenholzer.ch
488,Schoop,https://schoop.com,info@schoop.com
489,Schumacher Elektro,https://schumacher-elektro-ag.ch,
490,Schumacher Elektro,https://www.schumacher-elektro.ch,info@schumacher-elektro.ch
491,Schürch-Egli,https://www.schuerch-egli.ch,
492,Schwager,https://www.schwager-bedachungen.ch,aninfo@schwager-bedachungen.ch
493,Schweizer Solaire,https://www.schweizersolaire.ch,
494,SD Stenio Dozio,https://steniodozio.ch,info@steniodozio.ch
495,Seeland-Solar,https://www.seeland-solar.ch,605a7baede844d278b89dc95ae0a9123@sentry-next.wixpress.com
496,Seetal Solar,https://seetalsolar.ch,intern@seetalsolar.ch
497,SEIC-Télédis,https://www.seic-teledis.ch,
498,Selmoni Burger,https://www.selmoni-burger.ch,info@selmoni-burger.ch
499,Selnet,https://www.selnet.ag,info@selnet.ag
500,Senero,https://www.senero-solar.ch,
501,SEVT,https://sevt.ch,
502,SH Power,https://www.shpower.ch,
503,SH Solar,https://sh-solar.ch,info@sh-solar.ch
504,SH Technik Schweiz,https://shtechnik.ch,info@shtechnik.ch
505,SH-Solartechnik,https://sh-solartechnik.ch,
506,SHolar Selbstbau Genossenschaft Schaffhausen,https://sholar.ch,Schaffhauseninfo@sholar.chUnternehmens
507,Si-Ren,https://si-ren.ch,
508,Sigg Holzbau,https://siggholzbau.ch,
509,Sigmatic,https://www.sigmatic.ch,info@sigmatic.ch
510,Smartsuna,https://smartsuna.ch,info@smartsuna.ch
511,Sol-Em,http://www.sol-em.ch,
512,SOL-R,https://www.sol-r.ch,info@sol-r.ch
513,Solacem,https://www.solacem.ch,
514,Solaik,http://www.solaik.ch,john@example.com
515,Solaire Romand,https://solaireromand.ch,flags@2x.png
516,Solaire1300,https://www.solaire1300.ch,
517,Solaireco,http://www.solaireco.ch,
518,Solalpes Energie,https://www.solalpes-energie.ch,courrier@solalpes-energie.ch
519,Solar Alliance,https://solaralliance.ch,info@solaralliance.chSolar
520,Solar Conseil,https://solarconseil.ch,info@solarconseil.ch
521,Solar Control,https://solarcontrol.ch,
522,Solar Energy Plus,https://solarenergyplus.ch,
523,Solar Fricktal,https://www.solar-fricktal.ch,
524,Solar Power Group,https://solarpowergroup.ch,info@solarpowergroup.ch
525,Solar Project,https://www.solar-project.ch,info@solar-project.ch
526,Solar Staufen,https://solarstaufen.ch,info@solarstaufen.ch
527,Solar Ticino,https://www.solar-ticino.com,
528,Solar-Werkstatt,https://www.solar-werkstatt.ch,info@solar-werkstatt.ch
529,Solarandwind,https://www.solarandwind.ch,info@solarandwind.chTel
530,Solarbau Lowel,https://solarbau-lowel.ch,
531,Solarecology,http://solarecology.ch,Schweizinfo@solarecology.ch
532,Solarify,https://solarify.ch,kontakt@solarify.ch
533,SolarkraftWerkstatt,https://www.solarkraftwerkstatt.ch,info@solarkraftwerkstatt.chSolarkraftWerkstatt
534,Solarline-Güttinger,https://www.solarline-guettinger.ch,95info@solarline-guettinger.chSanit
535,Solarmaa,https://solarmaa.ch,
536,Solarmeister,https://www.solarmeister.ch,
537,Solarmotion,https://solarmotion.ch,info@solarmotion.ch
538,SolarOne,https://www.solarone.ch,info@solarone.ch
539,SolarPlus,https://solar-plus.ch,info@solar-plus.ch
540,Solarsense,https://solarsense.ch,info@solarsense.ch
541,Solarspar,https://www.solarspar.ch,info@solarspar.ch
542,Solarsys,https://solarsys.ch,info@solarsys.ch
543,Solartec Plus,https://www.solartecplus.ch,Schweizinfo@solartecplus.ch
544,SolarTec Rheintal,http://www.solartec.ch,
545,Solarup Energie,https://www.solarup.ch,
546,Solarwall,https://www.solarwall.ch,
547,Solarwerk,https://www.solarwerk.ch,605a7baede844d278b89dc95ae0a9123@sentry-next.wixpress.com
548,SolBerry,https://www.solberry.ch,25info@solberry.ch
549,Solektra,https://solektra.ch,hallo@solektra.ch
550,Solenergy,https://www.solenergy.ch,
551,Soleol,https://www.soleol.ch,
552,Solevia,https://solevia.ch,info@solevia.ch
553,SolGal,https://solgal.ch,info@solgal.ch
554,Soller-Partner,https://www.soller-partner.ch,
555,SoloSolar,https://www.solosolar.ch,info@solosolar.ch
556,Solpic,https://solpic.ch,info@solpic.ch
557,Solplan,https://www.solplan.ch,info@solplan.ch
558,Solstis,https://www.solstis-energy.ch,info@solstis-energy.ch
559,Soltastic,https://www.soltastic.ch,info@soltastic.ch
560,Soltermann Solar,https://www.soltermann-solar.ch,info@soltermann-solar.ch
561,Soltop Energie,https://www.soltop-energie.ch,info@soltop-energie.ch
562,Solvest,http://www.solvest.ch,55info@solvest.ch
563,Somiral Energy,https://www.somiral.com,somiral@somiral.chContact
564,Sonepar Suisse,https://www.sonepar.ch,
565,Sonnbau,https://www.sonnbau.ch,zuercherjuerg@bluewin.ch
566,Sonnentanz,https://www.sonnentanz.ch,info@sonnentanz.ch
567,Sonnwende,https://sonnwende.ch,
568,Spinelli,http://spinelli.ch/,
569,Spirig Vogel,https://www.spirigvogel.ch,
570,SSFE,https://www.ssfe.ch,
571,Stählin,https://www.staehlin-ag.ch,info@staehlin-ag.chShareBeleuchtungs
572,Stark Strom,https://stark-strom.ch,
573,Staub & Zbinden Elektro,https://staub-zbinden.ch,80info@staub-zbinden.chDienstleistungenElektroPhotovoltaikReferenzen
574,STAUB Photovoltaik,https://www.staub-photovoltaik.ch,72roger@staub-photovoltaik.chRechtlichesImpressum
575,Steiner Elektriker,https://steinerelektriker.ch,info@steinerelektriker.ch
576,Steiner Energietechnik,https://www.st-energie.ch,info@sk-energie.ch
577,Steinlin + Partner,https://www.steinlin.ch,
578,STG Energy,https://stg-energy.ch,jean.dupont@gmail.com
579,Stich Solar,https://stichsolar.ch,02info@stichsolar.ch
580,Stierli Solar,https://www.stierlisolar.ch,info@stierlisolar.ch
581,Strassburger,https://strassburger-ag.ch,info@strassburger-ag.ch
582,Strasser Elektro,https://strasser-elektro.ch,info@strasser-elektro.chImpressum
583,Strausak Holzbau,https://www.strausak-holzbau.ch,office@strausak-holzbau.ch
584,Streule + Alder,https://www.streule-alder.ch,
585,Stromlokal,https://stromlokal.ch,
586,Stromwerk,https://stromwerk.ch,kontakt@stromwerk.ch
587,Stuber Spenglerei Lüftungs,http://www.stuberlueftungen.ch,info@stuberlueftungen.ch
588,Sumatrix,https://www.sumatrix.ch,
589,Sun Energy,https://www.sunenergy-suisse.ch,info@sunenergy-suisse.ch
590,Sun Valley,http://www.sunvalleysarl.ch,
591,Sunconnect,https://www.solaranlage-sunconnect.ch,fa4d2621de194096984c75b67313a314@sentry.services.wly.ch
592,Suncontract,https://www.suncontract.ch,
593,Sundesign,https://www.sundesign.ch,
594,Sunkraft,https://www.sunkraft.ch,info@sunkraft.chSunkraft
595,Sunnewind,https://dcp-energie.ch,
596,Sunny Solartechnik (Schweiz),https://www.sunny-solartechnik.ch,info@sunny-solartechnik.ch
597,SunPanel,https://sunpanel.ch,
598,SunTechnics,https://www.fabrisolar.ch,
599,SunVolt,https://sunvolt.ch,
600,Swiss Photovoltaik,https://swiss-photovoltaik.ch,service@swiss-photovoltaik.ch
601,Swiss Solar City,https://www.swiss-solar-city.ch,INFO@SWISS-SOLAR-CITY.CH
602,Swiss-Green Engineering,https://www.swiss-green.ch,
603,Swiss-Instasolar,https://swiss-instasolar.ch,info@swiss-instasolar.ch
604,Swissolaire,https://www.swissolaire.ch,info@swissolaire.ch
605,SwissSolarDach,https://swisssolardach.ch,
606,SyEnergy,https://syenergy.ch,info@syenergy.ch
607,Syntegra Solar,https://syntegra-solar.com,info@syntegra-solar.com
608,Systema Solis,https://systema-solis.ch,00info@systema-solis.ch
609,Tecdil,https://tecdil.ch,info@tecdil.com
610,Tech Sun,https://www.tech-sun.ch,info@tech-sun.ch
611,Tech-elec,https://tech-elec.ch,info@tech-elec.ch
612,Technosolar,https://www.technosolar.ch,00info@technosolar.ch
613,Tenic,https://www.tenic.ch,info@tenic.ch
614,Tera Solar,https://terasolar.ch,info@terasolar.ch
615,Terrier & Strahm,https://www.terrier-strahm.ch,terrier.strahm@gmail.com
616,Theo Michel,https://www.michel-dottikon.ch,mail@michel-dottikon.ch
617,Thoma Dach Spengler Fassade Solar,https://www.thoma-dach.ch,thoma@thoma-dach.ch
618,Tini Toiture,https://www.tini-toiture.ch,
619,TLP,https://www.tlp.ch,
620,TNC Consulting,https://www.tnc.ch,
621,Top Sun Energy,https://www.topsunenergy.ch,solar-panel@4x.png
622,Tresolar,https://tresolar.ch,
623,Tritec,https://www.tritec-energy.com,info@tritec-energy.com
624,Tritec,https://www.tritec.ch,info@tritec.ch
625,Urs Bühler,http://www.buehler-energy.ch,
626,Velte Solartechnik,https://www.velte-solartechnik.ch,info@velte-solartechnik.ch
627,Vertic,https://www.vertic.ch,info@vertic.chIndustrieklettern
628,VINCI Energies,https://www.vinci-energies.ch,
629,Viteos,https://viteos.ch,
630,VOé,https://www.voe.ch,
631,Vögelin,https://voegelin.ch/index.php,info@voegelin.ch
632,Volta Swiss,https://voltaswiss.ch,
633,Von arx Systems,https://www.vonarxsystems.ch,mail@vonarxsystems.ch
634,VS Solarstrom,https://vs-solarstrom.ch,info@vs-solarstrom.ch
635,W + S Elektro,https://www.ws-ag.ch,elektro@ws-ag.ch
636,W. Durrer Dach & Wand,https://www.dach-wand.ch,Kontaktinfo@dach-wand.ch
637,Wäger,https://www.elektrowaeger.ch,60info@elektrowaeger.ch
638,Wagner Haustechnik,https://wagner-haustechnik.ch,
639,Walter Kälin Holzbau,https://kaelin-holzbau.ch,info@kaelin-holzbau.ch
640,Weber,https://www.weber-dach.ch,info@weber-dach.ch
641,Weber Spenglerei,https://www.weber-spenglerei-ag.ch,info@spenglereiweberag.ch
642,Weibel + Sommer Elektro,https://www.weibel-sommer.ch,
643,Werner Büchel,https://www.buechel.ch,dpo-google@google.com
644,Wesba,https://www.wesba.ch,60info@wesba.chGrussEuer
645,Willy Gysin,https://www.gysin-elektro.ch,info@gysin-elektro.ch
646,Winasolar,https://winasolar.com,
647,WindGate,https://www.windgate.ch,26windgate@felix.swiss
648,Winkelmann Elektro,https://www.winkelmann-elektro.ch,info@winkelmann-elektro.ch
649,Wisler Elektro,https://www.wislerelektro.ch,info@wislerelektro.ch
650,Wunderle Haustechnik,https://www.wunderleag.ch,info@wunderleag.ch
651,Würmli Haustechnik,https://wuermli-ht.ch,info@wuermli-ht.ch
652,Wyder,https://www.wyder-bedachungen.ch,info@wyder-ag.ch
653,Younergy,https://www.younergy.ch,customer@younergy.ch
654,Zagsolar,https://www.zagsolar.ch,info@zagsolar.ch
655,zugsolar,https://zugsolar.ch,
656,Zumstein-Elektro,https://www.zumstein-elektro.ch,18zumsteinelektro@bluewin.ch
657,Zurbuchen,https://www.zurbuchen.ch,
