Number,Company Name,Email,Website
1,4 ECO,biuro@4-eco.pl,https://www.enf.com.cn/4-eco?directory=seller&utm_source=ENF&utm_medium=Poland&utm_content=123266&utm_campaign=profiles_seller
2,4Sun,biuro@4sun.eu,https://www.enf.com.cn/4sun?directory=seller&utm_source=ENF&utm_medium=Poland&utm_content=134382&utm_campaign=profiles_seller
3,7SUN,orders.enf@7sun.pl,https://www.enf.com.cn/7sun?directory=seller&utm_source=ENF&utm_medium=Poland&utm_content=147117&utm_campaign=profiles_seller
4,AES,dzhandlowy@aes.pl,https://www.enf.com.cn/aes-15?directory=seller&utm_source=ENF&utm_medium=Poland&utm_content=134834&utm_campaign=profiles_seller
5,Afore Polska,szymon.orlowski@afore.com.pl,https://www.enf.com.cn/afore-polska?directory=seller&utm_source=ENF&utm_medium=Poland&utm_content=140543&utm_campaign=profiles_seller
6,AHT Energia,biuro@ahtenergia.pl,https://www.enf.com.cn/aht-energia?directory=seller&utm_source=ENF&utm_medium=Poland&utm_content=65493&utm_campaign=profiles_seller
7,Alex Electro,biuro@alex-electro.com,https://www.enf.com.cn/alex-electro?directory=seller&utm_source=ENF&utm_medium=Poland&utm_content=133845&utm_campaign=profiles_seller
8,Alt M,biuro@altm.com.pl,https://www.enf.com.cn/alt-m?directory=seller&utm_source=ENF&utm_medium=Poland&utm_content=97444&utm_campaign=profiles_seller
9,Alter Energia,oze@altersa.pl,https://www.enf.com.cn/alter-energia?directory=seller&utm_source=ENF&utm_medium=Poland&utm_content=117690&utm_campaign=profiles_seller
10,And-Mar,systemysolarnelodz@gmail.com,https://www.enf.com.cn/and-mar?directory=seller&utm_source=ENF&utm_medium=Poland&utm_content=133986&utm_campaign=profiles_seller
11,APE,apepwape@gmail.com,https://www.enf.com.cn/ape?directory=seller&utm_source=ENF&utm_medium=Poland&utm_content=134262&utm_campaign=profiles_seller
12,AS Energy,biuro@asenergy.pl,https://www.enf.com.cn/as-energy?directory=seller&utm_source=ENF&utm_medium=Poland&utm_content=134383&utm_campaign=profiles_seller
13,ASAT Spółka,asat@asat.pl,https://www.enf.com.cn/asat-spo-ka?directory=seller&utm_source=ENF&utm_medium=Poland&utm_content=156809&utm_campaign=profiles_seller
14,Atmosfera Polska,info@atmo-sfera.eu,https://www.enf.com.cn/atmosfera-polska?directory=seller&utm_source=ENF&utm_medium=Poland&utm_content=158450&utm_campaign=profiles_seller
15,beeIN,biuro@beein.pl,https://www.enf.com.cn/beein?directory=seller&utm_source=ENF&utm_medium=Poland&utm_content=133887&utm_campaign=profiles_seller
16,Besteon,biuro@besteon.pl,https://www.enf.com.cn/besteon?directory=seller&utm_source=ENF&utm_medium=Poland&utm_content=176267&utm_campaign=profiles_seller
17,BuyPV EU,kontakt@buypv.eu,https://www.enf.com.cn/buypv-eu?directory=seller&utm_source=ENF&utm_medium=Poland&utm_content=153202&utm_campaign=profiles_seller
18,Centrum Elektryczne ANIA,info@centrumelektryczne.pl,https://www.enf.com.cn/centrum-elektryczne-ania?directory=seller&utm_source=ENF&utm_medium=Poland&utm_content=133897&utm_campaign=profiles_seller
19,Clarvento,m.toczkowski@clarvento.com,https://www.enf.com.cn/clarvento?directory=seller&utm_source=ENF&utm_medium=Poland&utm_content=175650&utm_campaign=profiles_seller
20,Corab,corab@corab.com.pl,https://www.enf.com.cn/corab?directory=seller&utm_source=ENF&utm_medium=Poland&utm_content=97368&utm_campaign=profiles_seller
21,DBC Solar-System,biuro@kolektory-zamosc.pl,https://www.enf.com.cn/dbc-solar-system?directory=seller&utm_source=ENF&utm_medium=Poland&utm_content=65561&utm_campaign=profiles_seller
22,Doko,sklep@doko.pl,https://www.enf.com.cn/doko?directory=seller&utm_source=ENF&utm_medium=Poland&utm_content=145298&utm_campaign=profiles_seller
23,Dorian,handlowy@dorian.com.pl,https://www.enf.com.cn/dorian?directory=seller&utm_source=ENF&utm_medium=Poland&utm_content=97645&utm_campaign=profiles_seller
24,Eco System,info@ecosystemprojekt.pl,https://www.enf.com.cn/eco-system?directory=seller&utm_source=ENF&utm_medium=Poland&utm_content=97494&utm_campaign=profiles_seller
25,Eco-Asset Polska,biuro@eco-asset.pl,https://www.enf.com.cn/eco-asset-polska?directory=seller&utm_source=ENF&utm_medium=Poland&utm_content=169783&utm_campaign=profiles_seller
26,Eco-Technika,solary@eco-technika.com.pl,https://www.enf.com.cn/eco-technika?directory=seller&utm_source=ENF&utm_medium=Poland&utm_content=65805&utm_campaign=profiles_seller
27,ecoABM,ecoabm@ecoabm.com,https://www.enf.com.cn/ecoabm?directory=seller&utm_source=ENF&utm_medium=Poland&utm_content=134388&utm_campaign=profiles_seller
28,Ecofan Sklep,biuro@ecofan.com.pl,https://www.enf.com.cn/ecofan-sklep?directory=seller&utm_source=ENF&utm_medium=Poland&utm_content=134008&utm_campaign=profiles_seller
29,ecoGRAL,biuro@ecogral.pl,https://www.enf.com.cn/ecogral?directory=seller&utm_source=ENF&utm_medium=Poland&utm_content=170283&utm_campaign=profiles_seller
30,EcoJura,biuro@ecojura.pl,https://www.enf.com.cn/ecojura?directory=seller&utm_source=ENF&utm_medium=Poland&utm_content=97367&utm_campaign=profiles_seller
31,Ecowatt,biuro@ecowattservis.pl,https://www.enf.com.cn/ecowatt?directory=seller&utm_source=ENF&utm_medium=Poland&utm_content=135068&utm_campaign=profiles_seller
32,Ekolhouse,info@ekolhouse.pl,https://www.enf.com.cn/ekolhouse?directory=seller&utm_source=ENF&utm_medium=Poland&utm_content=66049&utm_campaign=profiles_seller
33,Ekosolar,biuro@ekosolar.com.pl,https://www.enf.com.cn/ekosolar-1?directory=seller&utm_source=ENF&utm_medium=Poland&utm_content=128597&utm_campaign=profiles_seller
34,Ekover,bok@ekover.pl,https://www.enf.com.cn/ekover?directory=seller&utm_source=ENF&utm_medium=Poland&utm_content=134498&utm_campaign=profiles_seller
35,EKP,biuro@ekopremiumtech.pl,https://www.enf.com.cn/ekp?directory=seller&utm_source=ENF&utm_medium=Poland&utm_content=152906&utm_campaign=profiles_seller
36,ElektroSpeed,rafal@elektrospeed.pl,https://www.enf.com.cn/elektrospeed?directory=seller&utm_source=ENF&utm_medium=Poland&utm_content=149786&utm_campaign=profiles_seller
37,Elektrotechnika Mors,marcin.kosmala@mors.pl,https://www.enf.com.cn/elektrotechnika-mors?directory=seller&utm_source=ENF&utm_medium=Poland&utm_content=177131&utm_campaign=profiles_seller
38,Elementum PV,b2b@elementum.pl,https://www.enf.com.cn/elementum-pv?directory=seller&utm_source=ENF&utm_medium=Poland&utm_content=162914&utm_campaign=profiles_seller
39,Eltech,eltech@eltech.net.pl,https://www.enf.com.cn/eltech-1?directory=seller&utm_source=ENF&utm_medium=Poland&utm_content=134026&utm_campaign=profiles_seller
40,Elus,kartuzy@elus.pl,https://www.enf.com.cn/elus?directory=seller&utm_source=ENF&utm_medium=Poland&utm_content=134693&utm_campaign=profiles_seller
41,EnergyNAT,office@energynat.pl,https://www.enf.com.cn/energynat?directory=seller&utm_source=ENF&utm_medium=Poland&utm_content=107109&utm_campaign=profiles_seller
42,Eneria,oze@eneria.pl,https://www.enf.com.cn/eneria?directory=seller&utm_source=ENF&utm_medium=Poland&utm_content=134286&utm_campaign=profiles_seller
43,Fabryka Prądu,info@fabrykapradu.pl,https://www.enf.com.cn/fabryka-pr-du?directory=seller&utm_source=ENF&utm_medium=Poland&utm_content=134774&utm_campaign=profiles_seller
44,Ferro Wings,kontakt@ferrowings.pl,https://www.enf.com.cn/ferro-wings?directory=seller&utm_source=ENF&utm_medium=Poland&utm_content=134142&utm_campaign=profiles_seller
45,Fokus Consulting,kontakt@fokusconsulting.pl,https://www.enf.com.cn/fokus-consulting?directory=seller&utm_source=ENF&utm_medium=Poland&utm_content=145288&utm_campaign=profiles_seller
46,Fotoogniwa,biuro@fotoogniwa-sklep.pl,https://www.enf.com.cn/fotoogniwa?directory=seller&utm_source=ENF&utm_medium=Poland&utm_content=134797&utm_campaign=profiles_seller
47,Free Energy,biuro@hurtowniafree-energy.pl,https://www.enf.com.cn/free-energy-5?directory=seller&utm_source=ENF&utm_medium=Poland&utm_content=144793&utm_campaign=profiles_seller
48,GK Solar,biuro@gksolar.eu,https://www.enf.com.cn/gk-solar?directory=seller&utm_source=ENF&utm_medium=Poland&utm_content=139281&utm_campaign=profiles_seller
49,GRAP,info@grap.pl,https://www.enf.com.cn/grap?directory=seller&utm_source=ENF&utm_medium=Poland&utm_content=135492&utm_campaign=profiles_seller
50,Greto Polska,biuro@greto.com.pl,https://www.enf.com.cn/greto-polska?directory=seller&utm_source=ENF&utm_medium=Poland&utm_content=137185&utm_campaign=profiles_seller
51,Heliospower,biuro@heliopower.pl,https://www.enf.com.cn/heliospower?directory=seller&utm_source=ENF&utm_medium=Poland&utm_content=84579&utm_campaign=profiles_seller
52,INSELL,biuro@insell.pl,https://www.enf.com.cn/insell?directory=seller&utm_source=ENF&utm_medium=Poland&utm_content=134304&utm_campaign=profiles_seller
53,J-Point,biuro@j-point.pl,https://www.enf.com.cn/j-point?directory=seller&utm_source=ENF&utm_medium=Poland&utm_content=135224&utm_campaign=profiles_seller
54,KAPEO Laser,pv@kuto.pl,https://www.enf.com.cn/kapeo-laser?directory=seller&utm_source=ENF&utm_medium=Poland&utm_content=163171&utm_campaign=profiles_seller
55,KDP Invest,sprzedaz@kdpinvest.com,https://www.enf.com.cn/kdp-invest?directory=seller&utm_source=ENF&utm_medium=Poland&utm_content=134719&utm_campaign=profiles_seller
56,KENO,biuro@keno-energy.com,https://www.enf.com.cn/keno?directory=seller&utm_source=ENF&utm_medium=Poland&utm_content=69909&utm_campaign=profiles_seller
57,Kosmopell,biuro@kosmopell.pl,https://www.enf.com.cn/kosmopell?directory=seller&utm_source=ENF&utm_medium=Poland&utm_content=133886&utm_campaign=profiles_seller
58,Kratki Energy,kratkienergy@kratki.com,https://www.enf.com.cn/kratki-energy?directory=seller&utm_source=ENF&utm_medium=Poland&utm_content=133978&utm_campaign=profiles_seller
59,Kwant Hurtownie elektryczne,bok@kwant.net.pl,https://www.enf.com.cn/kwant-hurtownie-elektryczne?directory=seller&utm_source=ENF&utm_medium=Poland&utm_content=133888&utm_campaign=profiles_seller
60,Leria,info@leria.com.pl,https://www.enf.com.cn/leria?directory=seller&utm_source=ENF&utm_medium=Poland&utm_content=8387&utm_campaign=profiles_seller
61,Logistics Pack,kontakt@logisticspack.pl,https://www.enf.com.cn/logistics-pack?directory=seller&utm_source=ENF&utm_medium=Poland&utm_content=174933&utm_campaign=profiles_seller
62,Lub-eko,biuro@lub-eko.pl,https://www.enf.com.cn/lub-eko?directory=seller&utm_source=ENF&utm_medium=Poland&utm_content=135008&utm_campaign=profiles_seller
63,Menlo Electric,contact@menloelectric.com,https://www.enf.com.cn/menlo-electric?directory=seller&utm_source=ENF&utm_medium=Poland&utm_content=130580&utm_campaign=profiles_seller
64,MK Starter,biuro@mk-starter.pl,https://www.enf.com.cn/mk-starter?directory=seller&utm_source=ENF&utm_medium=Poland&utm_content=147143&utm_campaign=profiles_seller
65,MK Team,kontakt@mk-team.pl,https://www.enf.com.cn/mk-team?directory=seller&utm_source=ENF&utm_medium=Poland&utm_content=133905&utm_campaign=profiles_seller
66,ML Dystrybucja,biuro@mldystrybucja.pl,https://www.enf.com.cn/ml-dystrybucja?directory=seller&utm_source=ENF&utm_medium=Poland&utm_content=134810&utm_campaign=profiles_seller
67,Mp Solar Group,info@mpsolar.pl,https://www.enf.com.cn/mp-solar-group?directory=seller&utm_source=ENF&utm_medium=Poland&utm_content=52829&utm_campaign=profiles_seller
68,MPL Energy,handel@mplenergy.pl,https://www.enf.com.cn/mpl-energy?directory=seller&utm_source=ENF&utm_medium=Poland&utm_content=147191&utm_campaign=profiles_seller
69,MUNO,kontakt@muno.com.pl,https://www.enf.com.cn/muno?directory=seller&utm_source=ENF&utm_medium=Poland&utm_content=133904&utm_campaign=profiles_seller
70,Nikola Energy,info@nikolaenergy.pl,https://www.enf.com.cn/nikola-energy?directory=seller&utm_source=ENF&utm_medium=Poland&utm_content=151216&utm_campaign=profiles_seller
71,Nova Energia,kontakt@novaenergia.pl,https://www.enf.com.cn/nova-energia?directory=seller&utm_source=ENF&utm_medium=Poland&utm_content=97459&utm_campaign=profiles_seller
72,Novatico,biuro@novatico.eu,https://www.enf.com.cn/novatico?directory=seller&utm_source=ENF&utm_medium=Poland&utm_content=134479&utm_campaign=profiles_seller
73,Onninen,cok@onninen.com,https://www.enf.com.cn/onninen?directory=seller&utm_source=ENF&utm_medium=Poland&utm_content=134220&utm_campaign=profiles_seller
74,OSW,sales.pl@osw.energy,https://www.enf.com.cn/osw?directory=seller&utm_source=ENF&utm_medium=Poland&utm_content=172688&utm_campaign=profiles_seller
75,Ozeexpert,oferta@ozeexpert.pl,https://www.enf.com.cn/ozeexpert?directory=seller&utm_source=ENF&utm_medium=Poland&utm_content=134329&utm_campaign=profiles_seller
76,Pamar,marketing@pamar.ik.pl,https://www.enf.com.cn/pamar?directory=seller&utm_source=ENF&utm_medium=Poland&utm_content=134858&utm_campaign=profiles_seller
77,Panele-Sloneczne.com,kontakt@Panele-Sloneczne.com,https://www.enf.com.cn/panele-sloneczne-com?directory=seller&utm_source=ENF&utm_medium=Poland&utm_content=125890&utm_campaign=profiles_seller
78,PLP Poland,fotowoltaika@belos-plp.com.pl,https://www.enf.com.cn/plp-poland?directory=seller&utm_source=ENF&utm_medium=Poland&utm_content=134105&utm_campaign=profiles_seller
79,Polsun Energy,marketing@polsune.pl,https://www.enf.com.cn/polsun-energy?directory=seller&utm_source=ENF&utm_medium=Poland&utm_content=150131&utm_campaign=profiles_seller
80,PowerGo,kontakt@powergo.pl,https://www.enf.com.cn/powergo?directory=seller&utm_source=ENF&utm_medium=Poland&utm_content=134152&utm_campaign=profiles_seller
81,Proplast,proplast.sprzedaz@gmail.com,https://www.enf.com.cn/proplast?directory=seller&utm_source=ENF&utm_medium=Poland&utm_content=133906&utm_campaign=profiles_seller
82,PSG Ekoenergia,oferty@psgekoenergia.pl,https://www.enf.com.cn/psg-ekoenergia?directory=seller&utm_source=ENF&utm_medium=Poland&utm_content=134764&utm_campaign=profiles_seller
83,PV System,biuro@pv-system.pl,https://www.enf.com.cn/pv-system?directory=seller&utm_source=ENF&utm_medium=Poland&utm_content=86624&utm_campaign=profiles_seller
84,PV-MET,biuro@pv-met.pl,https://www.enf.com.cn/pv-met?directory=seller&utm_source=ENF&utm_medium=Poland&utm_content=121965&utm_campaign=profiles_seller
85,PVE,info@pve.com.pl,https://www.enf.com.cn/pve?directory=seller&utm_source=ENF&utm_medium=Poland&utm_content=84707&utm_campaign=profiles_seller
86,PVGroup.pl,info@pvgroup.pl,https://www.enf.com.cn/pvgroup-pl?directory=seller&utm_source=ENF&utm_medium=Poland&utm_content=119628&utm_campaign=profiles_seller
87,PVhurt,zamowienia@pvhurt.pl,https://www.enf.com.cn/pvhurt?directory=seller&utm_source=ENF&utm_medium=Poland&utm_content=171911&utm_campaign=profiles_seller
88,RBS Energia,biuro@rbsenergia.pl,https://www.enf.com.cn/rbs-energia?directory=seller&utm_source=ENF&utm_medium=Poland&utm_content=147123&utm_campaign=profiles_seller
89,Schrack Technik,kontakt@schrack.pl,https://www.enf.com.cn/schrack-technik?directory=seller&utm_source=ENF&utm_medium=Poland&utm_content=133961&utm_campaign=profiles_seller
90,SkyVolt,info@skyvolt.pl,https://www.enf.com.cn/skyvolt?directory=seller&utm_source=ENF&utm_medium=Poland&utm_content=97365&utm_campaign=profiles_seller
91,SOEN,biuro@so-en.pl,https://www.enf.com.cn/soen?directory=seller&utm_source=ENF&utm_medium=Poland&utm_content=148637&utm_campaign=profiles_seller
92,Solares,kontakt@solares.pl,https://www.enf.com.cn/solares?directory=seller&utm_source=ENF&utm_medium=Poland&utm_content=66099&utm_campaign=profiles_seller
93,Soldar,biuro@soldar.pl,https://www.enf.com.cn/soldar?directory=seller&utm_source=ENF&utm_medium=Poland&utm_content=23671&utm_campaign=profiles_seller
94,Solemio,kontakt@sole-mio.pl,https://www.enf.com.cn/solemio-1?directory=seller&utm_source=ENF&utm_medium=Poland&utm_content=134358&utm_campaign=profiles_seller
95,Soleo PV,biuro@soleopv.pl,https://www.enf.com.cn/soleo-pv?directory=seller&utm_source=ENF&utm_medium=Poland&utm_content=84722&utm_campaign=profiles_seller
96,Solfinity,export@solfinity.pl,https://www.enf.com.cn/solfinity?directory=seller&utm_source=ENF&utm_medium=Poland&utm_content=65803&utm_campaign=profiles_seller
97,Solitan,biuro@solitan.pl,https://www.enf.com.cn/solitan?directory=seller&utm_source=ENF&utm_medium=Poland&utm_content=142115&utm_campaign=profiles_seller
98,Solmix,zamowienia@solmix.pl,https://www.enf.com.cn/solmix?directory=seller&utm_source=ENF&utm_medium=Poland&utm_content=138999&utm_campaign=profiles_seller
99,Solsum,biuro@solsum.pl,https://www.enf.com.cn/solsum?directory=seller&utm_source=ENF&utm_medium=Poland&utm_content=30833&utm_campaign=profiles_seller
100,Sonepar Polska,andrychow@sonepar.pl,https://www.enf.com.cn/sonepar-polska?directory=seller&utm_source=ENF&utm_medium=Poland&utm_content=148408&utm_campaign=profiles_seller
101,STS Sklep,sts-sklep@dopeltech.pl,https://www.enf.com.cn/sts-sklep?directory=seller&utm_source=ENF&utm_medium=Poland&utm_content=134706&utm_campaign=profiles_seller
102,Sundea,biuro@sundea.pl,https://www.enf.com.cn/sundea?directory=seller&utm_source=ENF&utm_medium=Poland&utm_content=134860&utm_campaign=profiles_seller
103,Sunfinity,office@sunfinity.pl,https://www.enf.com.cn/sunfinity-1?directory=seller&utm_source=ENF&utm_medium=Poland&utm_content=157391&utm_campaign=profiles_seller
104,Sunprofi,biuro@sunprofi.pl,https://www.enf.com.cn/sunprofi?directory=seller&utm_source=ENF&utm_medium=Poland&utm_content=134468&utm_campaign=profiles_seller
105,SunTrack,biuro@suntrack.pl,https://www.enf.com.cn/suntrack-1?directory=seller&utm_source=ENF&utm_medium=Poland&utm_content=166693&utm_campaign=profiles_seller
106,Swatt,sprzedaz@swatt.pl,https://www.enf.com.cn/swatt?directory=seller&utm_source=ENF&utm_medium=Poland&utm_content=133960&utm_campaign=profiles_seller
107,Techtron,sklep@techtron.pl,https://www.enf.com.cn/techtron?directory=seller&utm_source=ENF&utm_medium=Poland&utm_content=134210&utm_campaign=profiles_seller
108,TIM,sklep@tim.pl,https://www.enf.com.cn/tim?directory=seller&utm_source=ENF&utm_medium=Poland&utm_content=138995&utm_campaign=profiles_seller
109,TME Group,dso@tme.pl,https://www.enf.com.cn/tme-group?directory=seller&utm_source=ENF&utm_medium=Poland&utm_content=134306&utm_campaign=profiles_seller
110,Wamtechnik,office@wamtechnik.pl,https://www.enf.com.cn/wamtechnik?directory=seller&utm_source=ENF&utm_medium=Poland&utm_content=8392&utm_campaign=profiles_seller
111,Wholesale Electrotechnical Electric,electric@electric.pl,https://www.enf.com.cn/wholesale-electrotechnical-electric?directory=seller&utm_source=ENF&utm_medium=Poland&utm_content=149787&utm_campaign=profiles_seller
112,Wloch,biuro@zimnocieplo.pl,https://www.enf.com.cn/wloch?directory=seller&utm_source=ENF&utm_medium=Poland&utm_content=134708&utm_campaign=profiles_seller
113,WPM Tech,biuro@wpmtech.pl,https://www.enf.com.cn/wpm-tech?directory=seller&utm_source=ENF&utm_medium=Poland&utm_content=134815&utm_campaign=profiles_seller
114,XTG Green Energy,green@xtg.pl,https://www.enf.com.cn/xtg-green-energy?directory=seller&utm_source=ENF&utm_medium=Poland&utm_content=139439&utm_campaign=profiles_seller
115,Z-Ecoenergy,biuro@z-ecoenergy.com,https://www.enf.com.cn/z-ecoenergy?directory=seller&utm_source=ENF&utm_medium=Poland&utm_content=123617&utm_campaign=profiles_seller
