Number,Company Name,Company Website,Email
1,25energy,https://www.25energy.cz,
2,2M Energo,https://www.2menergo.cz,
3,3PM Solar Energy,https://www.3pmsolarenergy.cz,info@3pmsolarenergy.cz
4,81 Klima,https://www.81energy.cz,
5,AB Elektro,https://www.abelektro.com,
6,Abisun,https://abisun.cz,info@abisun.cz
7,ABQ,http://www.abq-solar.eu,
8,AC Heating,https://www.ac-heating.cz,info@ac-heating.cz
9,AC Solar,https://www.acsolar.cz,
10,ACDC Systems,https://www.acdcsystems.cz,info@acdcsystems.cz
11,Acetex,https://acetex.cz,info@acetex.cz
12,Aden,https://www.aden.cz,
13,Advanced Solar,https://advancedsolar.cz,
14,AE Energie,https://www.ae-energie.cz,info@ae-energie.cz
15,Agile Europe,http://www.agile-europe.com,
16,AJ-Solar,https://www.aj-solar.cz,kontakt@example.com
17,ALBA Energy,https://albaenergy.cz,info@albaenergy.cz
18,Alfa Solar,https://www.alfa-solar.cz,
19,AlphaLighting,https://www.alphalighting-led.com,info@alphalighting.cz
20,Alter-eko,https://www.alter-eko.cz,605a7baede844d278b89dc95ae0a9123@sentry-next.wixpress.com
21,Alterm,http://www.alterm.cz,
22,Alternative Energy Systems,https://www.aleners.com,
23,Alufront,https://www.alufront.cz,
24,Amsoft,https://amsoft-ova.cz,
25,AMV Czech,https://www.amvczech.cz,martin@amvczech.cz
26,Andrew Solar Energy,https://www.solarynastrechy.cz,obchod@andrewsolar.cz
27,Anerge,https://www.anerge.cz,info@anerge.czJsme
28,ARPEG,https://www.arpeg.cz,info@arpeg.cz
29,AS Construction,https://www.asc.solar,obchod@andrewsolar.cz
30,AS-Elektro,http://www.aselektro.cz,
31,Asci Com,https://www.ascicom.cz,
32,Asolacz,https://www.asola.cz,
33,Atlantis,https://www.atlantism.com,
34,AVIS Solar,https://avis-solar.cz,
35,Axiom Power,https://www.axiom-power.cz,prodej@axiom-power.cz
36,Azep,http://azep.cz,
37,AZsolar,https://azsolar.cz,
38,Baghirra,https://www.baghirra.cz,manychova@baghirra.cz
39,Baratech,https://www.baratech.cz,info@baratech.cz
40,Battery Charger CZ,https://www.bch-battery.cz,
41,BCE,https://www.bce.cz,info@bce.cz
42,Belo Solar Power,https://www.belosolar.cz,info@belosolar.cz
43,Bencos Energy,https://www.bencos-energy.cz,info@bencos.cz
44,beSolar,https://www.besolar.cz,info@besolar.cz
45,Bezva Solar,https://www.bezvasolar.cz,
46,BHT,https://tepelnacerpadla-carrier.cz,info@tepelnacerpadla-carrier.cz
47,Bidli,https://www.bidli.cz,info@bidli.cz
48,BK Instal,https://www.bkinstal.cz,info@bkinstal.cz
49,BMSJ Elektro,https://www.bmsjelektro.eu,info@bmsj.cz
50,Buzzing Lines,http://www.buzzinglines.cz,info@bzlines.cz
51,Carrier,https://www.carrierpm.cz,carrierpm@carrierpm.cz
52,Česká solární,https://www.ceska-solarni.cz,
53,České Slunce Servisní,https://www.ceskeslunce.cz,
54,ČEZ,https://www.cez.cz,vyrobny@cez.cz
55,Chlazení Nečas,https://www.chlazeni-necas.cz,obchod@chlazeni-necas.cz
56,Coleman S.I.,https://www.coleman-fotovoltaika.cz,fotovoltaika@coleman.cz
57,Colsys,https://fotovoltaika.colsys.cz,fve@colsys.cz
58,Cristela,https://cristela.cz,info@cristela.cz
59,CTC Energy,https://www.ctcenergy.cz,info@ctcenergy.cz
60,Cup Elektro,https://www.cup.cz,info@cup.cz
61,Czech Nature Energy,https://www.cne.cz,info@cne.cz
62,D2P Partners,https://d2p-partners.cz,
63,DALU,http://dalu.cz,E-mailinfo@dalu.cz
64,David Altmann,https://www.davidaltmann.cz,
65,David Štička,https://www.sticka.cz,fvsystemy@gmail.com
66,Digi Sound,https://www.digisound.as,
67,Digibro,https://www.digibro.cz,info@digibro.cz
68,Domácí Elektrárna,https://domacielektrarna.cz,info@domacielektrarna.cz
69,Domací Fotovoltaika,https://domacifotovoltaika.cz,
70,Domov Gold Power,https://www.domovgp.cz,info@domovgp.cz
71,DomySolar,https://www.domysolar.cz,info@domysolar.cz
72,Dražice Solar,https://www.dzd-solar.cz,info@dzd.cz
73,Drieling,https://www.drieling.cz,
74,Dům Soláru,https://dumsolaru.cz,
75,E Plus,https://www.e-plus.cz,e-plus@e-plus.cz
76,E.T.B. Solar,https://www.etb-solar.cz,rnovy@etb-solar.czWeb
77,Ecoamper Group,https://ecoamper.cz,e-mailenergie@ecoamper.cz
78,EcoSun Systems,https://www.ecosun.cz,obchod@ecosun.cz
79,EFOTON,https://efoton.cz,
80,Eicero,https://www.eicero.cz,sales@eicero.cz
81,Eichl Elektro,http://www.eichl-elektro.eu,andrejeichl@gmail.com
82,Ekoproud,http://www.ekoproud.cz,
83,Ekotechnik Czech,https://www.ekotechnik.cz,ekotechnik@ekotechnik.cz
84,Ekotop-CB,https://www.ekotop-cb.cz,info@ekotop-cb.cz
85,El-Plus,http://www.elektromontaze-liberec.cz,info@elplus.cz
86,Elben Energy,http://www.elbenenergy.cz,info@elbenenergy.czweb
87,Electra Power,https://enpa.cz,info@enpa.cz
88,Elektro Euron,http://www.elektro-euron.cz,info@elektro-euron.cz
89,Elektro Krša,https://www.elektrokrsa.eu,info@elektrokrsa.eu
90,Elektro Legát,https://elektro-legat.webnode.cz,legat.milan@seznam.cz
91,Elektro Mleziva,https://www.elektromleziva.cz,
92,Elektro Procházka,https://www.elektro-prochazka.cz,kontakt@example.com
93,Elektro UH,https://www.elektrouh.cz,elektrouh@elektrouh.cz
94,Elektro-FA. Pavelek,https://www.epavelek.cz,
95,Elektro-Flexi,https://elektroflexi.cz,pgalda@elektroflexi.cz
96,Elektro-M,https://www.elektro-m.cz,mrkva@elektro-m.czSpolupracujemeOdeb
97,Elektro-tour,https://www.elektrotour.eu,elektrotour@gmail.com
98,Elektrokom-JM,https://www.elektrokom.eu,elektrokom@centrum.cz
99,Elektromontáže Petr Dospěl,http://www.elektrodospel.cz,
100,Elgas Energy,https://elgasenergy.cz,info@virtualenergy.cz
101,Elmonto,https://www.elmonto.cz,parizek@elmonto.cz
102,Elmos,https://www.elmostrutnov.cz,elmos@elmostrutnov.cz
103,Elmos Liberec,https://elmos.cz,elmos@elmos.cz
104,Elpe,https://www.elpe.cz,elpe@elpe.cz
105,Elpekom,https://elpekom.cz,info@elpekom.cz
106,Elpros,https://elpros-praha.cz,
107,ELS Elektro,https://www.elektrostredisko.cz,mhxg7celektrostredisko@elektrostredisko.cz
108,Elseremo,https://elseremo.cz,
109,Elspomont,http://www.elspomont.cz,elspomont@elspomont.cz
110,Elyn Energie,https://www.elyn-energie.cz,
111,Enerfin Plus,https://www.enerfinplus.cz,
112,Energ-Servis,https://www.energservis.cz,CZ25551132poptavky@energservis.cz
113,Energamo,https://www.energamo.com,energamo@energamo.com
114,Energie do domu,https://www.edd.cz,info@edd.cz
115,Energie Solar,https://energie-solar.cz,
116,Energie-Vsem,https://energie-vsem.cz,
117,EnergieZS,https://energiezs.cz,info@energiezs.cz
118,Energo Impact,https://www.energo-impact.cz,
119,Energo NWT,https://energo.nwt.cz,nobchod@energonwt.cz
120,Energofinal,https://www.energofinal.cz,info@energofinal.cz
121,EnergoSolar,https://www.energosolar.cz,info@energosolar.cz
122,Energy 4 Home,https://www.energy4home.cz,office@energy4home.cz
123,Energy ForEver,http://www.energyforever.cz,info@energyforever.cz
124,Enstore,https://enstore.cz,pavel.musil@enstore.cz
125,Envi Energy,https://www.envi-energy.cz,info@envi-energy.cz
126,Envo,https://envo.cz,envo@envo.cz
127,Eogen Servis,http://www.eogenservis.cz,info@eogenservis.cz
128,EPŽ ČR,https://energieprozivot.eu,info@energieprozivot.eu
129,Evonaqo,https://www.evonaqo.cz,931info@evonaqo.cz
130,Evora,https://www.evora.cz,info@evora.cz
131,EWA Systems,https://www.ewa-systems.cz,
132,Exirta,https://www.exirta.cz,krysl@exirta.cz
133,Fames,https://www.fames.cz,info@fames.cz
134,Ferrit Energy,https://ferritenergy.cz,
135,Ferromet,https://www.ferromet.cz,
136,FFS Energy,https://ffsenergy.cz,info@ffs-energy.cz
137,Finoz,http://www.finoz.cz,
138,Foten,https://www.foten.cz,info@foten.cz
139,Fotovolt system,https://www.fotovoltsystem.cz,
140,Fotovoltaické Stavby,http://www.solarnistavebnice.cz,
141,Fotovoltaik,https://www.fotovoltaik.cz,mfotovoltaik.cz@gmail.com
142,Fotovoltaika Benekov,https://fotovoltaikabenekovesco.cz,info@fotovoltaikabenekovesco.cz
143,Fotovoltaika Pardubice,https://fotovoltaika-pardubice.cz,
144,FotovoltaikaHD,https://fotovoltaikahd.cz,podpora@fotovoltaikahd.cz
145,Fotovolty,https://www.fotovolty.cz,info@fotovolty.cz
146,Freitag Project Development,https://www.freitag-eu.cz,
147,FT Solar,https://ftsolar.cz,kubes@ftsolar.cz
148,FTZ,http://www.ftz.cz,
149,Futurae Vitae,https://fuve.cz,
150,FuzzyCorp,https://www.solarynaklic.cz,chci@solarynaklic.cz
151,FVE – HK,https://www.fve-hk.cz,hlubucekmartin@seznam.cz
152,Fve Czech,https://www.decci.cz,decci@decci.cz
153,FVE Solutions,https://fvesolutions.cz,
154,FVE-System,https://fve-system.cz,
155,Fve4Rd,https://www.fve4rd.cz,
156,FVS,https://www.fvs1.cz,info@fvs1.cz
157,Fynyty - FVE,https://www.fynyty-fve.cz,KONTAKTinfo@fynyty-fve.cz
158,Galimed,https://www.galimed.cz,
159,Galvena,http://www.galvena.cz,galvena@galvena.cz
160,GBC Renesys,https://www.gbc-renesys.cz,info@gbc-renesys.eu
161,Genius FVE,https://geniusfve.cz,info@geniusfve.cz
162,Gigasolar,https://gigasolar.cz,000info@gigasolar.czZaje
163,Golden Sun Power,https://goldensunpower.cz,
164,GoldenSUN.energy,https://goldensun.energy,
165,Gottwald,https://www.fotovoltaika-gottwald.cz,dekinfo@fotovoltaika-gottwald.cz
166,Green Energy Solution,http://www.greenes.cz,info@greenes.cz
167,Green Force,https://www.greenforce.cz,826breda@greenforce.cz
168,Green Home Energy,https://homeenergy.cz,honzaminarik4204@seznam.cz
169,Greenbuddies,http://www.greenbuddies.eu,444sales@greenbuddies.euContactWhat
170,GreenCzech,https://www.greenczech.cz,prodej@greenczech.czProvozn
171,GreenDrop,https://www.greendrop.cz,lucies@greendrop.cz
172,Greensie,https://www.greensie-fotovoltaika.cz,
173,Greeny,https://greenycesko.cz,
174,GSP,https://greensolarpower.cz,
175,GT Solar Power,https://www.gtsolarpower.com,Inc.info@gtsolarpower.com
176,Gvservis,https://www.gvservis.cz,725info@gvservis.cz
177,H-Solar,https://www.h-solar.cz,info@h-solar.cz
178,H+D Elektromontáže,https://www.hd-elektro.cz,info@hd-elektro.cz
179,HC Kredit,https://hckredit.cz,hckredit@hckredit.cz
180,HE,https://www.horaenergy.cz,servis@horaenergy.cz
181,Hegas,https://www.hegas.cz,152hegas@hegas.czKa
182,Heinz-Elektro,https://www.heinz-elektro.cz,info@heinz-elektro.czWeb
183,Heko Group,https://www.heko-group.cz,
184,Helion CZ,https://helion.cz,info@helion.cz
185,Helios Solution,https://heliossolution.cz,info@heliossolution.cz
186,HQ Line,https://www.hqline.com,
187,Hyánek,https://hyanek.cz,elektro@hyanek.cz
188,IDB Solar,https://idb-solar.cz,obchod@idb-solar.cz
189,IGTech,https://www.igtech.cz,poptavky@igtech.cz
190,Ilios,https://ilios.cz,obchod@ilios.cz
191,Imosys,http://www.imosys.cz,martin.obst@imosys.cz
192,INEL,https://www.inel.cz,inel@inel.cz
193,Iner,https://www.iner.cz,000iner@iner.cz
194,Innogy,https://fotovoltaika.innogy.cz,
195,Insight Energy,https://www.insightenergy.solar,solar@InsightEnergy.eu
196,Instalace Praha,http://www.instalace.cz,
197,Instalprofi,http://www.instalprofi.cz,
198,INTV Solar,https://www.intvsolar.cz,2solar@intv.cz
199,Isofen Energy,http://www.isofenenergy.cz,859info@isofenenergy.cz
200,Istasolar,https://www.istasolar.cz,info@ista-solar.eu
201,J&V EcoConsult,https://www.jvecoconsult.cz,
202,Janovský Elektro,https://www.janovsky-elektro.cz,manager@janovsky-elektro.cz
203,Jezl Elektro,https://www.elektrojezl.cz,petr@elektrojezl.cz
204,JK-Solar,https://www.jk-solar.cz,
205,Joyce Čr,https://www.joyce-energie.cz,
206,Jt Eko Solar,http://www.jt-eko.cz,
207,K+B Elektro-Technik,https://www.kbelektro.cz,kbelektro@kbelektro.cz
208,Kaska,https://www.kaska.eu,
209,Kavoj Kovovýroba,https://fotovoltaika.kavoj.cz,
210,Keep Building,https://www.keepbuilding.cz,
211,Klempirstvi Kohut,https://www.klempirstvikohut.cz,info@klempirstvikohut.cz
212,Klimakom Energy,https://www.klimakomenergy.cz,
213,Klimawest,https://www.klimawest.cz,
214,Konex,https://www.solarobchod.cz,info@solarobchod.cz
215,Korola,https://www.korola-elektro.cz,kontakt@example.com
216,Kosmo,https://www.kosmosolar.eu,sales@kosmosolar.eu
217,KS Energy,https://www.ksenergy.cz,info@ksenergy.cz
218,KVE-mont,http://www.kvemont.cz,info@kvemont.cz
219,Lady Sol,http://ladysol.eu,
220,Lama Energy,https://www.lamaenergy.cz,zakaznik@lamaenergy.cz
221,Lama Solar,https://lamasolar.cz,
222,LH Energy,https://www.lh-energy.cz,info@lh-energy.cz.Zp
223,LQ Střechy,https://www.lqstrechy.cz,info@lqstrechy.cz
224,LSK Green Group,https://www.lskgreengroup.com,info@lskgreengroup.comobchod
225,Luboš Holub,https://www.holubstrechy.cz,holubstrechy@cmail.cz
226,Lucius Fox Engineering,https://www.lucius-fox.cz,
227,LUKY system,https://www.lukysystem.cz,LUKYsystem@seznam.cz
228,Lunek,https://www.lunek.cz,info@lunek.cz
229,Mallarisun,https://mallarisun.cz,info@mallarisun.cz
230,Marco Energy,https://www.marco-energy.cz,
231,Marvolt,https://marvolt.cz,info@marvolt.cz
232,Matru,https://www.matru.cz,
233,Mayle Energy,https://www.mayle.cz,
234,MC Elektro,https://mcelektro.cz,fve@mcelektro.cz
235,MDK Energy,https://www.mdkenergy.eu,info@mdkenergy.eu
236,Mega-Sunshine,http://www.mega-sunshine.cz,kancelar@mega-sunshine.cz
237,Mentari Green,https://www.mentari.cz,info@mentari.cz
238,Micronic,https://www.micronic.cz,obchod@micronic.cz
239,Micronix,https://www.micronix.cz,eshop@micronix.cz
240,Midatech,https://www.midatech.cz,glazer@midatech.cz
241,Milan Vaniš,https://www.milanvanis.cz,mil.vanis@seznam.cz
242,Miloš Šic,http://www.sicmilos.cz,sluzby@sicmilos.cz
243,Minext Pro,https://www.minext.cz,
244,Mira,https://www.mirabrno.cz,
245,MMM- Solar,http://www.solarnitechnika.info,solarnitechnika@seznam.cz
246,MUJ Solar,https://www.fotovoltaika.cool,info@fotovoltaika.cool
247,MV Projekt Klatovy,http://www.mv-projekt.cz,
248,Nano Solar,https://www.nanosolar.eu,
249,Nelumbo,https://www.nelumbo.cz,client@email.tld
250,NEO Power,https://www.neopower.cz,podpora@neopower.cz
251,Neon Partner,https://www.neonpartner.cz,
252,New Home Invest,https://www.nhinvest.cz,info@nhinvest.cz
253,NH Solar,https://nhsolar.cz,nhsolars@gmail.com
254,Nobility,https://nobility.cz,nobility@nobility.cz
255,Novasave,https://www.novasave.cz,info@novasave.cz
256,Novotný Elektronik,https://www.novotnyelektronik.cz,
257,Olympia Energy,https://olympiaenergy.cz,
258,OMNY,https://www.omny.cz,info@omny.cz
259,Operis,https://operis.cz,fve@operis.cz
260,Optimal Power,https://optimalpower.cz,
261,Ostrovní Elektrárny,https://www.ostrovni-elektrarny.cz,info@ostrovni-elektrarny.cz
262,OZE Solar,http://www.ozesolar.cz,
263,Pbsolar,http://www.pbsolar.cz,
264,Peebee,https://peebee.cz,dostijohanna.prokopova@peebee.cz
265,PENTO,https://www.pento.cz,pento@pento.cz
266,PePaSol,https://www.pepasol.cz,pavel.lucan@pepasol.cz
267,Pešek & Mudra,https://www.pesekmudra.cz,info@pesekmudra.cz
268,Petr Los,http://www.los-ec.eu,
269,Petralaan,https://www.petralaan.cz,obchod@petralaan.cz
270,Photon Energy Group,https://www.photonenergy.cz,
271,Planergy,https://planergy.cz,10jakub.tenzer@planergy.cz
272,Pluto Energy,http://www.plutoenergy.com,info@plutoenergy.com
273,Pokrývačství Bušta,http://www.busta.cz,
274,Polabské Dotace,https://www.polabske-dotace.cz,popelak@polabske-dotace.cz
275,Porsyl Systém,http://www.porsyl.cz,projekty@porsyl.cz
276,Postavime,https://www.postavime.eu,
277,Power Energy Innovations,https://www.pwe-in.cz,info@pwe-in.cz
278,Pražská Energetika,https://www.pre.cz,
279,Profialarm,https://www.profialarm.cz,info@profialarm.cz
280,Profilak Group,https://www.profilak-group.com,
281,Profisun Energy,https://profisun.cz,info@profisun.cz
282,Profit Solar,https://www.profitsolar.cz,
283,Project Zero,https://www.projectzero.cz,info@projectzero.cz
284,Projinstal Plzeň,http://www.projinstal.cz,
285,Prosolar,https://www.prosolar.cz,info@prosolar.cz
286,Protech Group,https://www.protech-group.cz,info@protech-group.cz
287,Protech Solar,https://protechsolar.cz,info@protechsolar.cz
288,Protection & Consulting,https://www.protection.cz,
289,ProTrading,https://protrading.cz,
290,PSD,https://www.psdelektro.cz,psd@psdelektro.cz
291,PVS,https://pvserviceplus.cz,fakturace@pvsplus.cz
292,Radek Holý,https://www.elektromont-radek.cz,elektromont.radek@seznam.cz
293,RaTi Elektro,https://www.rati.cz,racek@rati.cz
294,Ravont Solar,https://ravontsolar.cz,info@ravontsolar.cz
295,Rayo,https://www.rayo.cz,info@rayo.cz
296,RD Solar,https://www.rdsolar.cz,info@rdsolar.cz
297,ReEnergy,https://reenergy.cz,
298,Regam,http://www.regam.cz,info@regam.cz
299,Renastav,http://renastav.cz,renastav@renastav.cz
300,Renerga Solutions,https://www.renerga.cz,info@renerga.cz
301,Renergo Tech,https://renergotech.cz,info@renergotech.cz
302,Revamont,http://www.revamont.cz,
303,Revital Energy,https://www.revital-energy.cz,246revital@revital-energy.cz
304,reWATT,https://www.rewatt.cz,obchod@rewatt.cz
305,RH Elektro,https://rhelektro.com/fotovoltaika/,sekretariat@rhelektro.com
306,RMC Stavby,https://rmc-stavby.cz,
307,Rufy PV,https://rufypv.cz,
308,S-Power,https://www.s-power.cz,info@s-power.cz
309,S.W.H. Group,https://www.swhgroup.eu,info@swhgroup.eu
310,S&P innotec,https://www.spinnotec.cz,
311,Safima,https://www.safimagroup.cz,info@safimagroup.czTelefon
312,Sajdok Elektro,https://sajdokelektro.cz,Artboard-1@4x.png
313,Sany,https://www.sany.cz,480info@sany.cz
314,Sattech,https://sattech.cz,info@sattech.cz
315,Satturn Holesov,https://www.satturn.cz,satturn@satturn.cz
316,Schlieger,https://schlieger.cz,info@web.schlieger.cz
317,Sefy,https://sefy.cz,info@sefy.cz
318,Servis Solar,https://www.servissolar24.cz,solarlk@seznam.cz
319,SIFE,https://www.sife.cz,Brodinfo@sife.cz
320,Silektro,https://www.silektro.cz,
321,Simply,https://www.simply.cz,online.info@simply.cz
322,Slunsola SE,https://www.slunsola.cz,obchod@slunsola.cz
323,Smart Phoenix,https://www.smartphoenix.cz,dne.info@smartphoenix.czNav
324,Soelso,http://www.soelso.cz,
325,Solar Baron,https://solar-baron.cz,
326,Solar Bohemia,https://www.solarbohemia.cz,
327,Solar Brothers,https://www.solarbrothers.cz,pavel.k@solarbrothers.cz
328,Solar Bryka,https://www.solarbryka.cz,114info@solarbryka.czul
329,Solar Energy Unlimited,https://www.solareu.cz,
330,Solar Global,https://www.solarglobal.cz,info@solarglobal.cz
331,Solar Gods,https://www.solargods.cz,info@solargods.cz
332,Solar Living,https://www.solarliving.cz,
333,Solar NG,http://www.solarng.cz,
334,Solar Partner,https://solarnipartner.cz,info@solarnipartner.cz
335,Solar Planet,https://www.solarplanet.biz,
336,Solar Save,https://www.solarsave.cz,info@solarsave.cz
337,Solar Solution,https://solar-solution.cz,
338,Solar Techtrade Praha,https://www.solartechtrade.cz,info@solartechtrade.cz
339,Solar-Elektro,https://www.solar-elektro.cz,720info@solar-elektrarna.cz
340,SolarBase,https://www.solarbase.cz,info@solarbase.cz
341,Solarbeam,https://www.solarbeam.cz,
342,SolarCell,http://www.solarcellinfo.cz,
343,SolarCo,http://www.solar-co.cz,
344,Solarel,https://solarelsro.cz,
345,Solarenvi,https://www.solarenvi.cz,pilar@plosab.cz
346,Solarfix,http://www.solarfix.cz,
347,Solarfy,https://solarfy.cz,info@solarfy.cz
348,SolarHome,https://www.solarhome.cz,
349,Solaring,https://www.solaring.cz,
350,Solarinvest,https://www.solarinvest.cz,poptavky@solarinvest.cz
351,SolarkocikConstruction,https://solarkocikconstruction.eu,info@solarkocikconstruction.eu
352,Solarkonastrechu,https://www.solarkonastrechu.cz,info@solarkonastrechu.cz
353,Solarmac,https://solarmac.webnode.cz,kontakt@example.com
354,Solarmont,https://solar-mont.cz,info@solar-mont.cz
355,SolarniReseni,https://solarnireseni.cz,info@solarnireseni.cz
356,Solarplan,https://www.solarplan.cz,373obchod@solarplan.czFVE
357,SolarPro,http://www.solarpro.cz,solar.pro@email.cz
358,SolarQ,https://www.solarq.cz,info@solarq.cz
359,Solars,https://www.solars.cz,info@solars.czNakupujte
360,Solartec,https://solartec.eu,info@solartec.eu
361,Soláry Chytře,https://www.solary-chytre.cz,info@solary-chytre.czI
362,Solek,https://www.solek.com,
363,Solengen,https://solengen.cz,info@solengen.cz
364,Solergy,https://solergy.cz,
365,SolidSun,https://www.solidsun.cz,506info@solidsun.czU
366,Sollaris,https://www.sollaris.cz,
367,SOLSOL,https://www.solsol.cz,30sales@solsol.czSpole
368,Solution Energy,https://www.solution-energy.cz,office@solution-energy.cz
369,SOMI,https://somias.cz,info@somias.cz
370,Sonea,https://www.sonea.cz,
371,Sorian,https://www.sorian.cz,info@sorian.cz
372,Sparkinvest,https://solarpark.cz,
373,ST Alternative Energy,https://www.stae.cz,info@stae.cz
374,Stamp Uni,https://www.solarkv.cz,info@solarkv.cz
375,Stand By Energy,https://www.fveplzen.cz,
376,Strechy Šot,https://www.strechy-sot.cz,obchod@strechy-sot.cz
377,Střechy Vaníček,https://www.strechy-vanicek.cz,info@strechy-vanicek.cz
378,Sun 4 Power,https://www.sun4power.cz,info@sun4power.cz
379,Sun Assist,https://www.sunassist.cz,info@sunassist.cz
380,Sun Krystal,https://sunkrystal.cz,fve-pro-rodinne-domy@2x.webp
381,Sun Pi,https://www.sunpi.cz,kontakt@example.com
382,SunBrothers,https://sunbrothers.cz,info@sunbrothers.cz
383,Sunfin,https://www.sunfin.cz,poptavkyFVE@sunfin.cz
384,Sunios,https://www.sunios.cz,
385,SunLife Energy,https://sunlife.cz,
386,Sunlink,https://sunlink.cz,info@sunlink.cz
387,Sunlite Technologies,https://sunlite.cz,090info@sunlite.cz
388,Sunlux,https://www.sunlux.cz,s.r.o.info@sunlux.cz
389,Sunmander,https://www.sunmander.cz,
390,Sunmill,https://sunmill.cz,jakub.mlejnek@sunmill.cz
391,Sunnytech,https://sunnytech.eu,info@sunnytech.eu
392,Sunus,https://www.sunus.cz,028sunus@sunus.cz
393,Sunwork,https://sunwork.cz,poptavka@sunwork.cz
394,Sup-Technik,https://suptechnik.cz,info@suptechnik.cz
395,Svoboda A Syn,https://www.sasbrno.cz,
396,SVP Solar,https://www.svp-solar.cz,info@svp-solar.cz
397,Systep,https://www.systep.cz,
398,Techniart Servis,https://www.techniart.cz,
399,Technologie Budov,https://www.technologie-budov.cz,323info@technologie-budov.cz
400,Teplo-Chlad,https://www.teplo-chlad.cz,info@teplo-chlad.cz
401,Terms,,
402,Tersys,https://www.tersys.cz,sales@tersys.cz
403,TIPA Solar,https://www.tipasolar.cz,info@tipasolar.cz
404,TIPA Telekom,https://www.tipatelekom.cz,
405,Top-Envi Tech Brno,https://topenvi.cz,emise@topenvi.cz
406,Topsolars.com,https://topsolars.com,info@topsolars.com
407,Transference,https://transference.cz,info@transference.cz
408,Treals MP,https://www.treals.cz,
409,Tribase Arch,https://www.tribase.cz,
410,Trienergo,https://www.trienergo.cz,
411,Tronenergy,https://www.tronenergy.eu,kontakt@tronenergy.eu
412,TWI spol,https://www.twi.cz,twi@twi.cz
413,Unifast Solar,https://www.unifastsolar.cz,unifast@unifast.cz
414,Unifin - Klima,https://www.unifinklima.cz,534jats@unifin-klima.cz
415,Valorem Energy,https://valoremenergy.cz,
416,Vega,http://www.elektrovega.cz,
417,Vektor Energy,http://www.vektor-energy.cz,info@vektor-energy.cz
418,ViaPower sro,https://www.viapower.cz,
419,VK Technik,https://www.vktechnik.cz,vktechnik@vktechnik.cz
420,Voltin,https://www.voltin.cz,17379202info@voltin.czVOLTINO
421,VS Elektro Komplet,https://www.vselektrokomplet.cz,
422,VV&J,http://www.vvaj.cz,vvaj@vvaj.cz
423,Watthouse,https://watthouse.cz,info@watthouse.cz
424,Woltair,https://www.woltair.cz,info@woltair.cz
425,YellowSun,https://www.yellowsun.cz,
426,Západočeská Fotovoltaická,https://www.zcf.cz,info@zapadoceskafotovoltaicka.cz
427,Zape Elektro,http://www.zapeelektro.cz,zape@zapeelektro.cz
428,Zero Living,https://www.zeroliving.cz,123obchod@zeroliving.cz
429,Zeus Technics,https://www.zeustechnics.cz,376info@zeustechnics.czwww.zeustechnics.czNa
