Number,Company Name,Company Website,Email
1,1001 Soleils,https://soleils.biz,
2,123 Photovoltaïque,https://www.123photovoltaique.com,pmgalien@domotoit.com
3,2 APC,https://2apc.fr,societe2apc@yahoo.fr
4,2B Energy,https://sarl2benergy.fr,
5,2ES,https://www.2es.fr,
6,4Eco Home,https://www.4ecohome.fr,contact@4ecohome.fr
7,6nergies,https://6nergies.fr,conseiller@6nergies.fr
8,A l'eau Solaire,https://www.aleausolaire.fr,
9,A.E.S. Artisan Electricien,https://aes-electricien.fr,
10,A.J Toit,https://ajtoit.wordpress.com,
11,A.S.H.,https://www.ash.solar,
12,A+ Energies,https://www.aplusenergies.fr,
13,A+ Solaire,https://www.aplus-solaire.fr,
14,A2Enr,https://www.renovelectricite.fr,
15,A2G Genie Energetique,https://www.a2g-energie.fr,
16,AàZ Solaire,https://www.aazsolaire.com,
17,AB ENR Services,https://www.enr-services.fr,
18,AB Solaire,https://www.absolaire.fr,
19,AB-Solaire,http://www.ab-solaire.fr,
20,Abba Energies,https://www.abba-energies.fr,
21,ABC 83,https://abc83.fr,
22,ABCE,https://www.abce.fr,
23,ABE,http://www.armorbio.fr,
24,ABplus Solaire,https://www.abplus-solaire.fr,
25,Acacias Énergie,https://acacias-energie.fr,
26,ACAMA Energies,https://www.acama-energies.fr,
27,Acape Energies,https://acape-energies.com,
28,Acclean Air,https://acclean-air.fr,
29,Acéa Énergies,https://www.acea-energies.com,
30,Acelec 19 CP Plomberie,https://www.acelec19-cp-plomberie.fr,
31,Achard Charpente,https://www.achard-charpente.com,
32,ACM,https://www.aisnergie.fr,
33,Act'solaire,https://www.act-solaire.fr,
34,Activ,https://www.activ-batiments.fr,
35,Activ Renovation,https://activ-renovation.com,
36,Activ'Environnement,https://www.activenvironnement.fr,
37,Activ'PV,https://activ-pv.fr,
38,AD Power Water,http://www.adpowerwater.com,
39,Adam & Nicolas,https://installation-solaire-vosges.com,
40,Add-Er,https://www.add-er.fr,
41,Adekwatts,https://www.adekwatts.fr,
42,Adimgroupe,http://adimgroupe.com,
43,AdiWatt,https://www.adiwatt.com,
44,Advanced Energies,https://www.advanced-energies.com,
45,AEC,http://www.aec38.fr,
46,AEG Aquitaine,https://aeg-aquitaine.com,
47,Agence Tous Services,https://www.agencetousservices.com,
48,Agéo,https://www.ageo-soustons.com,
49,AGPG,https://agpg-france.com,
50,Agriwatt,https://agriwatt.fr,
51,Aguisol,https://www.aguisol-68.com,
52,Aim Solutions Energies,https://www.aim-solutionsenergies.com,
53,Airsol,http://airsol44.com,
54,Aix Solaire,https://www.aix-solaire.fr,
55,AJ Energy,https://aj-energy.fr,
56,AJnrj,https://www.ajnrj.fr,
57,Akuo Energy,https://www.akuoenergy.com,
58,Albioma,https://www.albioma.com,
59,Alcone,http://alcone.fr,
60,ALhena,https://www.alhena-net.com,contact@alhena-net.com
61,Alimelec,https://www.electricite-alimelec-neuvilleauxbois.fr,coignet.dom@orange.fr
62,Alizon,https://www.alizon-enr.fr,
63,Allaire du Temps,https://www.allairedutemps.fr,
64,Allez,https://www.allez.fr,contact@allez.fr
65,AlloSun,https://www.groupe-allosun.com,
66,Alpha,http://www.alpha66.fr,
67,Alphée Energies,https://alphee-energies.fr,administratif@alphee-energies.fr
68,Alt'Air,https://www.altairiso.com,
69,Altener,https://www.altener.fr,90sarl-altener@orange.fr
70,Alter Eco,https://www.alter-eco.fr,
71,Alter Energies,http://www.alterenergies.fr,
72,Alter Energies & Services,https://www.alter-energies.com,contact@alter-energies.com
73,Alter&Coop,https://alterecoop.fr,contact@alterecoop.fr
74,Altergie,https://altergie.eu,contact@altergie.eu
75,Alvarez Solaire,https://www.alvarezsolaire.com,
76,Amae-Energies,https://www.amae-energies.com,
77,Ambiance Energie,https://www.ambiance-energie.fr,melvin.monzo@ambiance-energie.fr
78,Ambre Energies,https://www.ambre-energies.com,contact@ambre-energies.com
79,AMHC,https://amhc.fr,98marketing@amhc.fr
80,Amiaud,https://www.chauffage-energie-solaire-vendee.com,
81,Amilys,https://www.amilys.fr,
82,Amisun,https://www.amisun.fr,amisun.ouest@gmail.com
83,Ander'Clim,https://www.anderclim.com,commercial@anderclimpv.com
84,Anéo Energie,https://www.aneo-energie.fr,contact@aneo-energie.fr
85,Anysolars,https://anysolars.com,
86,APB Energy,https://www.apb-energy.fr,contact@apb-energy.com
87,Apex Energies,https://www.apexenergies.fr,
88,APS,https://armorsolaire.fr,aps.aps@orange.fr
89,AQTB Electricité,https://www.aqtb.com,
90,Aqua Sun,http://aqua-sun.com,
91,ArcelorMittal Exosun,https://corporate.arcelormittal.com,
92,Arema Energies,https://arema-energies.fr,
93,Arkeos Energie,https://www.arkeosenergie.com,
94,Arrivelec,https://arrivelec.fr,
95,Art & Eau,https://www.arteteau.fr,
96,Arteis,https://www.arteis-solaire.fr,
97,Artemis Concept,https://www.artemisconcept.fr,
98,Artibat,https://sarl-artibat.fr,
99,Artyseo,https://www.artyseo.fr,
100,AS Couverture,https://www.as-couverture-bellac.fr,
101,ASE,https://www.energie-solaire-haute-savoie.com,
102,ASE Energy,https://www.ase-energy.com,
103,ASF,https://www.airsolairefrance.fr,
104,Aspsolaire31,https://www.aspsolaire31.fr,
105,ASR Fluidelec,https://www.asrfluidelec.fr,contact@asrfluidelec.fr
106,Asteelflash,https://www.asteelflash.com,
107,Astre Energies,http://astre-energies.fr,contact@astre-energies.fr
108,ATB Rénovation,http://atb-renovation.com,
109,ATE33,https://ate33.fr,v.maranon@ate33.fr
110,Aterno ENR,https://www.aternoenr.fr,
111,Atmos Énergie,https://www.atmos-energie.fr,contact@atmos-energie.fr
112,Atmosph'air Concept,https://www.atmosphairconcept.fr,chantiers.accueil@concept-co.frR
113,ATSE Photovoltaïque,https://www.ats-photovoltaique.com,
114,Aubenergie,http://www.aubenergie.com,
115,Audemard Energies Renouvelables,https://www.energies-audemard.com,
116,Auger,https://augerjp.fr,
117,Ausolen,https://ausolen.fr,
118,Autan Solaire,https://www.autan-solaire.fr,contact@autansolaire.fr
119,Autosun Energie,https://www.autosunenergie.com,
120,Avel Thor Solaire,http://avelthorsolaire.fr,avelthorsolaire@orange.fr
121,Avena Energies,http://www.avena-energies.fr,alexandre@avena-energies.gmail.fr
122,Avenco-Élec,https://avenco-elec.com,
123,Avenir Eco,https://www.avenireco-photovoltaique.fr,contact@avenireco.solar
124,Avenir Énergie,https://www.avenir-energetique.fr,
125,Avenir Energies,https://www.avenirenergies.fr,chaleurContactcontact@avenirenergies.fr
126,Aviz Energie,https://www.avizenergie.com,
127,Avnor,https://www.avnor.fr,
128,AZ Energies,https://azenergies.fr,
129,Azedtherm,https://azedtherm.com,
130,Azur Elec,https://azursolaire.fr,contact@azursolaire.fr
131,Azur Système Solaire,https://www.azur-systeme-solaire.fr,29contact@azur-systeme-solaire.frLundi
132,Bache,http://www.ets-bache.fr,
133,Barcaioni,https://www.barcaioni.fr,barcaioni@barcaioni.fr
134,Bati 82,https://www.bati82.fr,contact@bati82.com
135,Batif,https://www.batif.fr,
136,Bâtiment Gratuit,https://batiment-gratuit.fr,batimentgratuit.fr@gmail.com
137,Bativamos,https://bativamos.com,
138,Batterie+ Solaire,https://batterieplussolaire.fr,contact@solairebatterie.fr
139,BBS,https://www.bbs-solaire.com,contact@bbs-solaire.com
140,BDF,https://www.charpente-couverture-coltainville.fr,
141,BE-Technic,https://www.be-technic.com,
142,Beaufils Energie Solaire,https://www.beaufilspatrimoine.fr,info@beaufilspatrimoine.fr
143,Béchard,https://www.bechard.fr,
144,Bellay,https://www.bellay.fr,contact@bellay-electricite.fr
145,Bernard Associes,https://bernardassocies.fr,
146,Berry Solar,https://berrysolar.fr,serviceclient@berrysolar.fr
147,BESSenr,https://boisenergiesolaire.com,
148,BFC Solaire,https://www.bfc-solaire.fr,
149,BG Chauffage,http://bgchauffage.free.fr,
150,BHélectricité,http://bhelectricite.fr,contact@bhelectricite.fr
151,Bilheude,https://www.bilheude.com,contact@bilheude.com
152,Biotechabitat,https://www.biotechabitat.com,communication@biotechabitat.com
153,Biothermic Solar,https://biothermicsolar-35.fr,contact.biothermic@gmail.com
154,BL Energie,https://bl-energie.com,
155,BM Elec-Evolution,https://www.bmelecevolution.com,contact@bm2e.fr
156,Bolidum,https://www.bolidum.fr,contact@bolidum.com
157,Bonhomme,https://www.bonhomme-couverture.com,
158,Bonneaud,https://www.ets-bonneaud.fr,
159,Bordron Associés,https://www.bordron-associes.fr,28contact@bordron-associes.fr
160,Boubat Eco Energie,https://boubatecoenergie.fr,
161,Bougnoteau,https://www.bougnoteau.com,
162,Bousset Entreprise,http://www.bousset-chauffage.com,service@linkeo.com
163,Boutet Entreprise,https://sarlboutet.fr,contact@sarlboutet.fr
164,Boutineau,https://www.boutineau.fr,commercial@soregies-services.fr
165,Bregeon Maudet,https://www.bregeonmaudet.com,
166,Breizh Energies Systèmes,https://www.besystemes.com,
167,Bresse Energies,https://www.bresseenergies.fr,accueil@bresseenergies.fr
168,Briand Energie,https://www.briand.fr/savoir-faire/,p.fruchart@briand-db.fr
169,Brival,https://www.brival-ecoenergie.fr,contact@sas-brival.com
170,BS Toitures,https://www.bs-toitures.fr,b.s.toitures@live.fr
171,BSA Énergies,https://bsa-energies.com,
172,BSE,https://www.berrysolaire.fr,
173,BYES,https://www.bouygues-es.fr,sct@bouygues-es.com
174,C2A,https://www.c-2a.fr,
175,Calia Energy,https://calia-energy.fr,contact@calia-energy.fr
176,Canopy Energy,https://www.canopy-energy.com,questions.Emailcontact@canopy-energy.comPhone
177,Cap Bio Nrj,https://www.capbionrj.fr,
178,Captain Solar,https://www.captainsolar.fr,
179,Carbon Solar,https://carbon-solar.com,Contactcontact@carbon-solar.com
180,Carré,https://www.carreconstructions.com,
181,Carré Solaire,https://www.carresolaire.com,Votre@email.com
182,CCPV 83,https://photovoltaique83.fr,contact@photovoltaique83.fr
183,Cegelec,https://www.cegelec-la-rochelle.fr,
184,Céleste Énergie,https://celeste-energie.fr,
185,CEME,https://groupe-ceme.com,
186,Ceneo,https://www.ceneo-energie.fr,contact@ceneo.fr
187,Cenert,https://cenert.fr,
188,Centrale Solaire,https://www.centralesolaire.eu/en.html,contact@centralesolaire.eu
189,Cerdagne Energie,https://cerdagne-energie.fr,
190,Cerise Techniques,https://www.cerise-techniques.com,contact@cerise-energies.fr
191,CF Energie,https://www.cfenergie.com,
192,CFC79,https://www.cfc79.fr,contact@cfc79.fr
193,Chabanat,https://www.chabanat.fr,
194,Charpente Arriau,https://www.arriau-charpente.fr,
195,Choozy,https://www.professionplombier.fr,
196,Chovin,http://www.chovin.fr,
197,Christian Morlat,https://www.christianmorlat.com,contact@christianmorlat.fr
198,Christo Energie,https://christo-energie.fr,
199,CIBEC,https://www.cibec.fr,
200,Ciel & Terre,https://ciel-et-terre.net,chosen-sprite@2x.png
201,Ciel Energies Nouvelles,https://www.cielenergiesnouvelles.fr,contact@cielenergiesnouvelles.fr
202,Cimes Energies,https://www.cimes-energies.fr,contact@cimes-energies.fr
203,Circuit Court Energie,https://circuitcourt-energie.com,
204,CITE,https://www.citevenaut.fr,contact@citevenaut.fr
205,Claude Debuire,https://www.debuire-couverture.fr,
206,Clef Énergies,https://clef-energies.fr,contact@fclh.fr
207,Clim Energy,https://www.climenergy-gard.fr,
208,Clim Var Froid,https://www.climvarfroid.com,
209,Clim'Concept,https://www.clim-elec34.com,contact@clim-concept34.com
210,Climasphere,https://www.climasphere.com,
211,Climat Energie,https://climat-energie.fr,contact@sarl-climatenergie.fr
212,Climat Uni’Vert,https://www.climat-uni-vert.fr,contact@climatunivert.fr
213,Climat'Eco,https://www.climateco.fr,
214,Climatix,https://climatix-lh.com,
215,Climax,https://www.climax.fr,raster@2x.png
216,Climo-Confort,https://cconfort.fr,
217,Climprotec,https://www.climprotec.net,contact@climprotec.net
218,CMC Énergies,http://www.cmc-energies.eu,contact@cmc-energies.fr
219,CNR,https://www.cnr.tm.fr,
220,COA,https://www.coa-languedoc.fr,contact@coa-languedoc.fr
221,Côba Énergies,https://www.cobaenergies.fr,
222,Coegy,https://www.coegy.fr,19hcontact@coegy.fr
223,ColdTec,https://coldtec.eu,
224,Com Energie,http://www.com-energie.com,
225,Compagnons des Energies Solaires,https://www.energies-solaires.fr,
226,Conersol,https://www.conersol.fr,
227,Conforthermic,https://www.conforthermic-normandie.fr,ireneceustermans@gmail.com
228,Conseils D'artisans,https://www.conseils-dartisans.fr,
229,Core Energies,https://www.core-energies84.com,secretariat@core-energies84.comACCUEILNOS
230,Corse Energie Solaire,http://corse-energie-solaire.corsica,
231,Cosmos NRJ,https://cosmosnrj.com,contact@cosmosnrj.com
232,Courant Naturel,https://www.courantnaturel.com,info@courantnaturel.com
233,Coutants d'Ouest,http://www.courantsdouest.com,contact@courantsdouest.comDu
234,Couvreur Solaire,https://couvreur-solaire.fr,contact@couvreur-solaire.fr
235,Cozynergy,https://www.cozynergy.com,contact@cozynergy.com
236,CPAE,http://www.cpae.fr,80contact@cpae.frSiret
237,CPTE,https://www.cpte.fr,
238,CR2P,https://www.cr2p.fr,contact@cr2p.fr
239,Créno,https://energies-renouvelables-muzillac.fr,
240,CSE,https://capsoleilenergie.com,
241,Cythelia Energy,https://www.cythelia.fr,
242,Daniel Gravier Entreprises,https://www.gravier.fr,
243,Defisolar,https://defisolar.com,
244,Delage Systèmes,https://www.delage-systemes.com,contact@delage-systemes.com
245,Delamet,https://www.delamet.com,contact@delamet.com
246,Descamps,https://www.ent-descamps.fr,contact@ent-descamps.fr
247,Dimeo Energie,https://www.groupedimeo.fr,
248,Diwatt,https://www.diwatt.fr,
249,Dizay Energy,https://www.dizayenergy.fr,
250,DL' Air,https://www.dlair.fr,
251,Dms Eco,https://www.dms-eco.fr,contact@dms-eco.fr
252,Domologique,https://www.domologique.fr,contact@domologique.fr
253,Domosolaris,https://www.domosolaris.com,42contact@domosolaris.com
254,DualSun,https://dualsun.com,
255,Dubecq et Fils,https://dubecq-photovoltaique.com,
256,Dulhauste Thermique,https://www.dulhauste-thermique.fr,dulhauste.thermique@orange.fr
257,Durou Philippe,https://www.philippe-durou.fr,
258,E'solaire,https://esolaire.fr,
259,E2S,https://www.e2solaire.com,
260,Eabatelec,https://eabatelec.com,contact@eabatelec.fr
261,EasyVolt,https://www.easyvolt.fr,
262,Eau & Énergie,https://www.eauetenergie.fr,info@eauetenergie.fr
263,Eau Air Sol,https://www.eau-air-sol.fr,
264,Eberria,https://www.eberria.com,
265,Eccs,https://www.eccs.fr,
266,Écho Energies,https://echo-energies.fr,
267,Eclair Industries,https://www.eclairsa.fr,
268,Eco Atlantique,https://ecoatlantique.fr,contact@ecoatlantique.fr
269,Eco Energie Concept,https://www.eco-energie-concept.fr,
270,Eco Énergie Systèmes,https://www.energies-renouvelables-tarare.fr,
271,Eco Logique Energy,https://ecologiqueenergy.fr,
272,Eco Performance,https://www.eco-performance.eu,
273,Eco Smart,https://www.ecosmartfrance.fr,contact@ecosmartfrance.fr
274,Êco Solution,https://www.eco-solution-energie.com,direction@eco-solution-energie.com
275,Eco Solution Energie,https://www.ecosolutionenergie.com,contact@ecosolutionenergie.com
276,Eco Systeme Durable,https://ecosystemedurable.fr,contact@esd-rge.fr
277,Eco-Logis,https://groupfranceecologis.com,
278,Eco-Solaire,https://www.ecosolaire-cantal.fr,
279,Eco-Systèmes,http://www.ecosystemes-04.com,ecosystemes@wanadoo.fr
280,Ecobat Énergie,http://www.ecobat-energie.fr,
281,Ecoclimat,https://www.eco-climat.com,contact@eco-climat.com
282,EcoDouBio,https://www.ecodoubio.com,infos@ecodoubio.fr
283,Ecoelec,https://www.ecoelec34.fr,17contact@groupe-aton.com
284,Ecofulltech,https://ecofulltech.onlc.fr,ecofulltech@live.fr
285,Ecogia,https://ecogia.fr,info@ecogia.fr
286,Ecopart,https://ecopart.fr,
287,EcoPower,https://www.ecopowereurope.com,info@ecopowereurope.com
288,Ecosolar Energy,https://ecosolar.energy,contact@ecosolar.energy
289,Ecosun Technology,https://ecosun-technology.fr,
290,EDF,https://edf-renouvelables.com,
291,Edilians,https://edilians.com,
292,EDMI,https://edmi-elec.fr,19contact@edmi-elec.fr
293,Edmond Solutions,https://edmond-solutions.fr,contact@edmond-solutions.fr
294,Efficience Energie,https://panneau-solaire-efficience.fr,vertical_menu_minus@1_5x.png
295,Efisun,https://www.efisun.fr,30contact@efisun.fr
296,EGL,https://egl-elek.com,egl.elek@yahoo.com
297,Eh'lectrique,https://www.eh-lectrique.fr,eh.lectrique@laposte.net
298,EHR Énergie,https://www.est-habitat-renovation.fr,societe.ehr@gmail.comSUIVEZ
299,Eicbat,https://www.eicbat.com,
300,Ekinoks,https://ekinoks.fr,
301,Ekoterm,https://ekoterm.fr,
302,Elec 7 Services,https://electricite-services-climatisation.fr,elec7services@gmail.com
303,Elecsolservice,https://www.elecsolservice.fr,
304,Electric' Energies Clim,https://www.electricenergiesclim.fr,electric.energies.clim@orange.fr
305,Électricité Gardoise,https://bm-invest.com,
306,Électricité Mougenot,http://www.mougenot.fr,electricite@mougenot.fr
307,Électricité Service,https://electriciteservice.com,s.tabone@electriciteservice.fr
308,Electricité Weiss,http://electriciteweiss.fr,sarlweiss@free.fr
309,Electro Concept Energie,https://www.electro-concept.net,
310,Electron Libre,https://www.electron-solaire.fr,15contact@electron-solaire.frInformationsPhotovoltaique
311,Électron Vert,https://electron-vert.fr,-les-Pinscontact@electronvert.com
312,Elios Services,https://eliosservices.com,contact@elios-services.fr
313,Elip's,https://www.elips-sarl.fr,
314,Elit Solar,https://elit-solar.fr,info@elit-solar.fr
315,Elk Performance,https://elk-performance.fr,contact@elk-performance.fr
316,Emeraude Energy,http://www.emeraude-energy.com/en/home,
317,Emeraude Solaire,https://www.emeraude-solaire.com,
318,ENC,https://www.encpro.fr,
319,Enedal,https://enedal.fr,
320,Enegys,https://www.enegys.fr,
321,Énerg'éthique,https://www.energ-ethique.com,
322,EnergElec,https://sarl-energelec.com,sarlenergelec90@gmail.com
323,Energesia,https://www.energesia.fr,contact@energesia.frENERGESIA
324,Energia64,https://www.energia64.fr,contact@energia64.fr
325,Energical,https://energical.fr,
326,Energie Côté Sud,https://www.energie-cote-sud.com,ecs@energie-cote-sud.com
327,Énergie Nouvelle Occitane,https://www.energienouvelleoccitane.fr,
328,Energie O' Solr,https://www.energieosolr.fr,
329,Energie Services 67,https://www.energieservices67.com,contact@energieservices67.com
330,Energie Solaire 85,https://www.energie-solaire85.com,
331,Energies Concept,https://energiesconcept31.fr,
332,Energies de Loire,https://energiesdeloire.com,
333,Énergies Et Techniques,https://energies-techniques.fr,contact@energies-techniques.fr
334,Énergies Green,https://energies-green.com,RESsolaire@energies-green.comsav
335,Energies Toitures,https://www.energies-toitures.com,ethan.santerre@energies-toitures.comDEVIS
336,Energies Vertes Occitanie,https://www.solaireoccitanie.fr,contact@solaireoccitanie.fr
337,énergieZen,https://www.energiezen.fr,605a7baede844d278b89dc95ae0a9123@sentry-next.wixpress.com
338,EnergyGo,https://www.energy-go.fr,bonjour@energy-go.frPour
339,Enerios,https://enerios.fr,contact@enerios.fr
340,Enerpose,http://www.enerpose.fr,
341,Enerpur,https://www.enerpur.fr,contact@enerpur.fr
342,Enersolis,https://enersolis.fr,
343,Enersun,https://www.enersun.fr,enersun@enersun.fr
344,ENF,https://enf-oi.fr,
345,Engie,https://www.engie.com,
346,ENGIE Green France,http://www.engie-green.fr,dpm.egn@engie.com
347,Enoé Energie,https://www.enoe-energie.fr,
348,ENR Développement,http://www.enr-developpement.fr,contact@enr-developpement.fr
349,ENR Solar,https://enr-solar.fr,
350,ENR Solutions,https://www.enr-solutions.fr,
351,Enr2j,https://www.enr2j.fr,
352,EnRSol,https://www.enrsol.fr,
353,Entreprise MAS,http://www.mas.fr,contact@mas.fr
354,Envi-Tech-Solar,https://envitechsolar.fr,contact@envitechsolar.fr
355,EPA,https://energies-partagees-alsace.coop,
356,Equip'ENR,https://www.equipenr.fr,
357,ESEN,https://www.euroelec-smartenergy.com,contact@euroelec-smartenergy.com
358,Espace Eco Habitat,https://www.espace-eco-habitat.fr,contact@espace-eco-habitat.fr
359,Etera,https://etera.fr,
360,Etnair,http://etnair.com,accueil@etnair.com
361,Ets Di Pasquale,https://www.ets-dipasquale.com,
362,Ets Gires,https://www.gires-sarl.com,contact@gires-sarl.com
363,Ets Meunier,https://www.ets-meunier.fr,
364,Ets Thomas,https://thomas-electricite.com,
365,Ets Vellard,https://www.vellard-chauffage.fr,
366,Eurelec,https://www.eurelec.org,accueil@eurelec.org
367,Euro Tech,https://eurotech47.fr,
368,Europe Énergie,https://www.europe-energie.com,
369,Eutrope Elec,https://eutrope-elec.com,mesEmailsecretariat@eutrope-elec.comT
370,Evasol,https://www.evasol.fr,
371,EVF,https://www.evf-energie.com,
372,EVM,https://www.evm-solaire.fr,
373,Evynergie,https://evynergie.fr,projetcommercial@evynergie.com
374,Exo Solar,https://www.exo-solar.com,
375,Fauche,https://www.fauche.com,05contact@fauche.comInscrivez
376,Fauchet,https://www.fauchet.fr,pro@fauchet.fr
377,Favier Bruno,https://www.electricite-favier.com,
378,FJF Énergies,https://www.fjfenergies.fr,administration@fjfenergies.fr
379,Florian Kroener,https://www.florian-kroener.com,contact@florian-kroener.com
380,Force Eco,https://force-eco.fr,hello@force-eco.fr
381,France Global Energies,https://www.franceglobalenergies.fr,
382,France Habitat,https://www.francehabitatenr.fr,
383,France Solar,https://france-solar.fr,
384,Francenergies,https://www.francenergies.fr,contacts@francenergies.fr
385,Free Energie,https://www.freeenergie.fr,
386,Free Power,https://www.free-power.fr,
387,Frelon,http://www.frelon-charpente.com,
388,Fripacc,https://fripacc.fr,
389,Gallet,https://www.gallet-energies.fr,
390,Gallo,https://www.sarl-gallo.fr,
391,Gamarra,https://gamarra.fr,contact@gamarra-energiesrenouvelables.fr
392,Gan Energy,https://www.gan-energy.com,Francecontact@gan-energy.comCONTACTEZ
393,Gautier,http://www.gautier-entreprise.fr,
394,GDER,https://www.gder.fr,
395,GEAS Group,https://www.geas.fr,
396,GEEF,https://www.ecoenergiefrance.fr,contact@ecoenergiefrance.fr
397,GEM Energie,https://www.gemenergie.fr,
398,Generation Solaire,https://www.generationsolaire.com,
399,Genergies,https://genergies.fr,secretariat@genergies.fr
400,Genie Solar,https://www.geniesolar.com,
401,Gensun,https://gensun.fr,
402,GéoClim Loire,https://www.geoclimloire.com,
403,Gergaud,https://gergaud-industrie.fr,
404,GHE,https://www.ghefrance.fr,contact@ghe-photovoltaique.fr
405,Gibeaux,https://www.gibeaux.com,
406,Girerd ENR,https://girerd-enr.fr,Info@girerd-enr.fr
407,Girosun,https://www.girosun.fr,contact@legiret.com
408,GlobaleTech,https://globaletech.fr,contact@globaletech.frS
409,GMV Industrie,https://www.gmvindustrie.com,
410,GO Solar,https://www.go-solar.fr,
411,Gourdeau Guilbaud,https://www.gourdeau-guilbaud.fr,thierry.guilbaud52@sfr.fr
412,GPS Couverture,https://gps-couverture.com,
413,GR Energies,https://grenergies.com,contact@grenergies.com
414,Green EnR,https://www.greenenr.fr,info@greenenr.fr
415,Green Ouest,https://greenouest-enr.fr,pierre@greenouest-enr.fr
416,Green Pro Elec,https://www.greenproelec.fr,
417,GreenYellow,https://fr.greenyellow.com,
418,GreenYellow,https://www.greenyellow.com,
419,Greiner,https://greiner-energies.fr,info@greiner-enr.fr
420,Group Solar,https://www.groupsolar.fr,info@groupsolar.frsav
421,Groupe Isola Energies,https://www.groupe-isola-energies.fr,
422,Groupe Roy Énergie,https://www.gre-enr.fr,
423,Groupe Vincentz,https://www.groupe-vincentz.net,
424,Guignard,https://www.sarlguignard.com,entrepriseguignard@orange.fr
425,H&M Enr,https://www.hetmenr.fr,
426,H2E,https://home-eco-enr.com,contact@home-eco-enr.comRETROUVEZ
427,Habitat & Energies,https://www.habitat-energies.com,info@habitat-energies.com
428,Habitat RT2020,https://www.habitatrt2020.fr,
429,Habitat Watt,https://habitatwatt.fr,
430,Haka Energy,https://haka-energy.com,haka.energy@orange.fr
431,Haut Sommet,https://hautsommet.com,secretariat.hautsommet@gmail.com
432,HBE Solutions,https://www.hbe-solutions.fr,contact@hbe-solutions.fr
433,Hébert Électricité,https://www.hebert-elec.fr,
434,Heintz Equipements,http://heintz-solar.com,info@heintz-solar.com
435,Helexia,https://www.helexia.green,contact@helexia.eu
436,Helexia Agri,https://www.helexia-agri.com,helexia-agri@helexia.eu
437,Heliopac,https://heliopac.fr,
438,Heliophoton,http://www.heliophoton.fr,
439,Hélios Béarn,https://www.pompe-chaleur-64.com,
440,Helios Energie,https://www.helios-energie.fr,
441,Helios System,https://www.helios-system.fr,contact@helios-system.fr
442,Helios'R,https://www.heliosr.fr,contact@heliosr.fr
443,Helioscop,https://www.helioscop.com,
444,Heliosolis,https://www.heliosolis.com,
445,Hellios Energies,https://www.helliosenergies.com,helliosenergies@holdingbandt.com
446,Hervé Durand,https://hervedurand.com,
447,HM Group,https://www.hmgroup.fr,30contact@hmgroup.frNos
448,Home Energie,https://homeenergie.fr,
449,Home Expert Habitat,https://homexperthabitat.fr,contact@homexperthabitat.fr
450,HOMEVert,https://www.homevert21.fr,contact@homevert21.fr
451,Horys,https://www.horys.fr,contact@horys.frSuivez
452,Houeix,https://houeix56.fr,contact@houeix56.fr
453,HydroAlsace,https://www.hydroalsace.com,
454,I.E.D.P,https://iedp.fr,
455,I.E.S,https://www.inepenergiessud.fr,Marseillecontact@inepenergiessud.fr
456,Ica3E,https://ica3e.fr,Francecontact@ica3e.fr
457,Icare PV,https://www.icarepv.fr,
458,ID Energies Bio,https://id-energiesbio.fr,
459,ID Solaire,https://www.id-solaire.fr,
460,ID Solar,http://idsolar-energy.com/,contact@idsolar-industrie.com
461,Idéal'Énergie,https://www.ideal-energie.fr,
462,Idec Services,https://www.idecservices.com,
463,IDEE Solaire,https://www.sarlvilaca.fr,
464,IEL,https://www.iel-energie.com,commercial@iel-energie.com
465,IEP,https://www.iephotovoltaique.fr,contact@i-e-p.eu
466,IES Solar,https://internat-energy.fr,info@internat-energy.fr
467,IHE Energies,https://ihe-energies.fr,
468,Imagine Energie,http://www.imagine-energie.com,info@imagine-energie.com
469,Imhotep Solar,https://www.imhotep-solar.com,etudes@imhotep-solar.com
470,INCE Robin,https://www.ince67.com,
471,Inova Technologies,https://www.inovatechnologies.fr,contact@inovatechnologies.fr
472,Install Solaire,https://www.install-solaire.fr,
473,Involt Energies SAS,https://involt-energies.com,info@involt-energies.com
474,Irisolaris,https://irisolaris.com,
475,Is'Eco,https://is-eco.fr,contact@is-eco.fr
476,ISL Clim,http://www.islclim-grandest.fr,contact@islclim-grandest.fr
477,Isowatt,https://isowatt.fr,sthizy@wemadeya.fr
478,J. Dulery & Fils,https://www.toiture-dulery-87.com,contact@sarldulery.fr
479,J.L. Marseille Energies,https://www.marseille-energies.fr,
480,JA Energies,https://www.ja-energies.com,
481,JCM Solar,https://www.jcmsolar.fr,
482,Jean-Luc Boas,https://electricien-boas.fr,04elec.boas@orange.frPRESTATIONS
483,Jimenez,https://www.jimenezcharpentecouverture.fr,
484,JLP Electricité,https://jlpelectricite.com,
485,Jool Eco,https://jool-eco.com,75contact@jool-eco.com
486,JPee,https://www.jpee.fr,
487,Jpsun,https://jpsun.fr,devis@jpsun.fr
488,Jura Energie Solaire,http://www.jura-energiesolaire.com,
489,Jura Energie Solaire,https://www.salinpereetfils.fr,
490,K-Helios,https://www.k-helios.fr,
491,Kbane,https://www.kbane.com,a@click.prevent
492,KBE Energy,https://www.kbe-energy.com,80CONTACTEZ-NOUScontact@kbe-energy.com
493,Kerbaul,https://kerbaul.fr,contact@kerbaul.fr
494,Kesler Chauffage,http://kesler-chauffage.fr,
495,KitSolaire-Discount,https://kitsolaire-discount.com,
496,Kozy Group,https://www.kozy-group.com,contact@kozy-group.com
497,L'Agence Photovoltaïque,https://agence-photovoltaique.com,
498,L'Atelier des Energies,https://www.latelier-energies.fr,contact@latelier-energies.fr
499,L'Entreprise Electrique,https://www.lentreprise-electrique.fr,
500,Lachery Laurent,https://www.maintenance-photovoltaique-landes.com,laurentlachery40@sfr.fr
501,Lannes Énergies 64,https://www.lannes-energie64.fr,
502,Lariviere,https://www.lariviere.fr,
503,Lcdep,https://compagniedesenergiespropres.fr,26contact@lcdep.fr
504,LD Énergie,http://www.ld-energie.fr,
505,Le Barbier,https://www.lb56.fr,
506,Le Courant Alternatif,http://lecourantalternatif.fr/,lecourantalternatif86@gmail.com
507,Le Drive Solaire,https://le-drive-solaire.fr,ledrivesolaire@gmail.com
508,Le Roi Solaire,https://www.leroisolaire.fr,
509,Le scanf,https://entreprise-lescanf.fr,
510,Le Solar Man,https://lesolarman.fr,
511,Le Soleil De Melissa,https://www.lesoleildemelissa.paris,
512,Legendre Energie,https://www.legendre-energie.com,
513,Legray,https://www.chauffageclimlegray.fr,emilie.tobia@chauffageclimlegray.com
514,Les Couvreurs Occitans,https://photovoltaique.couvreurs-occitans.fr,contact@couvreurs-occitans.fr
515,Les Techniciens du Solaire,https://lestechniciensdusolaire.fr,contact@lestechniciensdusolaire.fr
516,Li-Mithra Engineering,https://li-mithra.fr,contact@li-mithra.fr
517,Libercier Charpente Couverture,https://www.charpente-couverture-libercier.com,
518,Libow,https://www.libow.fr,
519,Libre Energie,https://libre-energie.com,chosen-sprite@2x.png
520,LM Soleil,https://www.lmsoleil.com,
521,Lo Piccolo,https://lopiccolo.fr,contact@lopiccolo.fr
522,Lorric Elec,https://lorricelec.fr,contact@lorricelec.fr
523,Lotus TechSun,https://www.lotustechnologie.fr,contact@lotustech.fr
524,LTE,http://www.lte-fr.com,contact@lte-fr.comLes
525,Lucciol,https://www.lucciol.com,contact@lucciol.com
526,Lumensol,https://www.lumensol.fr,
527,Luxel,https://www.luxel.fr,contact@luxel.fr
528,LVTE,https://www.lvt.energy,605a7baede844d278b89dc95ae0a9123@sentry-next.wixpress.com
529,Maclem,https://saintmaximin.maclem.fr,contact@maclem.fr
530,Maisolia,https://maisolia.com,49contact@maisolia.com
531,Maneh Energy,https://www.maneh-energy.fr,
532,Mangeon,http://www.entreprise-mangeon.fr,
533,Marguet 3M,https://marguet-3m.com,
534,Mavisun,https://www.mavisun.com,contact@mavisun.com
535,MC Energies,https://mc-energies.fr,
536,Mecojit,https://mecojit.com,contact@mecojit.com
537,Mecoworks,https://www.mecoworks.com,
538,Merci Soleil,https://www.merci-soleil.fr,
539,MES,https://moneconomiesolaire.fr,contact@moneconomiesolaire.fr
540,Metal Energie,https://www.metal-energie.fr,metalenergie.solaire@gmail.com
541,MG Electric,https://www.mgelectric.fr,installationsActusContactmg83.enr@gmail.com
542,Michel Barget,https://www.sarlmichelbarget.com,
543,Michel Boissinot,https://michel-boissinot.fr,contact@sas-mb.fr
544,Millénium Electricité,https://millenium-electricite.com,
545,Milliot Green,https://milliot-green.fr,
546,Minodier EGCM,https://www.minodier-egcm.com,89contact@minodier-egcm.com
547,MJ Solaire,https://mj-solaire.fr,contact@mj-solaire.fr
548,MK Home Énergie,https://www.mkhome-energie.fr,contact@mkhome-energie.fr
549,Mon Électricité Verte,https://monelectriciteverte.com,
550,Mon Energie Verte,https://www.monenergieverte.com,123Navigationcontact@mevbyhyseo.fr
551,Mon Installation Solaire Autonome,https://www.mon-installation-solaire-autonome.com,
552,Montelec,https://www.montelec.fr,
553,MonToitSolaire,http://montoitsolaire.fr,
554,Moon Community,https://moon.community,Togocontact@moon.community
555,Morellec,https://www.morellec.com,605a7baede844d278b89dc95ae0a9123@sentry-next.wixpress.com
556,Mourgues Serge,https://www.mourguesserge.com,
557,MTB Viovi,https://www.charpente-obterre.fr,
558,My Electricity,https://www.myelectricity.fr,flags@2x.png
559,Nadalon,http://www.nadalon.fr,accueil@nadalon.fr
560,Naldeo,https://naldeo-technologies-industries.com,
561,Nathem,https://www.nathem.fr,
562,Neoen,https://neoen.com/fr/,
563,Neonext,https://neonext.fr,
564,Néovolt,https://neovolt.fr,contact@neovolt.fr
565,Neowatt,https://neowatt.fr,
566,Nepsen,https://www.transenergie.eu,
567,Nerveo,https://www.nerveo.fr,
568,NG Services,https://www.ngservices.fr,contact@ngservices.fr
569,Nice Énergie,https://www.niceenergie.com,
570,Nicol Eric,https://nicol-eric-charpente-couverture.weebly.com,
571,Nord Performance Énergétique,https://www.nord-perf.fr,
572,Nouvel’R Énergie,https://www.nouvelr-energie.com,
573,Novalt Energies,https://www.novalt-energies.fr,
574,NRJ Ingénierie,https://nrj-ingenierie.fr,contact@nrj-ingenierie.fr
575,NSE Services,https://www.nse-service.fr,
576,O'SiToiT,https://www.o-sitoit.com,
577,O2 Toit,https://o2toit.fr,
578,OBTON,https://www.obton.fr,
579,Occitanie Sol'R,https://www.occitaniesolr.com,contact@occitaniesolr.com
580,OHE,https://www.o-habitat-energie.fr,
581,Olivier Roquin,https://couverture-charpente-tours.fr,olivier.roquin@gmail.com
582,Olysi,https://olysi.fr,jean.dupont@gmail.com
583,Omega Solaire,https://omega-solaire.fr,omegacontact@omega-enr.com
584,Oméo,https://omeo.com,flags@2x.webp
585,Optimwatt,https://optimwatt.fr,chosen-sprite@2x.png
586,Orienté Solaire,http://www.orientesolaire.fr,
587,Orion Energies,https://orionenergies.com,contact@orionenergies.com
588,Orygeen,https://www.orygeen.eu,
589,Otovo France,https://www.otovo.fr,hello@otovo.fr
590,Ouvrard,https://www.ouvrard-batiment.com,contact@ouvrard-batiment.com
591,Overlians,https://overlians.com,
592,Panneaux Solaires Nord,https://panneaux-solaires-nord.fr,select-arrow@2x.png
593,Parera,https://www.parera.fr,
594,Pascal,https://www.photovoltaique-88.fr,eurlpascal.toussaint@wanadoo.fr
595,Passelègue,https://www.toitures-passelegue.fr,
596,Pecclet Michel,https://www.pecclet-michel-chauffage.fr,
597,Pelcat,https://www.pelcat.eu,support@webador.fr
598,Pelletreau,https://entreprise-pelletreau.fr,
599,Pepin C.M.,https://www.pepinconstruction.com,
600,Perpignan Charpentes Tradition,https://www.pct66.com,
601,PESS,https://pess.fr,contact@pess.frExperts
602,Petitmangin,https://petitmangin.fr,
603,PH Energies,https://www.ph-energies.fr,contact@ph-energies.fr
604,Photo Climat,https://photo-climat.fr,contact@photo-climat.fr
605,Photon Energie,https://panneau-solaire-bourgoin.com,
606,Photosol,https://www.photosol.fr,monprojet@photosol.fr
607,Picon ENR,https://piconenr.wixsite.com/piconenr,picon.enr@gmail.com
608,PIE,https://www.producteurindependantenergie.fr,
609,Pienergies,https://www.pienergies.fr,
610,Placement Solaire,https://www.placementsolaire.eu,contact@placementsolaire.fr
611,Placier,https://www.placiersas.com,
612,Plaire - Robichon,http://electricite-robichon.fr,contact@electricite-robichon.fr
613,Planète Eco Solutions,https://p-eso.com,
614,Planete Solaire,http://0149853582.free.fr,planetesolaire@sfr.fr
615,PlanetEco Sun,https://planetecosun.com,
616,Planeteco Sun,http://www.planeteco-sun.com,
617,Plomb'Elec,http://www.plombelec-associes.fr,pea13310@gmail.com
618,Poly Energie,https://www.poly-energie.fr,contact@poly-energie.fr
619,Poly’Tech,https://www.polytech-67.fr,
620,Ponticelli,https://www.ponticelli.com,
621,Poseo Energies Renouvelables,https://poseo.pro,
622,Poudray,https://www.sarl-poudray.fr,contact@sarl-poudray.fr
623,Power Energy,https://powerenergy-france.com,contact@powerenergy-france.com
624,Powerr Elec,https://www.powerr.fr,contact@powerr.fr
625,Powersol,https://powersol.fr,
626,POwR,https://www.powr.group,CONTACT@POWR.GROUP
627,Prigent Abiven,https://www.prigent-abiven.com,
628,PrimaSolar,https://www.primasolar.fr,
629,Prismenergie,https://prismenergie.fr,
630,Pro Expert Solaire,https://maproductionsolaire.com,contact@maproductionsolaire.com
631,Pro Install Photovoltaïque,https://pro-install-photovoltaique.fr,contact@pro-install-photovoltaique.fr
632,PRO Watts Energie,https://www.prowattsenergie.com,48contact@prowattsenergie.com
633,ProGreenTech,https://www.progreentech.fr,
634,Provence Eco Energie,https://www.provenceecoenergie.fr,contact@provence-eco-energie.fr
635,Qair,https://www.qair.energy,
636,Qara,https://qara.fr,contact@qara.fr
637,Qualis Energies,https://www.qualis-energies.fr,625contact@qualis-energies.fr
638,Quénéa,https://www.quenea.com,commercial@quenea.com
639,Quercy Solaire,https://www.quercy-solaire.fr,
640,R'Confort,https://www.rconfort.com,
641,Raquin-Duchon,https://www.raquin-duchon.com,
642,RCE,https://www.rce-solutions.fr,contact@rce-solutions.fr
643,RDG Energy,https://rdg-energy-solaire.fr,contact@rdg-energy-solaire.fr
644,Reden,https://reden.solar,
645,Regiesolaire,https://www.regiesolaire.fr,contact@regiesolaire.fr
646,REH,https://rehenergiebatiment.fr,
647,Rhône Solaire Pro,https://www.rhonesolairepro.com,
648,Riviera Solar Energy,https://riviera-solar-energy.fr,
649,RLE,https://www.rle-energies.com,
650,RMS Énergies,https://www.rms-energies.fr,
651,RNE,https://www.r-ne.fr,
652,Rodier,https://rodier-sas.fr,
653,Rôle Energies,https://role-energies.fr,
654,Rosaz Energies,https://rosaz-energies.fr,
655,Rouch Energies,https://www.rouchenergies.fr,
656,Rouilles,http://www.rouilles-electricite.com,contact@rouilles-electricite.com
657,RPELEC,https://rpelec.fr,contact@rpelec.fr
658,SAMenergies,http://www.samenergies.com,
659,Samsolar,https://samsolar.fr,contact@samsolar.fr
660,Santerne Alsace,https://www.santerne-alsace.fr,santerne-alsace@santerne.fr
661,sarasun,https://sarasun.fr,
662,Sarl C.F.E.N,https://www.cfen-16.com,energies.nouvelles@yahoo.fr
663,SARL Jeaumot Denis,http://www.sarljeaumotdenis.fr,0254063747denis.jeaumot@orange.fr
664,Sarl Plantureux,https://www.couverture-plantureux.fr,
665,Sarl Roy,https://sarlroy.fr,contact@sarlroy.frHoraires
666,Sarthe Solaire,https://sarthesolaire.com,
667,Sb Energy,https://www.sbenergy.fr,info@sbenergy.fr
668,SBM,https://www.stebm.fr,
669,SBM Énergie,https://www.sbm-energie.fr,
670,SCED,https://www.sced-france.com,
671,Schneider Electric,https://solar.se.com,
672,Scope2 Énergies,http://www.scope2energies.fr,
673,Sebalyo Solar,https://sebalyosolar.com,
674,Sébastien Thiebaut,https://www.sebastien-thiebaut.fr,
675,See You Sun,https://seeyousun.fr,contact@seeyousun.fr
676,SEF,https://www.sef-solaire.fr,
677,Sibel Energie,https://sibelenergie.fr,
678,Sibelec,https://www.sibelec.com,contact@sibelec.com
679,Siliceo,https://www.siliceo.fr,
680,Silosun,https://silosun.fr,contact@silosun.com
681,Simple et Solaire,https://www.simple-et-solaire.com,contact@simple-et-solaire.com
682,Sines,https://www.sines.fr,contact@sines.fr
683,SM SolarEnergy,https://www.smsolarenergy.com,605a7baede844d278b89dc95ae0a9123@sentry-next.wixpress.com
684,SMAC,https://www.smac-sa.com,
685,Smart Energies,https://www.smartenergies.tech,
686,Smart To,https://www.smartto.fr,contact@smartto.fr
687,SMENR,https://www.smenr.com,Contactcontact@smenr.fr
688,SMV Constructions,https://www.rigaudiere.com,
689,So-Tec,https://www.so-tec.fr,
690,Soalis,https://www.soalis-pv.com,605a7baede844d278b89dc95ae0a9123@sentry-next.wixpress.com
691,Sol'Air Confort,https://www.solairconfort.fr,visuel-photovoltaique@2x.jpg
692,Sol'R Renov,https://www.solrrenov-energie-solaire.fr,alexandrepreve@gmail.com
693,Solair 3 Tech,https://www.solair3tech.fr,
694,SolairAlp,https://solairalp.com,contact@solairalp.comNous
695,Solaire 79,https://www.solaire79.fr,
696,Solaire Corse,https://www.solairecorse.com,philippe.solairecorse@gmail.com
697,Solaire Déclic,https://www.solairedeclic.fr,
698,Solaire France,http://www.solairefrance.fr,
699,Solaire Impulsion,https://www.solaire-impulsion.com,contact@solaire-impulsion.com
700,Solaire Poitou-Charentes,https://solairepoitoucharentes.fr,
701,Solairebois,https://solairebois.fr,info@solairebois.fr
702,Solaires Avantages,http://solaire-avantages.com,contact@solaire-avantages.com
703,SolaireWatt,https://solairewatt.fr,contact@solairewatt.fr
704,Solairgo Energies,https://www.solairgo.fr,
705,Solak Energie,https://solakenergie.com,contact@solakenergie.fr
706,Solar Belle Planète,https://www.solarbelleplanete.fr,
707,Solar Central Invest,http://www.solairesci.fr,
708,Solar Direct,https://www.solardirect.fr,contact@solardirect.fr
709,Solar Gironde,https://solargironde.fr,
710,Solar Photovoltaïque,https://www.solarphotovoltaique.fr,
711,Solar Project,https://www.solarproject.fr,
712,Solar Système,https://solarsysteme.fr,
713,Solar Technic Elec,https://solartechnic.fr,secretariat@solartechnic.fr
714,Solar'EnR,http://www.solarenr.fr,
715,Solaravis,http://www.solaravis.com,
716,Solarcom France,https://www.solarcomfrance.com,solarcom@solarcomfrance.com
717,Solarcom-ENR,https://solarcom-enr.com,info@solarcom-enr.com
718,Solarcouv,https://www.solarcouv.fr,
719,Solargie,https://solargie.com,37info@solargie.comRejoignez
720,Solaris,https://www.solaris-store.com,
721,Solarisa,https://www.solarisa.fr,
722,Solarize,https://www.solarize.fr,
723,Solartec,https://www.solartecfrance.fr,
724,Solatech,https://www.solatech.fr,
725,SolAvenir,https://www.solavenir.fr,contact@solavenir.fr
726,Sole Nostrum,https://www.sole-nostrum.fr,
727,Soleco,https://soleco.fr,
728,Solédra,https://soledra.fr,
729,Soleil Du Sud,https://www.soleil-du-sud.fr,
730,Soleil en Tête,https://www.orleans-soleilentete.com,
731,Soleil et Toit,https://soleilettoit.fr,
732,Soleil Vert,https://www.soleilvert.fr,
733,Soleilex,https://soleilex.com,
734,Soleimo Energies,http://www.soleimo-energies.com,info@soleimo-energies.com
735,Soleio,http://www.soleio.fr,17h00contact@soleio.fr
736,Soleneo,https://www.soleneo.fr,
737,Solengie,https://www.solengie.fr,
738,Soler Energies,https://www.soler-energies.fr,contact@soler-energies.fr
739,Solesens,http://www.solesens.fr,info@Solesens.fr
740,Solethix,https://solethix.fr,
741,Solewa,https://www.solewa.com,
742,Solidor Energie,https://www.solidor-energie.fr,
743,Solis,https://solisgroupe.fr,contact@solisgroupe.fr
744,Solstyce,https://www.solstyce.fr,jbe@solstyce.fr
745,Solution ENR,https://solutionenr.com,
746,Solution Solaire Du Sud,https://solutionsolairedusud.fr,info@solutionsolairedusud.fr
747,Solutions Nature,https://solutionsnature.com,
748,Solutions Soleil Energie,https://www.solutions-soleil.fr,t.polge@solutions-soleil.fr
749,Solvéo Energies,https://solveo-energies.com,
750,Solvertus,https://www.solvertus.com,solvertus@gmail.comNomEmailMessageNous
751,Soprasolar,https://www.soprasolar.com,
752,Sorégies,https://www.groupe-soregies.fr,
753,Souchet,http://www.sarlsouchet.fr,contact@sarlsouchet.fr
754,Souet Électricité,https://souet-electricite-chauffage.fr,daniel.souet@orange.fr
755,Sovec Energie,https://www.sovec-energie.fr,
756,SP Confort,https://spconfortenr.fr,
757,Sphère Eco Sol'Air,https://sphereecosolair.fr,
758,Sphinx Engineery,https://sphinx-engineery.com,
759,SPIE,https://www.spie.com,
760,SPN Energy,https://www.spn-energy.com,605a7baede844d278b89dc95ae0a9123@sentry-next.wixpress.com
761,SPS,https://smartpointsystem.fr,mail@example.com
762,STB 34,https://www.stb34.fr,
763,Stoneco,https://www.stoneco-enr.fr,contact@stoneco.fr
764,Stralys Habitat,https://stralyshabitat.com,fancybox_sprite@2x.png
765,Sud Concept,https://www.sud-concept.com,info@sud-concept.com
766,Sud Ecobat,https://www.sud-ecobat.fr,contact@sud-ecobat.fr
767,Sud Est Energie,http://sud-est-energie.fr,
768,Sud Nouvelle Energie,https://www.sudnouvelleenergie.fr,
769,Sud Solaire Expert,https://www.sud-solaire-expert.fr,contact@sud-solaire-expert.fr
770,Sun Elec,https://www.sun-elec.fr,secretariat@sun-elec.fr
771,Sun Est,https://sunest.fr,contact@sunest.fr
772,Sun Green,https://www.sungreen.fr,
773,Sun R Solutions,https://sunrsolutions.fr,contact@sunrsolutions.fr
774,Sun'R,https://www.sunr.com,
775,Sunactiv Habitat,http://sunactivhabitat.com/,communication@sunactivhabitat.comNos
776,Suncnim,https://www.suncnim.com,
777,SunConcept,https://www.sun-concept.fr,
778,Sunelis,https://www.sunelis.com,
779,Sungy,https://www.sungy.co,
780,Sunny Berry,https://www.sunnyberry.fr,
781,Sunstream International,https://www.sunstream-international.com,
782,Sunvie,https://www.sunvie.eu,
783,SunVolt,https://www.sunvolt.fr,contact@sunvolt.fr
784,SunWave,https://www.sunwave.energy/nos-solutions,
785,Switch Energies,https://enersol83.fr,contact@switchenergies.fr
786,Symbiose Énergie,https://www.symbiose-energie.fr,contact@symbiose-energie.fr
787,SynElios,https://photovoltaique.synelios.fr,
788,Sysoleo,https://www.sysoleo.fr,
789,Systèmes Solaires,https://systemessolaires.fr,flags@2x.png
790,Tec2e,https://www.tec2e-electricite-cvc-plomberie.fr,
791,Tech Enr,https://techenr.fr,contact@techenr.fr
792,Tech'Solaire,https://www.techsolaire.com,contact@techsolaire.com
793,Tech3 énergies,http://www.tech3-energies.fr,tech3-energies@outlook.fr
794,Technic Solaire,https://www.technicsolaire.fr,contact@technicsolaire.fr
795,Technique Solaire,https://techniquesolaire.com,
796,Techniques Energie,https://www.techniques-energie.com,contact@techniques-energie.com
797,Technitoit,https://www.technitoit.com,
798,Tecnovac,https://tecnovac.fr,Nimesbruno.portelli@gmail.com
799,Tecsol,http://www.tecsol.fr,a.joffre@orange.fr
800,Tecwatt,https://www.tecwatt.fr,contact@tecwatt.fr
801,Tenergie,https://tenergie.fr,
802,Terra Solaire,https://terrasolaire.com,jean.dupont@gmail.com
803,Terre et Lac,https://www.terreetlac.com,98info@terreetlac.com
804,Terre Solaire,https://terresolaire.com,
805,Tersun,https://tersun.fr,
806,TFE,https://www.tfenergie.fr,
807,Theia Eco Energies,https://theia-ee.fr,contact@theia-ee.fr
808,Thermi Service,https://www.thermi-service.fr,contact@thermi-service.frFacebook
809,Thermo Concept Forézien,https://tcf-loire.fr,
810,Thermonéo,https://thermoneo-solaire.fr,commercial@thermoneo.fr
811,Thibaud,https://thibaudtmfr.wpcomstaging.com,
812,Toitures Dufermont,https://www.toituresdufermont.fr,toitures.dufermont@orange.fr
813,Toltech Energy,https://www.toltechenergy.com,
814,TotalEnergies,https://totalenergies.com,
815,Toulouse solaire,https://www.toulouse-solaire.com,contact@cimaj.com
816,Tournesol,https://tournesol-bclp.fr,
817,Tousolar,https://www.tousolar.com,
818,Travo d'Avenir,https://www.travodavenir.fr,
819,Tri-Energie,https://tri-energie.com,devis@tri-energie.fr
820,Triangle Horizon,https://www.triangle-horizon.com,605a7baede844d278b89dc95ae0a9123@sentry-next.wixpress.com
821,Trisol,https://www.trisol51.fr,
822,TucoEnergie,https://www.tucoenergie.fr,
823,Turquand,https://www.turquand.fr,
824,Tysilio,https://tysilio.com,
825,UcciSun,https://uccisun.fr,
826,Urban Solar Energy,https://www.urbansolarenergy.fr,
827,UrbaSolar,https://urbasolar.com,
828,Urgence Solaire,http://urgence-solaire.com,contact@urgence-solaire.com
829,Valeco,https://groupevaleco.com,contact@groupevaleco.com
830,Valénergies,https://www.valenergies.com,20contact@valenergies.comrecrutement
831,Vallee Michael,https://www.valleemichael-enr.com,vallee.michael@wanadoo.fr
832,Valrea,https://www.valorem-energie.com,
833,Vasselet Kerautret,https://vasselet.fr,contact@vasselet.fr
834,Vedel,https://www.vedelbois-travaux.com,
835,Vergnaud,https://www.vergnaudfrance.com,
836,Vergnet,https://www.vergnet.com,
837,Verteole,https://www.verteole.com,commercial@verteole.comAccueilParticuliersAutoconsommationMaison
838,Vion Energy,http://www.vion-energy.com,
839,Viridis Elec,https://viridiselec.com,
840,Vital Energie,https://www.vital-energie.fr,
841,Vitet Couverture,https://www.vitet-couverture-energies.com,
842,Viva Solar,https://vivasolar.fr,contact@vivasolar.fr
843,Vivarais Énergies,https://www.vivaraisenergies.com,cm2c@cm2c.net
844,Vivréco,https://vivreco.fr,contact@vivreco.fr
845,Vizeko Energy,https://www.vizeko.com,contact@vizeko.com
846,Voltalia,http://www.voltalia.com,
847,Voltalux Energies,https://voltaluxenergies.com,
848,Voltania,https://voltania.com,info@voltania.fr
849,Voltelia,https://www.voltelia.com,info@voltelia.fr
850,VSB Énergies Nouvelles,http://vsb-energies.fr,43contact.fr@vsb.energyContactez
851,WATT & CO,https://groupe-wattetco.com,
852,Watt & Home,https://www.wattethome.com,
853,Watt-Group,https://watt-group.fr,
854,We Sun,https://www.wesun.fr,
855,Welem,https://welem.com/enr/,contact@welem.com
856,World Energy,https://worldenergy.fr,
857,Yaco Solaire,http://www.yaco-solaire.com,contact@yaco-solaire.com
858,Yes We Sun,https://www.yeswesun.net,
859,Yneos Energies,https://www.yneos-energies.fr,
860,Yonne Solaire,https://www.yonnesolaire.fr,rodolphe.czuba@yonnesolaire.fr
861,Younergie Sun,https://www.younergie.fr,
862,ZE Energy,https://ze-energy.com,contact@ze-energy.com
863,Zellie Energies,https://zellie-energies.fr,jerome@zellie-energies.frstephane
