Number,Company Name,Company Website,Email
1,1st Electric,https://www.1stelectric.ca,flags@2x.png
2,2M Solar,https://www.2msolar.ca,
3,3B Energy,https://www.3benergy.ca,flags@2x.png
4,3D Electrical,https://3delectricalltd.ca,
5,3G Energy,https://www.3g-energy.com,
6,5 Star Electric,https://fivestarelectric.ca,0C6inquiries@fivestarelectric.ca
7,604-Go-Solar,https://www.604gosolar.com,johndoe@604gosolar.com
8,741 Rele,http://adinaelectric.com,
9,A Clark Roofing & Siding,http://www.aclark.ca,admin@aclark.ca
10,A Plus Electric,https://www.apluselectricbc.com,admin@apluselectric.ca
11,A-Star Electric,https://www.astarcalgary.ca,
12,A.G. Electric,https://agelectricltd.ca,info@agelectricltd.ca
13,AB Solar,https://www.absolargroup.com,
14,Abbotsford Solar,https://www.fraservalleysolar.com,
15,Able Electric,https://www.ableelectricco.ca,webmaster@example.com
16,Above It All Roofing,https://aboveitallroofing.ca,info@aboveitallroofing.ca
17,Abundant,http://www.abundant.solar,info@solarbankcorp.com
18,AC Tech. Electric,http://actechelectric.com,info@actechelectric.com
19,ACDC,https://anvilcrawler.com,
20,ACES,https://arntjencleanenergy.com,
21,Action Electrical,https://www.actionelectrical.net,
22,Active Electric,https://activeelectric.com,
23,Actlap Power,https://actlappower.com,info@actlappower.com
24,Adanac Electric,https://www.adanacelectric.com,info@adanacelectric.com
25,Aecon,https://www.aecon.com,
26,AES Solar,https://aessolar.ca,info@aessolar.ca
27,Affordable Solar Energy,https://www.affordablesolarenergy.ca,
28,AGD Solar,https://agdarrach.com,al@agdarrach.com
29,AGT Electrical Systems,https://agtelectricltd.com,
30,AIM Industrial,https://www.aimindustrial.ca,
31,AKA Energy Systems,https://www.aka-group.com,
32,Alba Electrical Services,https://www.albaelectricalservices.com,
33,Alectra Energy Solutions,https://www.alectrasolutions.com,
34,Alectric Renewables,https://alectricrenewables.com,
35,Alectrix Utility Contractors,https://alectrixutility.ca,
36,All Red Electric,https://allredelectric.ca,
37,All-Stat Electric,https://allstatelectric.ca,allstat@sasktel.net
38,Alliance,https://automationelectrician.ca,Sales@AEA.company
39,Alltrade,https://www.alltradeindustrial.com,
40,Alpha Solar Corp,https://www.alphasolarcorp.net,
41,AltaPro,https://www.altapro.ca,
42,Alternative Solair,https://vie-alternative.com,
43,Alto Solar,https://www.altosolar.ca,
44,Am/Pm Electric,https://ampmelectric.ca,alexampminc@gmail.com
45,AMB Electric,https://ambelectric.ca,team@latofonts.com
46,Amor Energy,https://amorenergy.ca,info@amorenergy.ca
47,AMP Energy,https://www.amp.energy,info@amp.energy
48,Amray Solar,https://amray.solar,info@amray.solar
49,Anchor Roofing,http://www.anchorroofing.ca,
50,ANJ Engineering,http://www.anjengineering.com,
51,Anser Power Systems,https://www.anserservice.ca,info@anserservice.ca
52,Anything Electric,https://www.anythingelectric.ca,info@anythingelectric.ca
53,API,https://altpowerinternational.com,
54,Apollo Renewables,https://www.apollorenewables.ca,
55,Apollo Solar,https://www.apollosolar.pro,
56,Appleseed Energy,https://www.appleseedenergy.com,
57,Arborus Consulting,https://arborus.ca,
58,Arcadian Projects,https://www.arcadianprojects.ca,
59,Argon Electrical & Solar Services,https://www.argonelectrical.ca,
60,Ark Renewable Energy,https://www.arkrenewable.ca,QuoteContactinfo@arkrenewable.ca
61,ARK3DS Handymen,https://www.ark3ds.ca/gallery.html,ark3ds.handyman@gmail.com
62,Arrow Arc,https://www.arrowarcwelding.com,arrowarcinfo@gmail.com
63,Ascent Electrical & Solar,https://www.ascentelectric.ca,
64,Aspen Electric,https://www.aspenelectricltd.com,
65,Astra Solar,https://www.astrasolar.ca,
66,Astral Power Solutions,https://astralpowersolutions.ca,
67,Atco,https://www.atco.com,
68,ATE,https://alltype.ca,sales@alltype.ca
69,AtkinsRéalis,https://www.atkinsrealis.com,
70,ATT Electric,https://www.attelectric.ca,
71,Avon Electric,https://avonelectric.org,
72,Axis Electric,https://axiselectricltd.ca,info@axis-electric.ca
73,Azgard Solar,https://azgard.com,info@azgard.com
74,Aztek Solar,https://www.azteksolar.ca,
75,B&R Electric,https://brelectric.ca,service@brelectric.ca
76,Badger Electrical,https://www.badgerem.com,
77,Barnes Electric,https://www.barneselectric.ca,
78,Battery Boss,https://www.batteryboss.ca,sales@batteryboss.ca
79,BCD Electric,https://bcdelectrical.com,contact@sansoxygen.com
80,Belltech Systems,https://www.belltech.ca,
81,Besolar,https://besolar.ca,
82,Bespoke Electrical,https://bespokeelectrical.ca,Usinfo@bespokeelectrical.ca
83,Best Electrican Toronto,https://www.bestelectriciantoronto.ca,
84,Betts Electric,https://www.bettselectric.com,info@bettselectric.com
85,BFG,https://bfg.ca,
86,Big Tree Electrical,https://www.bigtreeelectrical.com,
87,BJ Kane Electric,https://www.bjkaneelectric.ca,
88,Black & McDonald,https://blackandmcdonald.com,
89,Blackline Power,https://blacklinepower.com,
90,Blais Electric,https://www.blaiselectric.ca,
91,Blake Solar,https://blake.solar,info@blake.solar
92,BLDG Electric,https://www.bldgelectric.com,info@bldgelectric.com
93,Blu Dot Systems,https://www.bludotsystems.com,info@bludotsystems.com
94,Blue Chip Electrical,https://bluechipelectrical.com,contact@bluechipelectrical.com
95,Blue Green Solar,https://bluegreensolar.ca,bluegreensolar@pm.me
96,Blue Sky Solar,https://www.blueskysolar.ca,605a7baede844d278b89dc95ae0a9123@sentry-next.wixpress.com
97,BluEarth Renewables,https://bluearthrenewables.com,info@bluearth.ca
98,Bluewater Energy,https://bluewaterenergy.ca,info@bluewaterenergy.ca
99,BNR Electric,https://www.bnr-electric.com,brad@bnr-electric.com
100,Boralex,https://www.boralex.com,
101,Borea Construction,https://boreaconstruction.com,
102,Boss Solar,https://www.bosssolar.com,
103,Bourne Electric,https://www.bourne-electric.com,Information@Bourne-Electric.com
104,Brant Renewable Energy,https://brantrenewable.ca,
105,Braun Solar Services,https://www.braunsolar.com,
106,BrighterFuture Solar,http://brighterfuturesolar.ca,Info@BrighterFutureSolar.ca
107,Brightworks Energy,https://brightworksenergy.com,
108,Browning Electric,https://browning-electric.ca,dylan@browning-electric.ca
109,Btek R.E. Products,https://www.btekenergy.com,
110,Bur Oak,https://bur-oak-resources.ca,sales@bur-oak-resources.ca
111,Burwash Electric,https://burwashelectric.com,Info@burwashelectric.com
112,BVGEC,https://www.bvgreenenergy.org,
113,C L Plumbing & Heating,https://www.clplumbing.ca,clplumbing@shaw.caService
114,C.K. Electric,https://ckelectric.ca,
115,Camarta Energy,https://www.camartaenergy.ca,
116,Camo Electric,https://www.camoelectric.ca,Electrician403-922-8666Info@CamoElectric.caHOMEABOUTRESIDENTIALPanel
117,Can-Nor Electric,https://www.can-nor.ca,info@can-nor.ca
118,CanNam Electric,https://cannamelectric.com,
119,Capitol Electric,http://capitolelectric.ca,
120,Cariboo Sterling Electric,https://www.cariboosterlingelectric.ca,
121,CBI Solar,https://cbisolar.com,sales@cbisolar.com
122,CBS Electrical,https://www.cbselectric.ca,wes@cbselectric.ca
123,CDN Controls,https://www.cdncontrols.ca,
124,CDN Power Pac,https://www.cdnpowerpac.com,
125,CE Fisher Electric,https://cefisherelectric.com,brendacefisher@ns.aliantzinc.ca
126,Centre Star Solar,https://centrestarsolar.com,kyle@centrestarsolar.com
127,CES,https://clearenergysolutions.ca,info@clearenergysolutions.ca
128,CEV Canada,https://cevcanada.ca,
129,CGS,https://www.centennialglobal.ca,
130,Channel Custom Builders,https://www.channelcustombuilders.com,badge_41_8@2x.png
131,Charged Electric & Solar,https://charged-electric.ca,
132,Citadel Electrical Systems,https://www.citadelelectrical.ca,
133,ClayMar Electric,https://claymarelectric.ca,info@ClayMarElectric.ca
134,Clean Earth Solar Solutions,https://cleanearthsolarsolutions.yolasite.com,
135,Clear Power Solutions,https://clearpowersolutions.com,
136,CM SunEra,http://cmsunera.com/,
137,CMi Electric,https://cmielectric.ca,
138,CMI Solar,https://www.cmisolar.ca,info@cmisolar.ca
139,Coast Solar Solutions,https://www.coastsolarsolutions.ca,
140,Cogent Green Solutions,https://www.cogentgreen.com,info@cogentgreen.com
141,Collide Energy,https://collideenergy.ca,
142,Collins Electric,https://www.collinselectric.ca,
143,Colz Electric,https://colzelectric.com,
144,Concord Solar,http://concordsolar.ca/,Info@concordsolar.ca
145,Condor Electric,https://www.condorelectric.ca,
146,Consumer Roofing and Renovations,https://www.consumerroofingandrenovations.com,ryszard.crs@gmail.com
147,Consumers Energy,https://consumersenergy.ca,info@consumersenergy.ca
148,Cooper Electrical Contracting,https://www.cooperelectric.ca,office@cooperelectric.ca
149,Copper Mountain Electric,https://www.copper-mountain.ca,
150,Coquitlam Solar,https://www.coquitlamsolarenergy.ca,info@www.coquitlamsolarenergy.ca
151,Core Renewable Energy,https://corenergy.ca,
152,Cosmic,https://cosmiccleanenergy.com,info@cosmiccleanenergy.com
153,Couture Auto Électrique,https://www.coutureautoelectrique.ca,info@coutureautoelectrique.ca
154,Crestview Solar,https://cvesolar.com,
155,Crown Roofing,https://www.crownroofingltd.com,
156,CSI Solar,https://www.csisolar.com,
157,Custom Electric,https://customelectric.com,
158,CV Electrical,https://cvelectrical.ca,contact@sansoxygen.com
159,CWS,https://www.waterproofingsystems.ca,waterproofingsystems@icloud.com
160,D-Com Energy Solutions,https://d-com.ca,info@d-com.ca
161,D&D Electric,http://www.ddelectric.ca,
162,D16,https://www.d16.ca,
163,Dafoe Electrical,https://dafoeelectricalinc.com,rob@dafoeelectric.com
164,Dandelion Renewables,https://www.dandelionrenewables.com,operations@dandelionrenewables.com
165,Danik Electric,https://danikelectrical.ca,
166,Darryl Goossen Electrical,https://dgelectricalsk.ca,darryl.goossen@gmail.com
167,DBMS Energy Solutions,https://dbmssolar.net,Denis@DBMSsolar.net
168,DBS Air,https://dbsair.com,
169,DDC Technical Services,https://www.ddctechnicalservices.ca,
170,Delta Energy,https://www.deltaenergysolutions.ca,
171,Deltacron,https://www.deltacron.com,info@deltacron.com
172,Deltro,https://deltro.ca,info@deltro.ca
173,DERA,https://deraenergy.netlify.app,info@deraenergy.com
174,DES Engineering,https://deseng.ca,
175,DGES,http://dependablegreenenergy.ca,info@dependablegreenenergy.ca
176,Diamond Renewable Energy,https://diamondrenewable.com,info@diamondrenewable.com
177,DLR Electric,https://www.dlrelectric.com,rob@dlrelectric.com
178,Doctor Solar,https://www.doctorsolar.ca,
179,Domolynx,https://domolynx.com,info@domolynx.com
180,Double L Electric,https://www.doublelelectric.ca,
181,Downunder Solar,https://www.downundersolar.ca,613-583-0139sales@downundersolar.ca
182,Drycore,https://www.drycore.com,
183,DS Electric,http://www.dselectricwindsor.com,
184,Dubrule Electrical,https://www.dubruleelectric.com,
185,Duffy's Electric & Geothermal,https://www.duffyselectric.ca/index.html,
186,Dunn's Electric,https://www.dunnselectric.ca,
187,Durham Electric,https://www.durham-electric.ca,
188,E-2 Solutions,https://www.e-2solutions.com,
189,E3 Solar,https://e3solar.ca,Info@E3Solar.ca
190,EazySolar,http://www.easysolar.ca,
191,Eco Alternative Energy,https://www.ecoaltenergy.com,
192,Eco Electrical Solutions,https://www.ecoelectricalsolutions.ca,
193,Eco Exteriors,https://ecoexteriors.com,
194,Eco-Smart Energy Solutions,https://www.eco-ses.com,
195,Ecohive,https://ecohive.ca,info@ecohive.ca
196,EcoHome,https://ecoheat.ca,
197,EcoLogic Energy Solutions,https://www.ecologicenergy.ca,team@latofonts.com
198,ÉcoSolaris,https://ecosolaris.com,jason@ecosolaris.ca
199,ECS Integrated,https://www.ecsintegrated.com,
200,EEI,https://effisolar.ca,
201,Efficient Electrical Services (EES),https://efficientelectricalservices.ca,graham@efficientelectricalservices.ca
202,EG Energy,http://egenergy.ca,
203,Egenolf Alternative Energy,http://www.bvsolar.ca,
204,Electric MD,https://electricmd.ca,
205,Electrical Elite,https://electricalelite.ca,
206,Electrical Power Solutions,https://www.electricalpowersolutions.ca,
207,ELECTRICca,https://www.electriccainc.com,
208,ElectricMan,https://electricman.ca,info@electricman.ca
209,EllisDon,https://www.ellisdon.com,
210,EM-One Energy,https://www.emone.energy,
211,Empower Energy,https://empowerenergysolar.ca,sales@empowerenergy.ca
212,Empyreal Solar,https://www.rvwalkthru.com/empyreal/,
213,Energy Economics Solar,https://energyeconomicssolar.ca,UsILoveSolar@energyeconomics.ca
214,Energy Electric,https://www.energyelectric.ca,info@energyelectric.caTel
215,Energy Smart,https://energysmartcanada.com,
216,EnergyPal,https://energypal.com,
217,EnerTech,http://www.enertech.co,
218,Enmax,https://www1.enmax.com,home_HelpMeChoose_desktop@2x.png
219,Enviro Energy,https://www.enviroenergysolar.ca,team@enviroenergysolar.ca
220,Envirotech Electrical Services,https://envirotechelectric.com,
221,Envisionmatrix,https://www.envisionmatrix.com,info@envisionmatrix.com
222,Epic Energy,https://www.epicenergysolutions.ca,
223,Epoch Electric,https://www.epochelectric.ca,
224,Equalize Power,https://www.equalizepower.com,
225,Équipements Paquet,https://equipementspaquet.com,info@equipementspaquet.com
226,ERD,http://www.erd.qc.ca,
227,Erie Generator,https://eriegenerator.com,andrew@eriegenerator.com
228,Esplanade Electrical & Solar,https://esplanade-electrical.squarespace.com,boulianejesse@gmail.com
229,Essex Energy,https://www.essexenergy.ca,info@essexenergy.ca
230,Evalence Renewables,https://www.evalence.ca,inquiries@evalence.ca
231,Evergreen Electric,https://evergreenelectric.ca,info@evergreenelectric.ca
232,Evolve Energy,https://www.evolveenergy.ca,
233,EVOLVsolar,https://evolvsolar.com,info@evlutioncharge.com
234,Exactus Energy,https://www.exactusenergy.com,
235,Excel Roofing,https://www.excelroofing.ca,info@excelroofing.ca
236,Execon,https://execonconstruction.com,
237,Expert Electric,https://www.saskatoonelectric.com,
238,Expert Electric,https://expertelectric.ca,info@expertelectric.ca
239,Falcon Electric,https://www.falconelectric.ca,
240,Fehr Electric,https://fehrelectric.ca,info@fehrelectric.ca
241,FEI,https://farmenergyinc.ca,smeier@farmenergyinc.ca
242,Finch Electric,https://finchelectric.ca,contact@finchelectric.ca
243,Firefly Solar,https://www.fireflysolar.ca,
244,First Light Electric and Solar,https://www.firstlightelectricandsolar.com,
245,Fit Solar,http://www.fitsolarsystems.com,
246,Flanagan And Sun,https://flanaganandsun.com,
247,Flash Electrical,https://flashelectrical.ca,
248,Flyer Electric,https://www.flyerelectric.com,terry@flyerelectric.com
249,Ford Electric,https://fordelectric.ca,info@fordelectric.ca
250,Forever Free Solar,https://forever-free.ca,
251,Fortis Electric,http://www.fortiselectric.com,
252,Four Elements Electric,https://www.four-elements.ca,info@four-elements.ca
253,FowlerSolar,https://fowlersolar.com,
254,Fraser West Electric,https://fraserwestelectric.com,
255,Free Ontario Solar,https://freeontariosolar.com,
256,Fritzall,http://fritzall.com,info@fritzall.com
257,Fundy Solar,https://www.fundysolar.com,info@fundysolar.com
258,Futricity,https://futricitysolar.com,
259,Future Solar and Electric,https://futuresolarandelectric.com,info@futuresolarandelectric.com
260,Future Solar Developments,https://futuresolardevelopments.com,
261,Future Solutions,https://www.futuresolutions.energy,info@futuresolutions.solar
262,Future West Solar,https://futurewestsolar.com,contact@futurewestsolar.com
263,G. Reid Electric,https://www.greidelectric.ca,Quotegraham@greidelectric.ca
264,Gallo-Teck,https://www.gallo-teck.ca,
265,GAP Electric,https://www.gapelectric.com,
266,GCI,https://www.greenconcept.ca,
267,GCS,https://www.greatcanadiansolar.com,
268,GEL,https://grosvenorelectric.com,bob@gelelectrical.com
269,Generation Solar,https://www.generationsolar.com,
270,Geotility,https://www.geotility.com,info@geotility.com
271,Gerber Electric,https://gerberelectric.ca,
272,German Solar,https://germansolarcorp.com,impallari@gmail.com
273,Get Wired Electric,https://www.getwiredelectric.ca,info@getwiredelectric.ca
274,Gitpo Renew,https://www.gitporenew.com,
275,GM Electric,https://gmelectricltd.com,
276,Go Solar MB,https://www.solarpanelswinnipeg.com,
277,Go Solar Sask,https://gosolarsask.ca,info@gosolarsask.ca
278,Godfrey Roofing,https://www.godfreyroofing.com,info@godfreyroofing.com
279,Golden Electrical Contracting,https://goldenelectrical.ca,
280,Gorkon Industries,http://www.gorkonindustries.com,info@gorkonindustries.com
281,Gott Energy,https://www.gottenergy.com,
282,GP Wind & Solar,https://gpwindandsolar.com,micah@micahrich.com
283,GPE,https://www.globalpointenergy.ca,info@globalpointenergy.ca
284,GRE,https://grandriverenergy.com,
285,Green Arrow Corp.,https://greenarrowcorp.ca,info@greenarrowcorp.ca
286,Green Energy Ontario,https://green-energyontario.ca,
287,Green Grid Solutions,https://www.greengrid.ca,
288,Green Integrations,https://greenintegrations.ca,
289,Green Kilowatt,https://greenkilowatt.com,info@greenkilowatt.com
290,Green Leaf Energy,https://www.greenleafmb.com,
291,Green Link Energy,https://greenlinkenergy.ca,
292,Green Sun Rising,https://greensunrising.com,
293,Green-Lizard,https://www.green-lizard.ca,info@green-lizard.ca
294,Greenamp Solar,https://www.greenampsolar.com,info@greenampsolar.com
295,GreenLight Power,https://www.greenlightpower.ca,info@greenlightpower.ca
296,Greenside Electric,https://www.greensideelectric.ca,
297,Greenspace Solar & Electric,https://www.greenspacesolar.ca,
298,Greenus Solar,https://greenussolar.com,contact@greenussolar.com
299,Greenview,https://greenview-environmental.ca,solutions@greenview-environmental.ca
300,Gridworks,https://gridworksenergy.com,
301,GriffEnergy,https://www.griffenergy.com,
302,Guelph Solar,https://guelphsolar.net,
303,Guillemette Énergies,https://www.guillemetteenergies.ca,
304,Guycan,https://guycan.ca,support@guycan.ca
305,GWS,https://www.goldwatersolar.com,416.400.4747info@goldwatersolar.com
306,Habitat Studio,https://habitat-studio.com,
307,Hakai Energy Solutions,https://hakaienergysolutions.com,sales@hakaienergysolutions.comPrivacy
308,Half Diamond R Electric,https://hdre.ca,
309,Hamilton Solar Power,https://www.hamiltonsolarpower.ca,hamiltonsolarpower@gmx.com
310,Hanna Energy,https://hannaenergy.ca,
311,Hansen Solar Energy,https://hansensolarenergy.ca,solar@hansensolarenergy.ca
312,Harbour Renewables,https://harbourrenewables.ca,
313,Hardy Electric,https://hardyelectricmb.com,hardy.electric@outlook.com
314,Harry's Electric,https://www.harryselectric.com,
315,Hartman Electric,https://hartman-electric.com,
316,Hatch,https://www.hatch.com,
317,Haven Solar,https://www.havensolar.ca,
318,Hedgehog Technologies,https://hedgehogtech.com,Blue-Background-Image@2x.png
319,Heliotechnik,https://www.heliotechnik.com,Phone647-598-8891Emailsales@heliotechnik.com
320,Hemingway Electrical,https://www.hemingwayelectricalcontracting.com,hemingwaydoug@gmail.com
321,Herc Du Soleil,https://www.hercdusoleil.com,info@HercDuSoleil.com
322,HFX Solar,https://www.hfxsolar.ca,Joshua.howell@hfxsolar.ca
323,High Tide Energy,https://hightideenergy.com,inquiries@hightideenergy.com
324,Highlow Roofing,https://highlowroofing.ca,
325,Highmark Green Energy,https://www.highmarkgreenenergy.com,
326,Highmark Power,https://highmarkpower.com,info@highmarkpower.com
327,HISEL,https://www.hiselpower.com,
328,HME,https://www.hme.ca,
329,Home Power Systems,https://www.homepower.ca,
330,Horizon Electric,https://horizonelectric.ca,brianlitschgy@gmail.com
331,Horizon Energy Systems,http://horizonenergysystems.ca,
332,Hotwire,https://hotwire-electric.com,info@hotwire-electric.com
333,Howell Electric,https://howellelectric.ca,info@howellelectric.ca
334,HRS Solar Solutions,https://hrsindustrial.ca,
335,HSI Group,https://hsii.ca,SALES@HSII.CA
336,HSW,https://www.haliburtonsolarandwind.com,john@myportalmarketing.com
337,Hummingbird Smart Services,https://www.hummingbirdsmart.com,jared@hummingbirdsmart.com
338,Hybrid Power Solutions,https://hybridps.ca,info@hybridps.ca
339,Icarus Power Generation,https://www.icaruspower.ca,
340,Iceberg Solar,https://icebergsolar.com,
341,IDS Énergie,https://ids-energie.com,
342,IES,https://www.iesinc.ca,sales@nulliesinc.ca
343,Image Electric,https://www.imageelectric.ca,
344,INDI Solar,https://www.indi-solar.com,greg@indi-solar.com
345,Inferno Solar,https://infernosolar.com,info@infernosolar.com
346,Infinite Electric,https://infiniteelectric.ca,
347,Infinity Solar,https://www.infinitysolargroup.ca,
348,Innovation Electric,https://www.innovationelectric.net,innovationelectric@sasktel.net
349,Integrated Sustainability,https://www.integratedsustainability.com,
350,Intel Power Electric,https://intelpower.ca,info@intelpower.ca
351,Interior Powertech,https://interiorpowertech.com,neil.lougheed@gmail.com
352,Internazionale Electrical Contractors,http://www.internazionaleelectric.com,
353,Ion Electrical & Controls,https://ioncontrols.ca,
354,IOTG Solar,https://iotgsolar.com,contact@iotgsolar.com
355,IPS,http://integrativeprojectsolutions.com/,
356,IPS,https://ipwr.net,sales@ipwr.net
357,Island Electric,https://www.islandelectric.info,andrew@islandelectric.info
358,iSolara,https://isolara.com,
359,J Barry Electrical,https://jbarryelectrical.ca,Jordan@jbarryelectrical.ca
360,J.K. Electric,https://jkelectric.org,
361,James Skailes Electrical,https://jamesskaileselectricalservices.com,
362,Jay Carter Roofing & Sheet Metal,https://jaycarterroofing.com,info@jaycarterroofing.ca
363,Jayson Global,https://jaysonglobal.com,
364,Jaytech Electric,https://jaytechelectric.com,
365,Jazz Solar Solutions,https://jazzsolar.com,jon@jazzsolar.com
366,JC Power Solutions,https://www.jcpowersolutions.com,jc@jcpowersolutions.comAddress
367,Jeff Mackie Electric,http://www.jeffmackieelectric.com,
368,Jet Electric,https://jetelectricsk.com,info@jetelectricsk.com
369,Jet Electrical Contractors,https://www.jetelectricalcontractors.com,
370,JML Electric,https://www.jmlelectric.ca,office@jmlelectric.ca
371,JNG Electric,https://jngelectricsk.ca,
372,Joustra & Sons Electric,https://www.joustraelectric.ca,office@joustraelectric.ca
373,Just Power,https://justpower.ca,EnergyEmailinfo@justpower.caPhone
374,K-Lou Electrical,https://k-louelectric.ca,vancouverislandelectric@gmail.com
375,K.R. Electrical Services,https://www.krelectricalservices.com,
376,Kajk Constructors,https://kajkconstructors.com,info@kajkconstructors.com
377,KCP Energy,https://www.livesolarnow.com,
378,KD Electric,https://www.kdelectric.ca,
379,Kelowna Solar,http://www.kelowna-solar.com,
380,KES,https://www.kyneticenergy.com,
381,Kicking Horse Power,https://khpcorp.ca,filler@godaddy.comBookingsMy
382,Kilts & Cables Solar & Electrical,https://www.kiltsandcables.com,
383,Kirkland Roofing and Exteriors,https://www.kirklandroofingandexteriors.ca,matt@kirklandroofingandexteriors.ca
384,Kiwi Newton,https://www.kiwinewton.com,marketing@kiwinewton.com
385,Klis Electric,https://kliselectric.com,
386,Krimp Electric,https://www.krimpelectric.ca,
387,Kuby Energy,https://kuby.ca,
388,KVA Electrical Systems,https://kvaelectric.ca,
389,Kymand Roofing,https://www.kymandroofing.com,info@kymandroofing.com
390,L&C Electric,https://lc-electric.co,
391,Lakeshore Power Systems,https://lakeshorepowersystems.com,sales@thesolarsupermarket.com
392,Lakeside Electrical,https://lakesideelectrical.net,
393,Lakeside Mechanical Services,https://lakesidemechanical.ca,9033info@lakesidemechanical.caNewsletterCopyright
394,Lakeview Electric,https://www.lakeviewelectricltd.ca,
395,Lancer Electric,https://lancerelectric.ca,service@lancerelectric.ca
396,Landmark Homes,https://www.landmarkhomes.ca,hello@landmarkhomes.ca
397,Langstaff & Sloan,https://langstaffandsloan.com,rob@langstaffandsloan.ca
398,Laurin & Leblanc Electrique,https://electricianwestisland.com,
399,LD Electrical,https://ldelectricalltd.com,ldelectrical@dudek.ca
400,LDG Electrical,https://www.ldgelectrical.ca,ldgelectrical@shaw.ca
401,Lexand Electric,https://www.lexandelectric.com,
402,LH Solar,https://www.lhsolar.ca,
403,Living Skies Solar,https://livingskiessolar.com,user@domain.com
404,LML,https://www.groupelml.ca,mlaplante@groupelml.ca
405,Lock Hill Energy Services,https://www.lockhillenergyservices.ca,
406,Logitest Solar,http://www.logitestsolar.ca,
407,Lowther Electric,http://www.lowtherelectric.com,lowtherelectric@gmail.com
408,Luc Charles Electrical,http://www.luccharles.ca,9335office@luccharles.ca
409,Lumi Energy,https://www.lumienergy.ca,
410,LUTW,https://lutw.org,lutw@lutw.org
411,M.B. Eye Electrical,https://www.mbeyeelectrical.com,
412,MAC Electrical Contracting,https://www.macelectricalltd.com,
413,Macdonaldelectric,https://macdonaldelectricltd.com,broc@macdonaldelectricltd.com
414,Mace Electric,https://www.maceelectric.ca,
415,MAG Solar,https://magsolar.ca,Instagram																									@mag.solar
416,Mann Engineering,https://www.mannengineering.com,
417,Mariposa,https://www.mariposaelectric.ca,
418,Maritime Solar,https://maritimesolar.ca,
419,MasTec Canada,https://www.masteccanada.com,
420,Maverick Alternative Energy,https://www.mavericksolar.ca,
421,MAX Énergie,http://www.maxenergie.ca,
422,MCJ Contracting,https://essexelectricalcontractor.ca,
423,MCL Power,https://mclpower.com,
424,MEC Projects,https://www.mecprojectsltd.com,
425,Meek Electric,https://www.meekelectric.ca,
426,Meridian Solar & Electric,https://meridiansolar.ca,
427,Merlyn Power,https://merlynpower.ca,
428,MFM,http://www.mfmservice.ca,
429,Mid South Contractors,https://www.midsouthulc.com,
430,MiEnergy,https://mienergy.ca,
431,Milani Electric,https://milanielectric.com,
432,Mitchell and Sun Renewables & Electrical,https://www.mitchellandsun.com,
433,Mitra Innovations,https://mitrainnovations.ca,info@mitrainnovations.ca
434,MJ  Lighting & Electrical,https://www.mjlighting.net,
435,MJM Solar Solutions,https://mjmsolar.com,impallari@gmail.com
436,MJR Electric,https://mjrelectric.ca,
437,Modern Niagara,https://modernniagara.com,
438,Molen Services,https://molenservices.com,info@molenservices.com
439,Montreal Roofers,https://www.montrealroofers.com,info@montrealroofers.com
440,Moose Power,https://moosepower.com,info@moosepower.com
441,MPG,https://mpg2010.com,mpg@bell.net
442,MSM Electric,http://msmelectric.com,
443,MTK Electrical,https://www.mtkelectrical.com,
444,Mulligan's Electric,https://www.mulliganselectric.ca,
445,Multeps Solar,https://multeps.ca,
446,Muskoka Renewable Energy,https://www.muskokarenewableenergy.ca,
447,Mustang Controls,http://www.mustangcontrols.com,
448,MWM,http://smartenergycanada.ca,
449,mySolar,https://www.mysolarhome.ca,info@mysolarhome.ca
450,Natural Forces Solar,https://naturalforcessolar.ca,
451,NCES,http://nosecreekelectrical.ca,
452,Neighbour Power,https://neighbourpower.com,
453,Nergietech,https://nergietech.com,Info@nergietech.com
454,NetZero Solar,https://www.netzero-solar.com,
455,New Dawn,https://newdawn-es.com,info@newdawn-es.comPrivacy
456,New Energy Alternatives,https://www.newenergyalternatives.ca,513-1822solar@newenergyalternatives.ca
457,Newma Power Systems,https://newmapower.com,
458,Newo,https://newo.energy,info@newo.energy
459,Newtons,https://newtonall.com,
460,Next Energy Solar,https://nextenergysolar.ca,
461,Nexus Energy Products,https://nexusenergyproducts.com,info@nexusepi.com
462,Nixon Projects,https://nixonprojects.ca,info@nixonprojects.com
463,Nomad Roofing,https://www.nomadroofing.ca,info@nomadroofing.ca
464,North American Design & Build,https://nadbcanada.com,info@nadbcanada.com
465,Northern Electric,http://www.northernelectricltd.com,
466,Northern Lights Solar Systems,https://www.solarman.ca,
467,Northern Power,https://northern-pwr.ca,CONTACTsupport@northern-pwr.com
468,NorthGrid,https://northgrid.ca,admin@northgridsolarinc.com
469,Northshore Energy Outfitters,https://energy-outfitters.ca,jonpinhorn.typedesign@gmail.com
470,NOVA,https://renewables.net,
471,Nova Sun Power,https://novasunpower.com,
472,NRG Energy,http://www.nrgenergy.ca,
473,NRG Management,https://nrgmanagement.ca,
474,NS Off Grid Renewable Energy,https://l-harnish.wixsite.com/nsoffgrid,
475,NSPG,https://northshorepowergroup.ca,
476,NuSolar,https://www.nusolar.biz,
477,NWT Solar,http://nwtsolar.ca,CONTACTinquiries@nwtsolar.ca
478,Oceanside Electrical,https://oceansideelectrical.ca,info@oceansideelectrical.ca
479,Oceanvolt Solar & EV,https://www.oceanvoltsolarandev.ca,
480,OEC,https://www.onelec.com,info@onelec.comNorth
481,Okanagan Solar,https://www.oksolar.ca,
482,Olson Electric,https://www.olsonelectric.ca,
483,Omni Solar,https://omnisolar.ca,
484,Onda Electric,https://www.ondaelectric.com,info@ondaelectric.com
485,ONEC,https://onecgroup.com,info@onecgroup.com
486,Ontario Solar and Roofing,https://ontariosolarandroofing.com,
487,Ontario Solar Installers,https://ontario-solar-installers.ca,
488,Oosterhof Electrical Services,https://oosterhofelectric.com,info@oosterhofelectric.com
489,Orillia Electric,https://orillia-electric.com,
490,Orizon Energy,https://orizonenergy.ca,you.general@orizonenergy.ca
491,Osborne Solar Solutions,https://osbornesolarsolutions.ca,
492,Oso Renewable Energy,https://www.ososolar.com,kip@ososolar.com
493,Osprey Electric,https://www.ospreyelectric.com,
494,Ottawa Solar Power,https://www.ottawasolarpower.com,user@domain.com
495,Ottawa Valley Solar,https://ottawavalleysolar.com,jeff@ottawavalleysolar.com
496,Otter Energy,https://otterenergy.com,
497,Our Electrician,https://ourelectrician.ca,info@ourelectrician.ca
498,Outback Electric,https://www.outbackelectricinc.ca,
499,OYA Renewables,https://oyarenewables.com,
500,OZZ,https://www.ozzelectric.com,
501,Panason Electric,https://panasonelectric.ca,admin@panason.ca
502,Panel Upgrade Experts,https://panelupgradeexperts.com,
503,Paradigm Solar,https://www.paradigmsolar.ca,solar@paradigmpanels.com
504,Paragon Alternative & Conservative Energy,https://www.paragonenergy.net,
505,Pardell Electric,https://www.pardellelectric.com,info@pardellelectric.com
506,PCL Constructors,https://www.pcl.com,
507,Penfolds Roofing & Solar,https://www.penfoldsroofing.com,
508,Phase 3 Electric Ponoka,https://www.phase3electric.ca,
509,Phidel Électrique,https://www.phidelelectrique.ca,
510,Phil Smith Roofing & Solar,https://www.philsmithroofing.com,
511,Pineland Electric,https://pinelandelectric.ca,
512,Pioneer Solar And Renewables,https://pioneersolarenergy.com,info@pioneersolarenergy.com
513,Platinum Electric,https://platinumelectric.pro,
514,Platinum Electrical Contractors,https://www.platinumgroup.ca,
515,PME,https://www.pmeinc.ca,
516,Polaron Solartech,https://polaronsolar.com,info@polaronsolar.com
517,Portage Electric,http://portageelectric.ca,
518,Potentia Solar,https://www.potentiarenewables.com,
519,Poulton Power,https://www.poultonpower.com,
520,Power Aid Electric,https://poweraidelectric.ca,flags@2x.png
521,Power Blitz,https://powerblitz.ca,Info@PowerBlitz.ca
522,Power East Electric,https://powereastelectric.ca,
523,Power My Home,https://powermyhome.ca,
524,Power Up Electrical,https://www.powerupelectrical.ca,
525,Powerlink Electrical,https://plelectrical.ca,
526,Powermax,https://www.powermaxltd.com,
527,Powertec Solar,https://powertecsolar.ca,
528,Powerup,https://www.powerupsolar.ca,
529,Prairie HVAC/R,https://prairiehvac.com,roy@finchcomputers.com
530,Prairie Sun Solar,https://prairiesunsolar.com,info@prairiesunsolar.com
531,Preferred Energy,https://preferredenergy.ca,impallari@gmail.com
532,Premier Electrical Technician,https://premierelectrical.ca,inquiries@premierelectrical.ca
533,Premium Electric,https://www.premium-electric.ca,
534,Primal Electric,https://www.primalelectric.com,
535,Pro West,https://prowestsolar.ca,sales@prowestsolar.ca
536,Progressive Systems,https://progressivesystemsltd.com,progressive@shaw.ca
537,Prominence Solar,https://prominencesolar.com,
538,ProSol,https://prosolenergy.ca,
539,ProSolaire,https://prosolaire.ca,info@prosolaire.ca
540,Prowess Solar Power,http://www.prowesssolar.com,
541,Prowind,https://www.prowind.com,
542,Pure Solar,https://puresolar.ca,
543,PV Tech,https://pvtech.ca,
544,QPA Solar,https://www.qpasolar.com,
545,QPI,https://quadrapower.ca,
546,Quality Electric,https://qualityelectric.ca,
547,Quality Solar,http://qualitysolar.ca,
548,Quantum Renewable Energy,https://quantumenergy.ca,info@quantumenergy.ca
549,Quattra,https://quattrascs.ca,info@quattrascs.com
550,Quebec Solar,https://quebecsolar.ca,
551,R.H. Electric,https://www.rh-electric.com,jason@rh-electric.com
552,R&L Electric,https://rl-electric.ca,
553,Radiant Solar,https://radiantsolar.ca,astigma@astigmatic.com
554,Rainbow Electric,https://www.rainbowelectric.ca,
555,Rand Electric,http://www.randelectric.ca,
556,Rankin Skyline Services,https://www.rankinskyline.com,
557,RAW Group,https://rawgroup.ca,info@rawgroup.ca
558,Ready Racking,https://readyracking.com,
559,Ready Solar,https://readysolar.ca,info@readysolar.ca
560,Redwood Energy,http://redwoodenergy.ca,UsEmaildaniel@redwoodenergy.caPhone
561,Regenerate Solar,https://www.regeneratesolar.ca,info@regeneratesolar.ca
562,Regent Electric,https://regentelectric.ca,
563,Renewable Energy Solutions,https://offgridisbetter.com,solartech@hotmail.ca
564,Renewable Lifestyles,https://renewablelifestyles.ca,info@renewablelifestyles.ca
565,Renewable North,https://www.renewablenorth.com,
566,Renewable Watts,https://renewablewatts.ca,contact@sansoxygen.com
567,Renewly Solar,https://renewly.ca,info@renewly.ca
568,Renolinc Solar,https://www.renolincsolar.com,
569,RESCo Energy,https://rescoenergy.com,
570,Resmer Power Generation,http://www.resmerpower.com,info@resmerpower.com
571,Resolution Electric,https://www.resolutionelectric.com,
572,Revelstoke Electric,https://revelstokeelectric.com,admin@revelstokeelectric.om
573,RH Electric,https://www.rhelectric.ca,
574,Ridgeline Power Solutions,https://ridgelinepowersolutions.ca,
575,Right Direct,https://right.direct,info@right.direct
576,Rising Edge,https://risingedgegroup.com,
577,Riverside Energy,https://www.riversideenergy.ca,info@riversideenergy.caHello
578,Riverstone Electric,https://www.riverstoneelectric.com,
579,Rizon Solar,https://rizonsolar.ca,
580,Roberts Electrical,https://www.robertselectrical.ca,
581,Rock Paper Sun,http://www.rockpapersun.com,info@rockpapersun.com
582,Rockwood Electric,http://www.rockwoodelectric.ca,info@rockwoodelectric.ca
583,Rocky Mountain Solar,https://www.rockymountainsolar.ca,
584,Rocky Mountain Solar,https://rockymountainsolarco.ca,
585,Rodan,https://rodanenergy.com,
586,Roofmaster Ottawa,https://roofmaster.ca,admin@roofmaster.ca
587,Roofworks Roofing & Solar,https://www.roofworkslimited.com,
588,Roost Solar,https://www.roostsolar.com,info@roostsolar.com
589,Rosco Electric,https://www.roscoelectric.ca,
590,RST Elecrical,https://www.rstelectrical.co,info@rstelectrical.co
591,S. Sorensen Electric,https://www.sorensenelectric.ca,
592,S&H Power Services,https://sandhpowerservices.com,
593,s2e Technologies,https://www.s2etech.com,664-3636info@s2etech.comUSA
594,Sabb Solar,http://sabbsolar.com,
595,Safe Roofing,https://www.saferoofing.ca,info@saferoofing.ca
596,Sage Energy,https://sage-energy.ca,hello@sage-energy.ca
597,Saltspring Solar,https://saltspringsolar.ca,info@saltspringsolar.ca
598,Sam Brisson,https://sambrisson.ca,info@sambrisson.ca
599,Sands Solar & Roofing,https://www.sandsolaroofing.com,
600,Sargeant's Roofing,https://www.sargeantsroofing.com,
601,Saskatoon Solar,https://www.solarpanelssaskatoon.com,
602,Saturn Power,https://www.saturnpower.com,
603,Schroeder Electric,https://schroederelectricinc.ca,
604,SDC,http://www.solardirectcanada.com,
605,Sea Coast HVAC,https://thenoddinggroup.ca,
606,SEI Logistics,http://seilogistics.com,info@seilogistics.com
607,Setco Energy,https://setcosenergy.com,
608,SGE,https://superiorgreenenergy.com,
609,Shaw Electrical Solutions,https://shawelectricalsolutions.ca,impallari@gmail.com
610,Shift Energy,https://shift.ca,
611,Sifft Electric,https://sifft.ca,
612,Signature Electric,https://signatureelectric.ca,
613,Silica Solar,http://www.silicasolar.com,farhatiqbal@polardesignstudio.com
614,Simple Solar,https://www.simplesolar.ca,
615,Simpson Electric,https://simpsonelectric.biz,
616,Simson Maxwell,https://simson-maxwell.com,
617,Sino-Can Energy,https://sinocanenergy.com,
618,Sirrom Wiring,https://sirromwiring.com,info@sirromwiring.com
619,Sky Electric,https://www.skyelectric.ca,skyelectric1101@gmail.com
620,SkyFire Energy,https://skyfireenergy.com,
621,Skyline Solar Energy,http://skylinesolarenergy.com,info@skylinesolarenergy.com
622,Skylit,https://skylit.ca,solar@skylit.ca
623,SkyPower,https://skypower.com,4625info@skypower.com
624,Small Planet Energy,https://smallplanetenergy.ca,info@smallplanetenergy.ca
625,Smart Solar Canada,https://smartsolarcanada.ca,impallari@gmail.com
626,Sol Power,https://solpowerprojects.com,info@solpowerprojects.com
627,Solana Energy,https://solanaenergy.ca,impallari@gmail.com
628,Solar Ascent,https://solarascent.ca,482-1800info@solarascent.ca
629,Solar Community,https://www.solarcommunityhvac.ca,
630,Solar Concepts,http://www.solarconcepts.ca,info@solarconcepts.ca
631,Solar Connect,https://solarconnectcompany.com,899-6229jennifer@solarconnectcompany.com
632,Solar Country,https://solarcountry.ca,
633,Solar Dev,https://solardev.ca,
634,Solar Dynamics,https://www.solardynamics.ca,
635,Solar Energy Center,http://www.solarenergycenter.ca,mail@solarenergycenter.ca
636,Solar Energy DC,https://solarenergydc.com,
637,Solar Guru,https://solarguru.ca,
638,Solar Guys,https://www.solarguysconsulting.com,
639,Solar Harvest,https://solarharvestalberta.ca,info@solarharvestalberta.ca
640,Solar Homes,https://solarhomesinc.com,peter@solarhomesinc.ca
641,Solar Optix,https://www.solaroptix.ca,
642,Solar Panels Ottawa,https://solarpanelsottawa.ca,sales@solarpanelsottawa.ca
643,Solar Plantation,https://www.solarplantation.ca,566-3000mi@solarplantation.cawww.solarplantation.ca
644,Solar Provider Group,https://www.solarprovidergroup.com,
645,Solar Solutions,https://solarsolutions.ca,
646,Solar X,https://solar-x.ca,
647,Solar YYC,https://solaryyc.ca,
648,SolarBase,https://www.solarbaseelectric.com,
649,Solarcor,https://www.solarcor.ca,customer.support@solarcor.ca
650,SolarCorp,https://solarcorp.ca,CSThello@solarcorp.ca
651,Solareagle,https://www.solareagle.com,
652,Solario,https://solario.ca,Emailinfo@solario.caOffice
653,SolarNinjas Energy Solutions,https://solarninjas.energy,9120weshouldhire@solarninjas.energyMonday
654,SolarPros,https://www.calgarysolarsystems.ca,
655,Solarsmith Energy,https://solarsmith.ca,aj@solarsmith.ca
656,Solartility,https://solartility.ca,
657,SolarUp,https://solarup.ca,
658,Solarwyse,https://www.solarwyse.ca,
659,Solcan,https://solcan.ca,info@solcan.ca
660,Solera,https://soleraenergies.com,
661,Solify,https://solify.ca,info@solify.ca
662,Soltek,https://www.soltekltd.com,
663,Solun Energy,https://solun.ca,
664,Solve Energy,https://solveenergy.ca,
665,Solvest,https://www.solvest.ca,info@solvest.ca
666,Son Solar,https://www.sonsolar.ca,bruce@sonsolar.caSubmitThanks
667,Sourcetec Energy,http://sourcetecenergy.com,sales@sourcetecenergy.com
668,Southcan Electric,https://www.southcan.ca,
669,Southend Electrical,https://southendelectrical.ca,southendelectrical@live.ca
670,Spark,https://sparkpowercorp.com,
671,Spark,https://sparkenergy.ca,info@latinotype.com
672,Specified Roofing,https://www.specifiedroofing.com,leak@specifiedroofing.com
673,SPN,https://solarpowernetwork.ca,info@solarpowernetwork.ca
674,SPS,https://www.sunport.ca,
675,SRP Electric,http://www.srpe.ca,
676,Stand Sure Electric,https://standsureelectric.com,
677,Stantec,https://www.stantec.com,media@stantec.com
678,Stardust Solar Technologies,https://stardustsolar.com,info@stardustsolar.comSocial
679,Stellar Solar,https://www.stellarsolar.ca,
680,Stevenson Electric,https://stevensonelectric.ca,micah@micahrich.com
681,STI Solar Technology,https://www.solar-technology.ca,info@solar-technology.ca
682,Storm Surge Electric,https://stormsurgeelectric.com,
683,Sun Electrical,https://www.sunsolarelectrical.ca,
684,Sun Kissed Energy,https://sunkissedenergy.ca,info@sunkissedenergy.ca
685,Sun Power Solutions,https://www.sunpowersolutions.ca,
686,Sunbeam Energy,https://www.sunbeamenergy.ca,
687,Suncatcher,https://suncatchersolar.com,fancybox_sprite@2x.png
688,Sundawg Solar,https://sundawgs.com,306-912-9988info@sundawgs.com
689,Sunfind Solar Products,https://www.sunfindsolarproducts.com,info@sunfindsolarproducts.com
690,Sunfish Solar,https://sunfishsolar.ca,sunfishsolarinc@gmail.com
691,SunFlow Solar,https://sunflow.ca,
692,SunFrog Solar,https://sunfrogsolar.com,
693,Sungod Industries,https://sungodindustries.ca,
694,SunGrid,https://www.sungridsolutions.com,1.888.407.4743info@sungridsolutions.com
695,Sunly,https://sunly.ca,hello@sunly.ca
696,Sunny Coast Electric,https://www.sunnycoastelectric.ca,sunnycoastelectric@gmail.com
697,Sunplendour,https://sunplendour.ca,
698,Sunscape Electric,https://www.sunscapeelectric.ca,info@sunscapeelectric.ca
699,SunTap Technologies,https://suntaptechnologies.com,solar@suntaptechnologies.com
700,Suntech Solar Solutions,https://www.suntechsolarsolutions.ca,info@suntechsolarsolutions.ca
701,Superior Trades Services,https://www.superiortradesservices.com,superiortrades@hotmail.com
702,Supernova Energy,https://supernovaenergy.ca,impallari@gmail.com
703,Surepoint Group,https://www.surepointvi.ca,
704,Surrey Solar & Roofing Solutions,https://www.surreysolarsolutions.com,
705,SW Energy,https://solarwindsenergy.com,
706,Sweeney Electric,https://www.sweeneyelectric.net,
707,Swiss Solar Tech,https://swisssolartech.com,
708,Switch Energies,https://www.switchenergies.ca,john@switchenergies.ca
709,T.H. Solar Wind Energy,http://thsolarwind.com,
710,T&C,https://tccomfort.com,
711,Taylor Auld Electric,https://www.taylorauldelectric.ca,taylorauldelectric@gmail.com
712,TaylorMade Electric,https://www.taylormadeelectric.ca,
713,TCR Coastal Power,https://www.tcrcoastalpower.com,
714,TDR Electric,https://www.tdrelectric.ca,
715,Temagami Electrical Services,https://www.temagamielectricalservices.ca,barret@temagamielectricalservices.ca
716,Tenet Power,https://tenetpower.com,Close@2x.png
717,Terawatt Solar,https://www.terawattsolar.ca,
718,Terra-Green Solar,https://www.terragreensolarnl.com,
719,Terralta,https://terralta.ca,
720,Terratek,https://terratek.ca,
721,Terry McCloskey Electric,https://mccloskeyelectric.com,terrymccloskeyelectric@gmail.com
722,The Hayter Group,https://thehaytergroup.com,
723,The Smart Energy Company,https://thesmartenergycompany.ca,1C4888-994-8786info@smart-energy.ca
724,The Solar Store,https://thesolarstore.ca,
725,Thompson Electric,https://thompsonelectric.ca,
726,Three Sixty Solar,https://threesixtysolar.com,
727,Thrive Electrify,https://thriveelectrify.com,info@thriveelectrify.com
728,Thunderbird Electrical,https://www.thunderbirdelectricalltd.com,electricianguyz1@gmail.com
729,Thunderlite Electrical Contracting,https://www.thunderlite.ca,
730,Tipro Electric,https://tiproelectric.ca,tiproelectric@gmail.com
731,TKO Electrical Contracting,https://tkoelectric.ca,
732,Toews Power,https://toewspower.com,2018_ToewsElectric_F.png_cropped_185x@2x.png
733,Toronto Green Builders,https://www.torontogreenbuilders.ca,
734,Toronto Solar Power,https://www.solarpowertoronto.com,solarpowertoronto@gmail.com
735,Toronto Solar Solutions,https://www.torontosolarsolutions.com,
736,Toronto Wiring,https://torontowiring.com,847-6252info@TorontoWiring.comFREE
737,TRC Solar,https://trcsolar.ca,eben@eyebytes.com
738,TreeTop Solar,https://treetopsolar.ca,info@indiantypefoundry.com
739,TriMac Engineering,https://www.trimaceng.ca,
740,Triton Electric,https://triton-electric.ca,
741,Triumph Roofing,https://triumphinc.ca,info@triumphinc.ca
742,Trotter & Morton,https://trotterandmorton.com,
743,Troy's Electric,https://www.troyselectric.ca,
744,Tru Off Grid,https://truoffgrid.com,
745,True Beacon,https://truebeacon.ca,
746,TruSun,https://www.trusun.ca,
747,Tugliq,https://tugliq.com,
748,TVG,https://theviolingroup.com,info@TheViolinGroup.com
749,TW Electricals,https://www.twelectricals.com,
750,Tyconn Services,https://www.tyconnservices.com,office@tyconnservices.com
751,Ultra Electrical Solutions,https://www.ultraelectricalsolutions.com,
752,Unitec Electrical Contracting,https://www.unitecelectric.com,
753,United Power,https://www.unitedpowerltd.com,
754,Universal Integrated Solutions,https://uisolve.ca,
755,Unplugged Power Systems,https://unpluggedpowersystems.ca,
756,Upgreen,https://www.upgreen.ca,
757,Urbanite,https://urbanite.pro,
758,Valard,https://www.valard.com,
759,Valley Electric & Solar,https://www.valleyelectricandsolar.ca,
760,Vancouver Solar & Electrical,https://www.vancouversolarpv.ca,
761,VCT Group,https://vctgroup.com,info@vctgroup.comCOMMERCIAL
762,Vert Energy,https://www.vertenergy.ca,
763,Vert Globe,http://vertglobe.com/,
764,Vertex Solar Solutions,https://vertexsolarsolutions.com,
765,Vicamp,https://electrical-services.ca,info@electrical-services.ca
766,Victoria Solar Power,https://www.victoriasolarpower.com,
767,Viel Solar,https://vielsolar.com,
768,Viridian Energy,https://viridiansolar.ca,info@vecoop.ca
769,Virtual Engineers,http://www.virtual-engineers.com,info@virtual-engineers.com
770,VoiceLight Solar Energy,https://voicelightsolarenergy.com,impallari@gmail.com
771,Voltarix Group,https://voltarixgroup.com,
772,Volts Energies,https://volts.ca,g-form-112883-afterSubmit.message-m3zeeo0t-Volts_Energies_Logo__Website_255x@2x.png
773,VREC,https://www.vrec.ca,
774,Vulcan Electrical,https://www.vulcanelectrical.com,
775,W Dusk Energy Group,https://www.wduskgroup.com,
776,W. McNeil Electrical,https://www.wmcneil.com,impallari@gmail.com
777,Warmac Energy,https://www.warmacenergy.com,
778,Water Valley Electrical,https://www.wvelectrical.com,
779,Waterloo Energy Products,https://waterlooenergy.com,info@waterlooenergy.com
780,WATT Renewables,https://www.wattrenewables.com,
781,Wattsup Solar,https://wattsupsolar.ca,contact@wattsupsolar.ca
782,WCD Solar,https://walshconsultingtech.ca,
783,WCE,https://www.wcelectric.ca,
784,Weber McCall Electric,https://www.webermccall.com,info@webermccall.com
785,Webster Solar Energy,http://webstersolar.ca,
786,WeGo Solar,https://wegosolar.com,sales@wegosolar.com
787,Wekking Electric,http://www.wekkingelectric.com,info@wekkingelectric.com
788,Wenzel Electrical,https://wenzelsolutions.ca,admin@wenzelsolutions.ca
789,West Prince Solar,https://westprincesolar.ca,chrisrandall@westprincesolar.ca
790,Westcan Power Services,https://westcanpowerservices.com,
791,Western Solar,https://western-solar.ca,Reserved.contact@western-solar.ca
792,Westland Electric,https://www.westland-electric.com,
793,Westman Solar Solutions,https://westmansolarsolutions.ca,
794,Weston Electrical,https://westonelectricalsolutions.ca,info@westonelectricalsolutions.ca
795,Wicks Electric,https://wickselectric.ca,
796,Windrotor Bolotov wind power,https://www.windrotor-bolotov.com,
797,Wireman,https://www.wiremaninc.ca,
798,Wright Choice Electric,https://www.wrightchoiceelectric.ca,
799,WSP,https://www.wsp.com,
800,Xolar,https://xolar.ca,info@xolar.ca
801,Zeno,https://www.livezeno.com,info@livezeno.com
