Number,Company Name,Email,Company Website
1,1st Electric,info@1stelectric.com,https://www.1stelectric.ca
2,2M Solar,service@2msolar.com,https://www.2msolar.ca
3,3B Energy,info@3benergy.com,https://www.3benergy.ca
4,3D Electrical,contact@3delectrical.com,https://3delectricalltd.ca
5,3G Energy,info@3genergy.com,https://www.3g-energy.com
6,5 Star Electric,C6inquiries@fivestarelectric.ca,https://fivestarelectric.ca
7,604-Go-Solar,johndoe@604gosolar.com,https://www.604gosolar.com
8,741 Rele,rele@linknowlocal.biz,http://adinaelectric.com
9,A Clark Roofing & Siding,admin@aclark.ca,http://www.aclark.ca
10,A Plus Electric,admin@apluselectric.ca,https://www.apluselectricbc.com
11,A-Star Electric,info@astarelectric.com,https://www.astarcalgary.ca
12,A.G. Electric,info@agelectricltd.ca,https://agelectricltd.ca
13,AB Solar,info@absolar.com,https://www.absolargroup.com
14,Abbotsford Solar,info@abbotsfordsolar.com,https://www.fraservalleysolar.com
15,Able Electric,master@example.com,https://www.ableelectricco.ca
16,Above It All Roofing,info@aboveitallroofing.ca,https://aboveitallroofing.ca
17,Abundant,service@abundant.com,http://www.abundant.solar
18,AC Tech. Electric,info@actechelectric.com,http://actechelectric.com
19,ACDC,contact@acdc.com,https://anvilcrawler.com
20,ACES,contact@aces.com,https://arntjencleanenergy.com
21,Action Electrical,info@actionelectrical.com,https://www.actionelectrical.net
22,Active Electric,admin@activeelectric.com,https://activeelectric.com
23,Actlap Power,info@actlappower.com,https://actlappower.com
24,Adanac Electric,info@adanacelectric.com,https://www.adanacelectric.com
25,Aecon,service@aecon.com,https://www.aecon.com
26,AES Solar,service@aessolar.com,https://aessolar.ca
27,Affordable Solar Energy,info@affordablesolarenergy.com,https://www.affordablesolarenergy.ca
28,AGD Solar,info@agdsolar.com,https://agdarrach.com
29,AGT Electrical Systems,info@agtelectricalsystems.com,https://agtelectricltd.com
30,AIM Industrial,info@aimindustrial.com,https://www.aimindustrial.ca
31,AKA Energy Systems,info@akaenergysystems.com,https://www.aka-group.com
32,Alba Electrical Services,service@albaelectricalservices.com,https://www.albaelectricalservices.com
33,Alectra Energy Solutions,contact@alectraenergysolutions.com,https://www.alectrasolutions.com
34,Alectric Renewables,service@alectricrenewables.com,https://alectricrenewables.com
35,Alectrix Utility Contractors,info@alectrixutilitycontractors.com,https://alectrixutility.ca
36,All Red Electric,info@allredelectric.com,https://allredelectric.ca
37,All-Stat Electric,allstat@sasktel.net,https://allstatelectric.ca
38,Alliance,info@alliance.com,https://automationelectrician.ca
39,Alltrade,contact@alltrade.com,https://www.alltradeindustrial.com
40,Alpha Solar Corp,contact@alphasolarcorp.com,https://www.alphasolarcorp.net
41,AltaPro,Info@altapro.com,https://www.altapro.ca
42,Alternative Solair,service@alternativesolair.com,https://vie-alternative.com
43,Alto Solar,info@altosolar.com,https://www.altosolar.ca
44,Am/Pm Electric,alexampminc@gmail.com,https://ampmelectric.ca
45,AMB Electric,info@ambelectric.com,https://ambelectric.ca
46,Amor Energy,info@amorenergy.ca,https://amorenergy.ca
47,AMP Energy,contact@ampenergy.com,https://www.amp.energy
48,Amray Solar,info@amraysolar.com,https://amray.solar
49,Anchor Roofing,info@anchorroofing.com,http://www.anchorroofing.ca
50,ANJ Engineering,info@anjengineering.com,http://www.anjengineering.com
51,Anser Power Systems,info@anserpowersystems.com,https://www.anserservice.ca
52,Anything Electric,info@anythingelectric.ca,https://www.anythingelectric.ca
53,API,Contact@api.com,https://altpowerinternational.com
54,Apollo Renewables,info@apollorenewables.com,https://www.apollorenewables.ca
55,Apollo Solar,info@apollosolar.com,https://www.apollosolar.pro
56,Appleseed Energy,info@appleseedenergy.com,https://www.appleseedenergy.com
57,Arborus Consulting,info@arborusconsulting.com,https://arborus.ca
58,Arcadian Projects,SERVICE@arcadianprojects.com,https://www.arcadianprojects.ca
59,Argon Electrical & Solar Services,info@argonelectricalsolarservices.com,https://www.argonelectrical.ca
60,Ark Renewable Energy,contact@arkrenewableenergy.com,https://www.arkrenewable.ca
61,ARK3DS Handymen,ark3ds.handyman@gmail.com,https://www.ark3ds.ca/gallery.html
62,Arrow Arc,info@arrowarc.com,https://www.arrowarcwelding.com
63,Ascent Electrical & Solar,contact@ascentelectricalsolar.com,https://www.ascentelectric.ca
64,Aspen Electric,info@aspenelectric.com,https://www.aspenelectricltd.com
65,Astra Solar,service@astrasolar.com,https://www.astrasolar.ca
66,Astral Power Solutions,CONTACT@astralpowersolutions.com,https://astralpowersolutions.ca
67,Atco,info@atco.com,https://www.atco.com
68,ATE,info@ate.com,https://alltype.ca
69,AtkinsRéalis,Info@atkinsréalis.com,https://www.atkinsrealis.com
70,ATT Electric,service@attelectric.com,https://www.attelectric.ca
71,Avon Electric,contact@avonelectric.com,https://avonelectric.org
72,Axis Electric,info@axiselectric.com,https://axiselectricltd.ca
73,Azgard Solar,SERVICE@azgardsolar.com,https://azgard.com
74,Aztek Solar,info@azteksolar.com,https://www.azteksolar.ca
75,B&R Electric,info@brelectric.com,https://brelectric.ca
76,Badger Electrical,contact@badgerelectrical.com,https://www.badgerem.com
77,Barnes Electric,info@barneselectric.com,https://www.barneselectric.ca
78,Battery Boss,info@batteryboss.com,https://www.batteryboss.ca
79,BCD Electric,service@bcdelectric.com,https://bcdelectrical.com
80,Belltech Systems,service@belltechsystems.com,https://www.belltech.ca
81,Besolar,info@besolar.com,https://besolar.ca
82,Bespoke Electrical,service@bespokeelectrical.com,https://bespokeelectrical.ca
83,Best Electrican Toronto,contact@bestelectricantoronto.com,https://www.bestelectriciantoronto.ca
84,Betts Electric,info@bettselectric.com,https://www.bettselectric.com
85,BFG,contact@bfg.com,https://bfg.ca
86,Big Tree Electrical,info@bigtreeelectrical.com,https://www.bigtreeelectrical.com
87,BJ Kane Electric,service@bjkaneelectric.com,https://www.bjkaneelectric.ca
88,Black & McDonald,contact@blackmcdonald.com,https://blackandmcdonald.com
89,Blackline Power,contact@blacklinepower.com,https://blacklinepower.com
90,Blais Electric,info@blaiselectric.com,https://www.blaiselectric.ca
91,Blake Solar,info@blakesolar.com,https://blake.solar
92,BLDG Electric,contact@bldgelectric.com,https://www.bldgelectric.com
93,Blu Dot Systems,info@bludotsystems.com,https://www.bludotsystems.com
94,Blue Chip Electrical,info@bluechipelectrical.com,https://bluechipelectrical.com
95,Blue Green Solar,info@bluegreensolar.com,https://bluegreensolar.ca
96,Blue Sky Solar,info@blueskysolar.com,https://www.blueskysolar.ca
97,BluEarth Renewables,info@bluearthrenewables.com,https://bluearthrenewables.com
98,Bluewater Energy,Contact@bluewaterenergy.com,https://bluewaterenergy.ca
99,BNR Electric,contact@bnrelectric.com,https://www.bnr-electric.com
100,Boralex,info@boralex.com,https://www.boralex.com
101,Borea Construction,service@boreaconstruction.com,https://boreaconstruction.com
102,Boss Solar,contact@bosssolar.com,https://www.bosssolar.com
103,Bourne Electric,rmation@Bourne-Electric.com,https://www.bourne-electric.com
104,Brant Renewable Energy,info@brantrenewableenergy.com,https://brantrenewable.ca
105,Braun Solar Services,info@braunsolar.com,https://www.braunsolar.com
106,BrighterFuture Solar,Info@BrighterFutureSolar.ca,http://brighterfuturesolar.ca
107,Brightworks Energy,info@brightworksenergy.com,https://brightworksenergy.com
108,Browning Electric,dylan@browning-electric.ca,https://browning-electric.ca
109,Btek R.E. Products,info@btekenergy.com,https://www.btekenergy.com
110,Bur Oak,sales@bur-oak-resources.ca,https://bur-oak-resources.ca
111,Burwash Electric,Info@burwashelectric.com,https://burwashelectric.com
112,BVGEC,A0connect@bvgreenenergy.org,https://www.bvgreenenergy.org
113,C L Plumbing & Heating,contact@clplumbingheating.com,https://www.clplumbing.ca
114,C.K. Electric,info@ckelectric.com,https://ckelectric.ca
115,Camarta Energy,contact@camartaenergy.com,https://www.camartaenergy.ca
116,Camo Electric,service@camoelectric.com,https://www.camoelectric.ca
117,Can-Nor Electric,info@can-nor.ca,https://www.can-nor.ca
118,CanNam Electric,service@cannamelectric.com,https://cannamelectric.com
119,Capitol Electric,info@capitolelectric.com,http://capitolelectric.ca
120,Cariboo Sterling Electric,Service@cariboosterlingelectric.com,https://www.cariboosterlingelectric.ca
121,CBI Solar,sales@cbisolar.com,https://cbisolar.com
122,CBS Electrical,wes@cbselectric.ca,https://www.cbselectric.ca
123,CDN Controls,info@cdncontrols.com,https://www.cdncontrols.ca
124,CDN Power Pac,info@cdnpowerpac.com,https://www.cdnpowerpac.com
125,CE Fisher Electric,brendacefisher@ns.aliantzinc.ca,https://cefisherelectric.com
126,Centre Star Solar,Contact@centrestarsolar.com,https://centrestarsolar.com
127,CES,info@ces.com,https://clearenergysolutions.ca
128,CEV Canada,contact@cevcanada.com,https://cevcanada.ca
129,CGS,service@cgs.com,https://www.centennialglobal.ca
130,Channel Custom Builders,info@channelcustombuilders.com,https://www.channelcustombuilders.com
131,Charged Electric & Solar,info@charged-electric.ca,https://charged-electric.ca
132,Citadel Electrical Systems,info@citadelelectricalsystems.com,https://www.citadelelectrical.ca
133,ClayMar Electric,info@ClayMarElectric.ca,https://claymarelectric.ca
134,Clean Earth Solar Solutions,INFO@cleanearthsolarsolutions.com,https://cleanearthsolarsolutions.yolasite.com
135,Clear Power Solutions,service@clearpowersolutions.com,https://clearpowersolutions.com
136,CM SunEra,info@cmsunera.com,http://cmsunera.com/
137,CMi Electric,contact@cmielectric.com,https://cmielectric.ca
138,CMI Solar,info@cmisolar.ca,https://www.cmisolar.ca
139,Coast Solar Solutions,Service@coastsolarsolutions.com,https://www.coastsolarsolutions.ca
140,Cogent Green Solutions,info@cogentgreen.com,https://www.cogentgreen.com
141,Collide Energy,info@collideenergy.com,https://collideenergy.ca
142,Collins Electric,info@collinselectric.com,https://www.collinselectric.ca
143,Colz Electric,info@colzelectric.com,https://colzelectric.com
144,Concord Solar,service@concordsolar.com,http://concordsolar.ca/
145,Condor Electric,info@condorelectric.com,https://www.condorelectric.ca
146,Consumer Roofing and Renovations,ryszard.crs@gmail.com,https://www.consumerroofingandrenovations.com
147,Consumers Energy,info@consumersenergy.ca,https://consumersenergy.ca
148,Cooper Electrical Contracting,office@cooperelectric.ca,https://www.cooperelectric.ca
149,Copper Mountain Electric,info@coppermountainelectric.com,https://www.copper-mountain.ca
150,Coquitlam Solar,info@www.coquitlamsolarenergy.ca,https://www.coquitlamsolarenergy.ca
151,Core Renewable Energy,info@corerenewableenergy.com,https://corenergy.ca
152,Cosmic,info@cosmiccleanenergy.com,https://cosmiccleanenergy.com
153,Couture Auto Électrique,info@coutureautoelectrique.ca,https://www.coutureautoelectrique.ca
154,Crestview Solar,info@crestviewsolar.com,https://cvesolar.com
155,Crown Roofing,contact@crownroofing.com,https://www.crownroofingltd.com
156,CSI Solar,service@csisolar.com,https://www.csisolar.com
157,Custom Electric,info@customelectric.com,https://customelectric.com
158,CV Electrical,info@cvelectrical.com,https://cvelectrical.ca
159,CWS,service@cws.com,https://www.waterproofingsystems.ca
160,D-Com Energy Solutions,info@dcomenergysolutions.com,https://d-com.ca
161,D&D Electric,service@ddelectric.com,http://www.ddelectric.ca
162,D16,info@d16.com,https://www.d16.ca
163,Dafoe Electrical,rob@dafoeelectric.com,https://dafoeelectricalinc.com
164,Dandelion Renewables,operations@dandelionrenewables.com,https://www.dandelionrenewables.com
165,Danik Electric,info@danikelectric.com,https://danikelectrical.ca
166,Darryl Goossen Electrical,darryl.goossen@gmail.com,https://dgelectricalsk.ca
167,DBMS Energy Solutions,Denis@DBMSsolar.net,https://dbmssolar.net
168,DBS Air,info@dbsair.com,https://dbsair.com
169,DDC Technical Services,info@ddctechnicalservices.com,https://www.ddctechnicalservices.ca
170,Delta Energy,info@deltaenergy.com,https://www.deltaenergysolutions.ca
171,Deltacron,info@deltacron.com,https://www.deltacron.com
172,Deltro,info@deltro.ca,https://deltro.ca
173,DERA,info@deraenergy.com,https://deraenergy.netlify.app
174,DES Engineering,info@desengineering.com,https://deseng.ca
175,DGES,info@dependablegreenenergy.ca,http://dependablegreenenergy.ca
176,Diamond Renewable Energy,info@diamondrenewable.com,https://diamondrenewable.com
177,DLR Electric,rob@dlrelectric.com,https://www.dlrelectric.com
178,Doctor Solar,service@doctorsolar.com,https://www.doctorsolar.ca
179,Domolynx,info@domolynx.com,https://domolynx.com
180,Double L Electric,info@doublelelectric.com,https://www.doublelelectric.ca
181,Downunder Solar,sales@downundersolar.ca,https://www.downundersolar.ca
182,Drycore,info@drycore.com,https://www.drycore.com
183,DS Electric,Contact@dselectric.com,http://www.dselectricwindsor.com
184,Dubrule Electrical,info@dubruleelectric.com,https://www.dubruleelectric.com
185,Duffy's Electric & Geothermal,Info@duffyselectricgeothermal.com,https://www.duffyselectric.ca/index.html
186,Dunn's Electric,info@dunnselectric.com,https://www.dunnselectric.ca
187,Durham Electric,info@durhamelectric.com,https://www.durham-electric.ca
188,E-2 Solutions,info@e-2solutions.com,https://www.e-2solutions.com
189,E3 Solar,info@e3solar.com,https://e3solar.ca
190,EazySolar,info@eazysolar.com,http://www.easysolar.ca
191,Eco Alternative Energy,info@ecoalternativeenergy.com,https://www.ecoaltenergy.com
192,Eco Electrical Solutions,info@ecoelectricalsolutions.com,https://www.ecoelectricalsolutions.ca
193,Eco Exteriors,info@ecoexteriors.com,https://ecoexteriors.com
194,Eco-Smart Energy Solutions,CONTACT@ecosmartenergysolutions.com,https://www.eco-ses.com
195,Ecohive,info@ecohive.ca,https://ecohive.ca
196,EcoHome,contact@ecohome.com,https://ecoheat.ca
197,EcoLogic Energy Solutions,info@ecologicenergysolutions.com,https://www.ecologicenergy.ca
198,ÉcoSolaris,jason@ecosolaris.ca,https://ecosolaris.com
199,ECS Integrated,info@ecsintegrated.com,https://www.ecsintegrated.com
200,EEI,info@eei.com,https://effisolar.ca
201,Efficient Electrical Services (EES),graham@efficientelectricalservices.ca,https://efficientelectricalservices.ca
202,EG Energy,info@egenergy.com,http://egenergy.ca
203,Egenolf Alternative Energy,info@egenolfalternativeenergy.com,http://www.bvsolar.ca
204,Electric MD,info@electricmd.com,https://electricmd.ca
205,Electrical Elite,info@electricalelite.ca,https://electricalelite.ca
206,Electrical Power Solutions,info@electricalpowersolutions.com,https://www.electricalpowersolutions.ca
207,ELECTRICca,info@electricca.com,https://www.electriccainc.com
208,ElectricMan,info@electricman.ca,https://electricman.ca
209,EllisDon,service@ellisdon.com,https://www.ellisdon.com
210,EM-One Energy,info@emoneenergy.com,https://www.emone.energy
211,Empower Energy,sales@empowerenergy.ca,https://empowerenergysolar.ca
212,Empyreal Solar,INFO@empyrealsolar.com,https://www.rvwalkthru.com/empyreal/
213,Energy Economics Solar,UsILoveSolar@energyeconomics.ca,https://energyeconomicssolar.ca
214,Energy Electric,info@energyelectric.com,https://www.energyelectric.ca
215,Energy Smart,Service@energysmart.com,https://energysmartcanada.com
216,EnergyPal,info@energypal.com,https://energypal.com
217,EnerTech,contact@enertech.com,http://www.enertech.co
218,Enmax,service@enmax.com,https://www1.enmax.com
219,Enviro Energy,team@enviroenergysolar.ca,https://www.enviroenergysolar.ca
220,Envirotech Electrical Services,info@envirotechelectric.com,https://envirotechelectric.com
221,Envisionmatrix,info@envisionmatrix.com,https://www.envisionmatrix.com
222,Epic Energy,contact@epicenergy.com,https://www.epicenergysolutions.ca
223,Epoch Electric,contact@epochelectric.com,https://www.epochelectric.ca
224,Equalize Power,info@equalizepower.com,https://www.equalizepower.com
225,Équipements Paquet,info@equipementspaquet.com,https://equipementspaquet.com
226,ERD,info@erd.com,http://www.erd.qc.ca
227,Erie Generator,info@eriegenerator.com,https://eriegenerator.com
228,Esplanade Electrical & Solar,boulianejesse@gmail.com,https://esplanade-electrical.squarespace.com
229,Essex Energy,info@essexenergy.ca,https://www.essexenergy.ca
230,Evalence Renewables,inquiries@evalence.ca,https://www.evalence.ca
231,Evergreen Electric,info@evergreenelectric.ca,https://evergreenelectric.ca
232,Evolve Energy,service@evolveenergy.com,https://www.evolveenergy.ca
233,EVOLVsolar,info@evlutioncharge.com,https://evolvsolar.com
234,Exactus Energy,info@exactusenergy.com,https://www.exactusenergy.com
235,Excel Roofing,info@excelroofing.ca,https://www.excelroofing.ca
236,Execon,Contact@execon.com,https://execonconstruction.com
237,Expert Electric,service@expertelectric.com,https://www.saskatoonelectric.com
238,Expert Electric,info@expertelectric.ca,https://expertelectric.ca
239,Falcon Electric,info@falconelectric.com,https://www.falconelectric.ca
240,Fehr Electric,info@fehrelectric.ca,https://fehrelectric.ca
241,FEI,smeier@farmenergyinc.ca,https://farmenergyinc.ca
242,Finch Electric,contact@finchelectric.ca,https://finchelectric.ca
243,Firefly Solar,service@fireflysolar.com,https://www.fireflysolar.ca
244,First Light Electric and Solar,info@firstlightelectricandsolar.com,https://www.firstlightelectricandsolar.com
245,Fit Solar,CONTACT@fitsolar.com,http://www.fitsolarsystems.com
246,Flanagan And Sun,info@flanaganandsun.com,https://flanaganandsun.com
247,Flash Electrical,info@flashelectrical.com,https://flashelectrical.ca
248,Flyer Electric,terry@flyerelectric.com,https://www.flyerelectric.com
249,Ford Electric,info@fordelectric.ca,https://fordelectric.ca
250,Forever Free Solar,INFO@foreverfreesolar.com,https://forever-free.ca
251,Fortis Electric,service@fortiselectric.com,http://www.fortiselectric.com
252,Four Elements Electric,info@four-elements.ca,https://www.four-elements.ca
253,FowlerSolar,support@webador.com,https://fowlersolar.com
254,Fraser West Electric,info@fraserwestelectric.com,https://fraserwestelectric.com
255,Free Ontario Solar,info@freeontariosolar.com,https://freeontariosolar.com
256,Fritzall,info@fritzall.com,http://fritzall.com
257,Fundy Solar,info@fundysolar.com,https://www.fundysolar.com
258,Futricity,contact@futricity.com,https://futricitysolar.com
259,Future Solar and Electric,info@futuresolarandelectric.com,https://futuresolarandelectric.com
260,Future Solar Developments,Info@futuresolardevelopments.com,https://futuresolardevelopments.com
261,Future Solutions,info@futuresolutions.com,https://www.futuresolutions.energy
262,Future West Solar,contact@futurewestsolar.com,https://futurewestsolar.com
263,G. Reid Electric,Quotegraham@greidelectric.ca,https://www.greidelectric.ca
264,Gallo-Teck,info@galloteck.com,https://www.gallo-teck.ca
265,GAP Electric,info@gapelectric.com,https://www.gapelectric.com
266,GCI,info@gci.com,https://www.greenconcept.ca
267,GCS,info@greatcanadiansolar.com,https://www.greatcanadiansolar.com
268,GEL,bob@gelelectrical.com,https://grosvenorelectric.com
269,Generation Solar,service@generationsolar.com,https://www.generationsolar.com
270,Geotility,info@geotility.com,https://www.geotility.com
271,Gerber Electric,info@gerberelectric.com,https://gerberelectric.ca
272,German Solar,info@germansolar.com,https://germansolarcorp.com
273,Get Wired Electric,info@getwiredelectric.ca,https://www.getwiredelectric.ca
274,Gitpo Renew,info@gitporenew.com,https://www.gitporenew.com
275,GM Electric,service@gmelectric.com,https://gmelectricltd.com
276,Go Solar MB,info@gosolarmb.com,https://www.solarpanelswinnipeg.com
277,Go Solar Sask,info@gosolarsask.ca,https://gosolarsask.ca
278,Godfrey Roofing,service@godfreyroofing.com,https://www.godfreyroofing.com
279,Golden Electrical Contracting,service@goldenelectricalcontracting.com,https://goldenelectrical.ca
280,Gorkon Industries,info@gorkonindustries.com,http://www.gorkonindustries.com
281,Gott Energy,service@gottenergy.com,https://www.gottenergy.com
282,GP Wind & Solar,service@gpwindsolar.com,https://gpwindandsolar.com
283,GPE,info@globalpointenergy.ca,https://www.globalpointenergy.ca
284,GRE,service@gre.com,https://grandriverenergy.com
285,Green Arrow Corp.,info@greenarrowcorp.ca,https://greenarrowcorp.ca
286,Green Energy Ontario,service@greenenergyontario.com,https://green-energyontario.ca
287,Green Grid Solutions,info@greengrid.ca,https://www.greengrid.ca
288,Green Integrations,info@greenintegrations.ca,https://greenintegrations.ca
289,Green Kilowatt,contact@greenkilowatt.com,https://greenkilowatt.com
290,Green Leaf Energy,info@greenleafenergy.com,https://www.greenleafmb.com
291,Green Link Energy,info@greenlinkenergy.com,https://greenlinkenergy.ca
292,Green Sun Rising,contact@greensunrising.com,https://greensunrising.com
293,Green-Lizard,info@green-lizard.ca,https://www.green-lizard.ca
294,Greenamp Solar,info@greenampsolar.com,https://www.greenampsolar.com
295,GreenLight Power,info@greenlightpower.ca,https://www.greenlightpower.ca
296,Greenside Electric,contact@greensideelectric.com,https://www.greensideelectric.ca
297,Greenspace Solar & Electric,service@greenspacesolarelectric.com,https://www.greenspacesolar.ca
298,Greenus Solar,contact@greenussolar.com,https://greenussolar.com
299,Greenview,solutions@greenview-environmental.ca,https://greenview-environmental.ca
300,Gridworks,info@gridworks.com,https://gridworksenergy.com
301,GriffEnergy,contact@griffenergy.com,https://www.griffenergy.com
302,Guelph Solar,info@guelphsolar.com,https://guelphsolar.net
303,Guillemette Énergies,info@guillemetteénergies.com,https://www.guillemetteenergies.ca
304,Guycan,support@guycan.ca,https://guycan.ca
305,GWS,info@goldwatersolar.com,https://www.goldwatersolar.com
306,Habitat Studio,contact@habitatstudio.com,https://habitat-studio.com
307,Hakai Energy Solutions,contact@hakaienergysolutions.com,https://hakaienergysolutions.com
308,Half Diamond R Electric,contact@halfdiamondrelectric.com,https://hdre.ca
309,Hamilton Solar Power,hamiltonsolarpower@gmx.com,https://www.hamiltonsolarpower.ca
310,Hanna Energy,Info@hannaenergy.com,https://hannaenergy.ca
311,Hansen Solar Energy,solar@hansensolarenergy.ca,https://hansensolarenergy.ca
312,Harbour Renewables,contact@harbourrenewables.com,https://harbourrenewables.ca
313,Hardy Electric,hardy.electric@outlook.com,https://hardyelectricmb.com
314,Harry's Electric,info@harryselectric.com,https://www.harryselectric.com
315,Hartman Electric,info@hartmanelectric.com,https://hartman-electric.com
316,Hatch,master@hatch.com,https://www.hatch.com
317,Haven Solar,service@havensolar.com,https://www.havensolar.ca
318,Hedgehog Technologies,contact@hedgehogtechnologies.com,https://hedgehogtech.com
319,Heliotechnik,Phone647-598-8891Emailsales@heliotechnik.com,https://www.heliotechnik.com
320,Hemingway Electrical,hemingwaydoug@gmail.com,https://www.hemingwayelectricalcontracting.com
321,Herc Du Soleil,info@HercDuSoleil.com,https://www.hercdusoleil.com
322,HFX Solar,Joshua.howell@hfxsolar.ca,https://www.hfxsolar.ca
323,High Tide Energy,inquiries@hightideenergy.com,https://hightideenergy.com
324,Highlow Roofing,contact@highlowroofing.com,https://highlowroofing.ca
325,Highmark Green Energy,jordon@highmarkgreenenergy.com,https://www.highmarkgreenenergy.com
326,Highmark Power,info@highmarkpower.com,https://highmarkpower.com
327,HISEL,info@hisel.com,https://www.hiselpower.com
328,HME,info@hme.com,https://www.hme.ca
329,Home Power Systems,info@homepowersystems.com,https://www.homepower.ca
330,Horizon Electric,brianlitschgy@gmail.com,https://horizonelectric.ca
331,Horizon Energy Systems,info@horizonenergysystems.com,http://horizonenergysystems.ca
332,Hotwire,info@hotwire-electric.com,https://hotwire-electric.com
333,Howell Electric,info@howellelectric.ca,https://howellelectric.ca
334,HRS Solar Solutions,contact@hrssolarsolutions.com,https://hrsindustrial.ca
335,HSI Group,SALES@HSII.CA,https://hsii.ca
336,HSW,john@myportalmarketing.com,https://www.haliburtonsolarandwind.com
337,Hummingbird Smart Services,jared@hummingbirdsmart.com,https://www.hummingbirdsmart.com
338,Hybrid Power Solutions,info@hybridps.ca,https://hybridps.ca
339,Icarus Power Generation,info@icaruspowergeneration.com,https://www.icaruspower.ca
340,Iceberg Solar,service@icebergsolar.com,https://icebergsolar.com
341,IDS Énergie,info@idsénergie.com,https://ids-energie.com
342,IES,sales@nulliesinc.ca,https://www.iesinc.ca
343,Image Electric,info@imageelectric.com,https://www.imageelectric.ca
344,INDI Solar,greg@indi-solar.com,https://www.indi-solar.com
345,Inferno Solar,service@infernosolar.com,https://infernosolar.com
346,Infinite Electric,contact@infiniteelectric.com,https://infiniteelectric.ca
347,Infinity Solar,contact@infinitysolar.com,https://www.infinitysolargroup.ca
348,Innovation Electric,innovationelectric@sasktel.net,https://www.innovationelectric.net
349,Integrated Sustainability,info@integratedsustainability.com,https://www.integratedsustainability.com
350,Intel Power Electric,info@intelpower.ca,https://intelpower.ca
351,Interior Powertech,neil.lougheed@gmail.com,https://interiorpowertech.com
352,Internazionale Electrical Contractors,info@internazionaleelectricalcontractors.com,http://www.internazionaleelectric.com
353,Ion Electrical & Controls,info@ionelectricalcontrols.com,https://ioncontrols.ca
354,IOTG Solar,contact@iotgsolar.com,https://iotgsolar.com
355,IPS,contact@ips.com,http://integrativeprojectsolutions.com/
356,IPS,sales@ipwr.net,https://ipwr.net
357,Island Electric,andrew@islandelectric.info,https://www.islandelectric.info
358,iSolara,info@isolara.com,https://isolara.com
359,J Barry Electrical,Jordan@jbarryelectrical.ca,https://jbarryelectrical.ca
360,J.K. Electric,info@jkelectric.com,https://jkelectric.org
361,James Skailes Electrical,info@jamesskaileselectrical.com,https://jamesskaileselectricalservices.com
362,Jay Carter Roofing & Sheet Metal,info@jaycarterroofing.ca,https://jaycarterroofing.com
363,Jayson Global,info@jaysonglobal.com,https://jaysonglobal.com
364,Jaytech Electric,Info@jaytechelectric.com,https://jaytechelectric.com
365,Jazz Solar Solutions,jon@jazzsolar.com,https://jazzsolar.com
366,JC Power Solutions,INFO@jcpowersolutions.com,https://www.jcpowersolutions.com
367,Jeff Mackie Electric,info@jeffmackieelectric.com,http://www.jeffmackieelectric.com
368,Jet Electric,info@jetelectricsk.com,https://jetelectricsk.com
369,Jet Electrical Contractors,info@jetelectricalcontractors.com,https://www.jetelectricalcontractors.com
370,JML Electric,office@jmlelectric.ca,https://www.jmlelectric.ca
371,JNG Electric,service@jngelectric.com,https://jngelectricsk.ca
372,Joustra & Sons Electric,office@joustraelectric.ca,https://www.joustraelectric.ca
373,Just Power,info@justpower.com,https://justpower.ca
374,K-Lou Electrical,vancouverislandelectric@gmail.com,https://k-louelectric.ca
375,K.R. Electrical Services,info@krelectricalservices.com,https://www.krelectricalservices.com
376,Kajk Constructors,info@kajkconstructors.com,https://kajkconstructors.com
377,KCP Energy,info@kcpenergy.com,https://www.livesolarnow.com
378,KD Electric,info@kdelectric.com,https://www.kdelectric.ca
379,Kelowna Solar,info@kelownasolar.com,http://www.kelowna-solar.com
380,KES,INFO@KYNETICENERGY.COM,https://www.kyneticenergy.com
381,Kicking Horse Power,service@kickinghorsepower.com,https://khpcorp.ca
382,Kilts & Cables Solar & Electrical,info@kiltscablessolarelectrical.com,https://www.kiltsandcables.com
383,Kirkland Roofing and Exteriors,matt@kirklandroofingandexteriors.ca,https://www.kirklandroofingandexteriors.ca
384,Kiwi Newton,marketing@kiwinewton.com,https://www.kiwinewton.com
385,Klis Electric,contact@kliselectric.com,https://kliselectric.com
386,Krimp Electric,service@krimpelectric.com,https://www.krimpelectric.ca
387,Kuby Energy,service@kubyenergy.com,https://kuby.ca
388,KVA Electrical Systems,contact@kvaelectricalsystems.com,https://kvaelectric.ca
389,Kymand Roofing,info@kymandroofing.com,https://www.kymandroofing.com
390,L&C Electric,service@lcelectric.com,https://lc-electric.co
391,Lakeshore Power Systems,sales@thesolarsupermarket.com,https://lakeshorepowersystems.com
392,Lakeside Electrical,service@lakesideelectrical.com,https://lakesideelectrical.net
393,Lakeside Mechanical Services,service@lakesidemechanicalservices.com,https://lakesidemechanical.ca
394,Lakeview Electric,contact@lakeviewelectric.com,https://www.lakeviewelectricltd.ca
395,Lancer Electric,service@lancerelectric.ca,https://lancerelectric.ca
396,Landmark Homes,hello@landmarkhomes.ca,https://www.landmarkhomes.ca
397,Langstaff & Sloan,rob@langstaffandsloan.ca,https://langstaffandsloan.com
398,Laurin & Leblanc Electrique,info@laurinleblancelectrique.com,https://electricianwestisland.com
399,LD Electrical,ldelectrical@dudek.ca,https://ldelectricalltd.com
400,LDG Electrical,ldgelectrical@shaw.ca,https://www.ldgelectrical.ca
401,Lexand Electric,service@lexandelectric.com,https://www.lexandelectric.com
402,LH Solar,info@lhsolar.ca,https://www.lhsolar.ca
403,Living Skies Solar,info@livingskiessolar.com,https://livingskiessolar.com
404,LML,mlaplante@groupelml.ca,https://www.groupelml.ca
405,Lock Hill Energy Services,ryan@lockhillenergyservices.ca,https://www.lockhillenergyservices.ca
406,Logitest Solar,info@logitestsolar.ca,http://www.logitestsolar.ca
407,Lowther Electric,lowtherelectric@gmail.com,http://www.lowtherelectric.com
408,Luc Charles Electrical,office@luccharles.ca,http://www.luccharles.ca
409,Lumi Energy,info@lumienergy.com,https://www.lumienergy.ca
410,LUTW,lutw@lutw.org,https://lutw.org
411,M.B. Eye Electrical,contact@mbeyeelectrical.com,https://www.mbeyeelectrical.com
412,MAC Electrical Contracting,info@macelectricalcontracting.com,https://www.macelectricalltd.com
413,Macdonaldelectric,broc@macdonaldelectricltd.com,https://macdonaldelectricltd.com
414,Mace Electric,info@maceelectric.com,https://www.maceelectric.ca
415,MAG Solar,info@magsolar.com,https://magsolar.ca
416,Mann Engineering,info@mannengineering.com,https://www.mannengineering.com
417,Mariposa,info@mariposa.com,https://www.mariposaelectric.ca
418,Maritime Solar,service@maritimesolar.com,https://maritimesolar.ca
419,MasTec Canada,contact@masteccanada.com,https://www.masteccanada.com
420,Maverick Alternative Energy,info@maverickalternativeenergy.com,https://www.mavericksolar.ca
421,MAX Énergie,service@maxénergie.com,http://www.maxenergie.ca
422,MCJ Contracting,contact@mcjcontracting.com,https://essexelectricalcontractor.ca
423,MCL Power,info@mclpower.com,https://mclpower.com
424,MEC Projects,info@mecprojectsltd.com,https://www.mecprojectsltd.com
425,Meek Electric,contact@meekelectric.com,https://www.meekelectric.ca
426,Meridian Solar & Electric,service@meridiansolarelectric.com,https://meridiansolar.ca
427,Merlyn Power,contact@merlynpower.com,https://merlynpower.ca
428,MFM,contact@mfm.com,http://www.mfmservice.ca
429,Mid South Contractors,info@midsouthcontractors.com,https://www.midsouthulc.com
430,MiEnergy,info@mienergy.com,https://mienergy.ca
431,Milani Electric,contact@milanielectric.com,https://milanielectric.com
432,Mitchell and Sun Renewables & Electrical,info@mitchellandsunrenewableselectrical.com,https://www.mitchellandsun.com
433,Mitra Innovations,info@mitrainnovations.ca,https://mitrainnovations.ca
434,MJ  Lighting & Electrical,info@mjlighting.net,https://www.mjlighting.net
435,MJM Solar Solutions,info@mjmsolarsolutions.com,https://mjmsolar.com
436,MJR Electric,info@mjrelectric.com,https://mjrelectric.ca
437,Modern Niagara,info@modernniagara.com,https://modernniagara.com
438,Molen Services,info@molenservices.com,https://molenservices.com
439,Montreal Roofers,info@montrealroofers.com,https://www.montrealroofers.com
440,Moose Power,info@moosepower.com,https://moosepower.com
441,MPG,mpg@bell.net,https://mpg2010.com
442,MSM Electric,info@msmelectric.com,http://msmelectric.com
443,MTK Electrical,contact@mtkelectrical.com,https://www.mtkelectrical.com
444,Mulligan's Electric,pagecontact@mulliganselectric.ca,https://www.mulliganselectric.ca
445,Multeps Solar,info@multepssolar.com,https://multeps.ca
446,Muskoka Renewable Energy,info@muskokarenewableenergy.com,https://www.muskokarenewableenergy.ca
447,Mustang Controls,info@mustangcontrols.com,http://www.mustangcontrols.com
448,MWM,service@mwm.com,http://smartenergycanada.ca
449,mySolar,info@mysolarhome.ca,https://www.mysolarhome.ca
450,Natural Forces Solar,info@naturalforcessolar.com,https://naturalforcessolar.ca
451,NCES,service@nces.com,http://nosecreekelectrical.ca
452,Neighbour Power,info@neighbourpower.com,https://neighbourpower.com
453,Nergietech,Info@nergietech.com,https://nergietech.com
454,NetZero Solar,info@netzerosolar.com,https://www.netzero-solar.com
455,New Dawn,info@newdawn.com,https://newdawn-es.com
456,New Energy Alternatives,solar@newenergyalternatives.ca,https://www.newenergyalternatives.ca
457,Newma Power Systems,service@newmapowersystems.com,https://newmapower.com
458,Newo,info@newo.com,https://newo.energy
459,Newtons,info@newtonall.com,https://newtonall.com
460,Next Energy Solar,sales@nextenergysolar.ca,https://nextenergysolar.ca
461,Nexus Energy Products,info@nexusepi.com,https://nexusenergyproducts.com
462,Nixon Projects,info@nixonprojects.com,https://nixonprojects.ca
463,Nomad Roofing,info@nomadroofing.ca,https://www.nomadroofing.ca
464,North American Design & Build,info@nadbcanada.com,https://nadbcanada.com
465,Northern Electric,contact@northernelectric.com,http://www.northernelectricltd.com
466,Northern Lights Solar Systems,service@northernlightssolarsystems.com,https://www.solarman.ca
467,Northern Power,support@northern-pwr.com,https://northern-pwr.ca
468,NorthGrid,admin@northgridsolarinc.com,https://northgrid.ca
469,Northshore Energy Outfitters,jonpinhorn.typedesign@gmail.com,https://energy-outfitters.ca
470,NOVA,info@nova.com,https://renewables.net
471,Nova Sun Power,CONTACT@novasunpower.com,https://novasunpower.com
472,NRG Energy,info@nrgenergy.com,http://www.nrgenergy.ca
473,NRG Management,info@nrgmanagement.com,https://nrgmanagement.ca
474,NS Off Grid Renewable Energy,info@nsoffgridrenewableenergy.com,https://l-harnish.wixsite.com/nsoffgrid
475,NSPG,info@nspg.com,https://northshorepowergroup.ca
476,NuSolar,service@nusolar.com,https://www.nusolar.biz
477,NWT Solar,inquiries@nwtsolar.ca,http://nwtsolar.ca
478,Oceanside Electrical,info@oceansideelectrical.ca,https://oceansideelectrical.ca
479,Oceanvolt Solar & EV,info@oceanvoltsolarandev.ca,https://www.oceanvoltsolarandev.ca
480,OEC,service@oec.com,https://www.onelec.com
481,Okanagan Solar,info@oksolar.ca,https://www.oksolar.ca
482,Olson Electric,info@olsonelectric.com,https://www.olsonelectric.ca
483,Omni Solar,info@omnisolar.com,https://omnisolar.ca
484,Onda Electric,info@ondaelectric.com,https://www.ondaelectric.com
485,ONEC,info@onecgroup.com,https://onecgroup.com
486,Ontario Solar and Roofing,service@ontariosolarandroofing.com,https://ontariosolarandroofing.com
487,Ontario Solar Installers,service@ontariosolarinstallers.com,https://ontario-solar-installers.ca
488,Oosterhof Electrical Services,info@oosterhofelectric.com,https://oosterhofelectric.com
489,Orillia Electric,info@orilliaelectric.com,https://orillia-electric.com
490,Orizon Energy,you.general@orizonenergy.ca,https://orizonenergy.ca
491,Osborne Solar Solutions,info@osbornesolarsolutions.com,https://osbornesolarsolutions.ca
492,Oso Renewable Energy,INFO@osorenewableenergy.com,https://www.ososolar.com
493,Osprey Electric,service@ospreyelectric.com,https://www.ospreyelectric.com
494,Ottawa Solar Power,info@ottawasolarpower.com,https://www.ottawasolarpower.com
495,Ottawa Valley Solar,jeff@ottawavalleysolar.com,https://ottawavalleysolar.com
496,Otter Energy,contact@otterenergy.com,https://otterenergy.com
497,Our Electrician,info@ourelectrician.ca,https://ourelectrician.ca
498,Outback Electric,T8H1M9david@outbackelectricinc.ca,https://www.outbackelectricinc.ca
499,OYA Renewables,Service@oyarenewables.com,https://oyarenewables.com
500,OZZ,contact@ozz.com,https://www.ozzelectric.com
501,Panason Electric,admin@panason.ca,https://panasonelectric.ca
502,Panel Upgrade Experts,info@panelupgradeexperts.com,https://panelupgradeexperts.com
503,Paradigm Solar,solar@paradigmpanels.com,https://www.paradigmsolar.ca
504,Paragon Alternative & Conservative Energy,info@paragonalternativeconservativeenergy.com,https://www.paragonenergy.net
505,Pardell Electric,info@pardellelectric.com,https://www.pardellelectric.com
506,PCL Constructors,info@pclconstructors.com,https://www.pcl.com
507,Penfolds Roofing & Solar,info@penfoldsroofing.com,https://www.penfoldsroofing.com
508,Phase 3 Electric Ponoka,info@phase3electric.ca,https://www.phase3electric.ca
509,Phidel Électrique,info@phidelélectrique.com,https://www.phidelelectrique.ca
510,Phil Smith Roofing & Solar,items.noleaks@shaw.ca,https://www.philsmithroofing.com
511,Pineland Electric,a6fe24f4ff28f6b625410e04a35@sentry.io,https://pinelandelectric.ca
512,Pioneer Solar And Renewables,info@pioneersolarenergy.com,https://pioneersolarenergy.com
513,Platinum Electric,info@platinumelectric.com,https://platinumelectric.pro
514,Platinum Electrical Contractors,service@platinumelectricalcontractors.com,https://www.platinumgroup.ca
515,PME,service@pme.com,https://www.pmeinc.ca
516,Polaron Solartech,info@polaronsolar.com,https://polaronsolar.com
517,Portage Electric,contact@portageelectric.com,http://portageelectric.ca
518,Potentia Solar,info@potentiasolar.com,https://www.potentiarenewables.com
519,Poulton Power,BCpoultonpower@gmail.com,https://www.poultonpower.com
520,Power Aid Electric,info@poweraidelectric.com,https://poweraidelectric.ca
521,Power Blitz,Info@PowerBlitz.ca,https://powerblitz.ca
522,Power East Electric,info@powereastelectric.com,https://powereastelectric.ca
523,Power My Home,info@powermyhome.com,https://powermyhome.ca
524,Power Up Electrical,info@powerupelectrical.com,https://www.powerupelectrical.ca
525,Powerlink Electrical,info@powerlinkelectrical.com,https://plelectrical.ca
526,Powermax,info@powermax.com,https://www.powermaxltd.com
527,Powertec Solar,info@powertecsolar.com,https://powertecsolar.ca
528,Powerup,info@powerup.com,https://www.powerupsolar.ca
529,Prairie HVAC/R,roy@finchcomputers.com,https://prairiehvac.com
530,Prairie Sun Solar,info@prairiesunsolar.com,https://prairiesunsolar.com
531,Preferred Energy,contact@preferredenergy.com,https://preferredenergy.ca
532,Premier Electrical Technician,inquiries@premierelectrical.ca,https://premierelectrical.ca
533,Premium Electric,CONTACT@premiumelectric.com,https://www.premium-electric.ca
534,Primal Electric,contact@primalelectric.com,https://www.primalelectric.com
535,Pro West,sales@prowestsolar.ca,https://prowestsolar.ca
536,Progressive Systems,progressive@shaw.ca,https://progressivesystemsltd.com
537,Prominence Solar,service@prominencesolar.com,https://prominencesolar.com
538,ProSol,info@prosol.com,https://prosolenergy.ca
539,ProSolaire,info@prosolaire.ca,https://prosolaire.ca
540,Prowess Solar Power,contact@prowesssolarpower.com,http://www.prowesssolar.com
541,Prowind,service@prowind.com,https://www.prowind.com
542,Pure Solar,service@puresolar.com,https://puresolar.ca
543,PV Tech,service@pvtech.com,https://pvtech.ca
544,QPA Solar,info@qpasolar.com,https://www.qpasolar.com
545,QPI,info@qpi.com,https://quadrapower.ca
546,Quality Electric,info@qualityelectric.com,https://qualityelectric.ca
547,Quality Solar,service@qualitysolar.com,http://qualitysolar.ca
548,Quantum Renewable Energy,info@quantumenergy.ca,https://quantumenergy.ca
549,Quattra,info@quattrascs.com,https://quattrascs.ca
550,Quebec Solar,info@quebecsolar.com,https://quebecsolar.ca
551,R.H. Electric,jason@rh-electric.com,https://www.rh-electric.com
552,R&L Electric,info@rlelectric.com,https://rl-electric.ca
553,Radiant Solar,astigma@astigmatic.com,https://radiantsolar.ca
554,Rainbow Electric,contact@rainbowelectric.com,https://www.rainbowelectric.ca
555,Rand Electric,info@randelectric.com,http://www.randelectric.ca
556,Rankin Skyline Services,info@rankinskylineservices.com,https://www.rankinskyline.com
557,RAW Group,info@rawgroup.ca,https://rawgroup.ca
558,Ready Racking,info@readyracking.com,https://readyracking.com
559,Ready Solar,info@readysolar.ca,https://readysolar.ca
560,Redwood Energy,contact@redwoodenergy.com,http://redwoodenergy.ca
561,Regenerate Solar,info@regeneratesolar.ca,https://www.regeneratesolar.ca
562,Regent Electric,Contact@regentelectric.com,https://regentelectric.ca
563,Renewable Energy Solutions,solartech@hotmail.ca,https://offgridisbetter.com
564,Renewable Lifestyles,info@renewablelifestyles.ca,https://renewablelifestyles.ca
565,Renewable North,info@renewablenorth.com,https://www.renewablenorth.com
566,Renewable Watts,service@renewablewatts.com,https://renewablewatts.ca
567,Renewly Solar,info@renewly.ca,https://renewly.ca
568,Renolinc Solar,items.Admin@renolincsolar.com,https://www.renolincsolar.com
569,RESCo Energy,info@rescoenergy.com,https://rescoenergy.com
570,Resmer Power Generation,info@resmerpower.com,http://www.resmerpower.com
571,Resolution Electric,service@resolutionelectric.com,https://www.resolutionelectric.com
572,Revelstoke Electric,info@revelstokeelectric.com,https://revelstokeelectric.com
573,RH Electric,contact@rhelectric.com,https://www.rhelectric.ca
574,Ridgeline Power Solutions,service@ridgelinepowersolutions.com,https://ridgelinepowersolutions.ca
575,Right Direct,info@rightdirect.com,https://right.direct
576,Rising Edge,info@risingedge.com,https://risingedgegroup.com
577,Riverside Energy,INFO@riversideenergy.com,https://www.riversideenergy.ca
578,Riverstone Electric,Inc.403-648-9011info@riverstoneelectric.com,https://www.riverstoneelectric.com
579,Rizon Solar,SERVICE@rizonsolar.com,https://rizonsolar.ca
580,Roberts Electrical,service@robertselectrical.com,https://www.robertselectrical.ca
581,Rock Paper Sun,info@rockpapersun.com,http://www.rockpapersun.com
582,Rockwood Electric,info@rockwoodelectric.ca,http://www.rockwoodelectric.ca
583,Rocky Mountain Solar,info@rockymountainsolar.com,https://www.rockymountainsolar.ca
584,Rocky Mountain Solar,info@rockymountainsolar.com,https://rockymountainsolarco.ca
585,Rodan,contact@rodan.com,https://rodanenergy.com
586,Roofmaster Ottawa,admin@roofmaster.ca,https://roofmaster.ca
587,Roofworks Roofing & Solar,info@roofworksroofingsolar.com,https://www.roofworkslimited.com
588,Roost Solar,info@roostsolar.com,https://www.roostsolar.com
589,Rosco Electric,office@vsss.ca,https://www.roscoelectric.ca
590,RST Elecrical,info@rstelectrical.co,https://www.rstelectrical.co
591,S. Sorensen Electric,info@ssorensenelectric.com,https://www.sorensenelectric.ca
592,S&H Power Services,info@shpowerservices.com,https://sandhpowerservices.com
593,s2e Technologies,info@s2etechnologies.com,https://www.s2etech.com
594,Sabb Solar,info@sabbsolar.com,http://sabbsolar.com
595,Safe Roofing,info@saferoofing.ca,https://www.saferoofing.ca
596,Sage Energy,hello@sage-energy.ca,https://sage-energy.ca
597,Saltspring Solar,info@saltspringsolar.ca,https://saltspringsolar.ca
598,Sam Brisson,info@sambrisson.ca,https://sambrisson.ca
599,Sands Solar & Roofing,service@sandsolaroofing.com,https://www.sandsolaroofing.com
600,Sargeant's Roofing,info@sargeantsroofing.com,https://www.sargeantsroofing.com
601,Saskatoon Solar,info@saskatoonsolar.com,https://www.solarpanelssaskatoon.com
602,Saturn Power,service@saturnpower.com,https://www.saturnpower.com
603,Schroeder Electric,info@schroederelectric.com,https://schroederelectricinc.ca
604,SDC,service@sdc.com,http://www.solardirectcanada.com
605,Sea Coast HVAC,contact@seacoasthvac.com,https://thenoddinggroup.ca
606,SEI Logistics,info@seilogistics.com,http://seilogistics.com
607,Setco Energy,info@setcoenergy.com,https://setcosenergy.com
608,SGE,service@sge.com,https://superiorgreenenergy.com
609,Shaw Electrical Solutions,service@shawelectricalsolutions.com,https://shawelectricalsolutions.ca
610,Shift Energy,service@shiftenergy.com,https://shift.ca
611,Sifft Electric,info@sifftelectric.com,https://sifft.ca
612,Signature Electric,Service@signatureelectric.com,https://signatureelectric.ca
613,Silica Solar,farhatiqbal@polardesignstudio.com,http://www.silicasolar.com
614,Simple Solar,gosolar@simplesolar.ca,https://www.simplesolar.ca
615,Simpson Electric,info@simpsonelectric.com,https://simpsonelectric.biz
616,Simson Maxwell,info@simsonmaxwell.com,https://simson-maxwell.com
617,Sino-Can Energy,info@sinocanenergy.com,https://sinocanenergy.com
618,Sirrom Wiring,info@sirromwiring.com,https://sirromwiring.com
619,Sky Electric,skyelectric1101@gmail.com,https://www.skyelectric.ca
620,SkyFire Energy,service@skyfireenergy.com,https://skyfireenergy.com
621,Skyline Solar Energy,info@skylinesolarenergy.com,http://skylinesolarenergy.com
622,Skylit,solar@skylit.ca,https://skylit.ca
623,SkyPower,info@skypower.com,https://skypower.com
624,Small Planet Energy,info@smallplanetenergy.ca,https://smallplanetenergy.ca
625,Smart Solar Canada,info@smartsolarcanada.com,https://smartsolarcanada.ca
626,Sol Power,info@solpowerprojects.com,https://solpowerprojects.com
627,Solana Energy,service@solanaenergy.com,https://solanaenergy.ca
628,Solar Ascent,info@solarascent.ca,https://solarascent.ca
629,Solar Community,Chilliwackinfo@solarcommunityhvacplus.com,https://www.solarcommunityhvac.ca
630,Solar Concepts,info@solarconcepts.ca,http://www.solarconcepts.ca
631,Solar Connect,jennifer@solarconnectcompany.com,https://solarconnectcompany.com
632,Solar Country,info@solarcountry.com,https://solarcountry.ca
633,Solar Dev,info@solardev.com,https://solardev.ca
634,Solar Dynamics,contact@solardynamics.com,https://www.solardynamics.ca
635,Solar Energy Center,mail@solarenergycenter.ca,http://www.solarenergycenter.ca
636,Solar Energy DC,service@solarenergydc.com,https://solarenergydc.com
637,Solar Guru,service@solarguru.com,https://solarguru.ca
638,Solar Guys,service@solarguys.com,https://www.solarguysconsulting.com
639,Solar Harvest,info@solarharvestalberta.ca,https://solarharvestalberta.ca
640,Solar Homes,peter@solarhomesinc.ca,https://solarhomesinc.com
641,Solar Optix,service@solaroptix.com,https://www.solaroptix.ca
642,Solar Panels Ottawa,sales@solarpanelsottawa.ca,https://solarpanelsottawa.ca
643,Solar Plantation,mi@solarplantation.cawww.solarplantation.ca,https://www.solarplantation.ca
644,Solar Provider Group,info@solarprovidergroup.com,https://www.solarprovidergroup.com
645,Solar Solutions,contact@solarsolutions.com,https://solarsolutions.ca
646,Solar X,info@solarx.com,https://solar-x.ca
647,Solar YYC,service@solaryyc.com,https://solaryyc.ca
648,SolarBase,service@solarbase.com,https://www.solarbaseelectric.com
649,Solarcor,customer.support@solarcor.ca,https://www.solarcor.ca
650,SolarCorp,CSThello@solarcorp.ca,https://solarcorp.ca
651,Solareagle,info@solareagle.com,https://www.solareagle.com
652,Solario,info@solario.com,https://solario.ca
653,SolarNinjas Energy Solutions,info@solarninjasenergysolutions.com,https://solarninjas.energy
654,SolarPros,Contact@solarpros.com,https://www.calgarysolarsystems.ca
655,Solarsmith Energy,aj@solarsmith.ca,https://solarsmith.ca
656,Solartility,info@solartility.com,https://solartility.ca
657,SolarUp,info@solarup.com,https://solarup.ca
658,Solarwyse,service@solarwyse.com,https://www.solarwyse.ca
659,Solcan,info@solcan.com,https://solcan.ca
660,Solera,gogreen@soleraenergies.com,https://soleraenergies.com
661,Solify,info@solify.ca,https://solify.ca
662,Soltek,info@solteksolarandroofing.com,https://www.soltekltd.com
663,Solun Energy,info@solun.ca,https://solun.ca
664,Solve Energy,info@solveenergy.com,https://solveenergy.ca
665,Solvest,info@solvest.ca,https://www.solvest.ca
666,Son Solar,INFO@sonsolar.com,https://www.sonsolar.ca
667,Sourcetec Energy,service@sourcetecenergy.com,http://sourcetecenergy.com
668,Southcan Electric,info@southcan.ca,https://www.southcan.ca
669,Southend Electrical,southendelectrical@live.ca,https://southendelectrical.ca
670,Spark,contact@spark.com,https://sparkpowercorp.com
671,Spark,info@latinotype.com,https://sparkenergy.ca
672,Specified Roofing,leak@specifiedroofing.com,https://www.specifiedroofing.com
673,SPN,info@solarpowernetwork.ca,https://solarpowernetwork.ca
674,SPS,hello@sunport.ca,https://www.sunport.ca
675,SRP Electric,info@srpelectric.com,http://www.srpe.ca
676,Stand Sure Electric,info@standsureelectric.com,https://standsureelectric.com
677,Stantec,media@stantec.com,https://www.stantec.com
678,Stardust Solar Technologies,info@stardustsolartechnologies.com,https://stardustsolar.com
679,Stellar Solar,service@stellarsolar.com,https://www.stellarsolar.ca
680,Stevenson Electric,info@stevensonelectric.com,https://stevensonelectric.ca
681,STI Solar Technology,info@solar-technology.ca,https://www.solar-technology.ca
682,Storm Surge Electric,info@stormsurgeelectric.com,https://stormsurgeelectric.com
683,Sun Electrical,info@sunelectrical.com,https://www.sunsolarelectrical.ca
684,Sun Kissed Energy,info@sunkissedenergy.ca,https://sunkissedenergy.ca
685,Sun Power Solutions,service@sunpowersolutions.com,https://www.sunpowersolutions.ca
686,Sunbeam Energy,info@sunbeamenergy.com,https://www.sunbeamenergy.ca
687,Suncatcher,info@suncatcher.com,https://suncatchersolar.com
688,Sundawg Solar,info@sundawgs.com,https://sundawgs.com
689,Sunfind Solar Products,info@sunfindsolarproducts.com,https://www.sunfindsolarproducts.com
690,Sunfish Solar,sunfishsolarinc@gmail.com,https://sunfishsolar.ca
691,SunFlow Solar,info@sunflowsolar.com,https://sunflow.ca
692,SunFrog Solar,info@sunfrogsolar.com,https://sunfrogsolar.com
693,Sungod Industries,info@sungodindustries.com,https://sungodindustries.ca
694,SunGrid,info@sungridsolutions.com,https://www.sungridsolutions.com
695,Sunly,hello@sunly.ca,https://sunly.ca
696,Sunny Coast Electric,sunnycoastelectric@gmail.com,https://www.sunnycoastelectric.ca
697,Sunplendour,info@sunplendour.com,https://sunplendour.ca
698,Sunscape Electric,info@sunscapeelectric.ca,https://www.sunscapeelectric.ca
699,SunTap Technologies,solar@suntaptechnologies.com,https://suntaptechnologies.com
700,Suntech Solar Solutions,info@suntechsolarsolutions.ca,https://www.suntechsolarsolutions.ca
701,Superior Trades Services,superiortrades@hotmail.com,https://www.superiortradesservices.com
702,Supernova Energy,contact@supernovaenergy.com,https://supernovaenergy.ca
703,Surepoint Group,vi@surepoint.ca,https://www.surepointvi.ca
704,Surrey Solar & Roofing Solutions,contact@surreysolarroofingsolutions.com,https://www.surreysolarsolutions.com
705,SW Energy,info@swenergy.com,https://solarwindsenergy.com
706,Sweeney Electric,info@sweeneyelectric.com,https://www.sweeneyelectric.net
707,Swiss Solar Tech,info@swisssolartech.com,https://swisssolartech.com
708,Switch Energies,john@switchenergies.ca,https://www.switchenergies.ca
709,T.H. Solar Wind Energy,info@thsolarwindenergy.com,http://thsolarwind.com
710,T&C,info@tc.com,https://tccomfort.com
711,Taylor Auld Electric,taylorauldelectric@gmail.com,https://www.taylorauldelectric.ca
712,TaylorMade Electric,you.taylormadeelectricltd@gmail.com,https://www.taylormadeelectric.ca
713,TCR Coastal Power,info@tcrcoastalpower.com,https://www.tcrcoastalpower.com
714,TDR Electric,info@tdrelectric.com,https://www.tdrelectric.ca
715,Temagami Electrical Services,barret@temagamielectricalservices.ca,https://www.temagamielectricalservices.ca
716,Tenet Power,info@tenetpower.com,https://tenetpower.com
717,Terawatt Solar,INFO@terawattsolar.com,https://www.terawattsolar.ca
718,Terra-Green Solar,items.terragreensolar@outlook.com,https://www.terragreensolarnl.com
719,Terralta,info@terralta.ca,https://terralta.ca
720,Terratek,info@terratek.com,https://terratek.ca
721,Terry McCloskey Electric,terrymccloskeyelectric@gmail.com,https://mccloskeyelectric.com
722,The Hayter Group,info@thehaytergroup.com,https://thehaytergroup.com
723,The Smart Energy Company,service@thesmartenergycompany.com,https://thesmartenergycompany.ca
724,The Solar Store,Info@thesolarstore.com,https://thesolarstore.ca
725,Thompson Electric,contact@thompsonelectric.com,https://thompsonelectric.ca
726,Three Sixty Solar,info@threesixtysolar.com,https://threesixtysolar.com
727,Thrive Electrify,info@thriveelectrify.com,https://thriveelectrify.com
728,Thunderbird Electrical,electricianguyz1@gmail.com,https://www.thunderbirdelectricalltd.com
729,Thunderlite Electrical Contracting,info@thunderlite.ca,https://www.thunderlite.ca
730,Tipro Electric,tiproelectric@gmail.com,https://tiproelectric.ca
731,TKO Electrical Contracting,info@tkoelectricalcontracting.com,https://tkoelectric.ca
732,Toews Power,service@toewspower.com,https://toewspower.com
733,Toronto Green Builders,scott@Torontogreenbuilders.ca,https://www.torontogreenbuilders.ca
734,Toronto Solar Power,solarpowertoronto@gmail.com,https://www.solarpowertoronto.com
735,Toronto Solar Solutions,info@torontosolarsolutions.com,https://www.torontosolarsolutions.com
736,Toronto Wiring,service@torontowiring.com,https://torontowiring.com
737,TRC Solar,info@trcsolar.com,https://trcsolar.ca
738,TreeTop Solar,info@indiantypefoundry.com,https://treetopsolar.ca
739,TriMac Engineering,trimac@trimaceng.ca,https://www.trimaceng.ca
740,Triton Electric,info@triton-electric.ca,https://triton-electric.ca
741,Triumph Roofing,info@triumphinc.ca,https://triumphinc.ca
742,Trotter & Morton,contact@trottermorton.com,https://trotterandmorton.com
743,Troy's Electric,service@troyselectric.com,https://www.troyselectric.ca
744,Tru Off Grid,info@truoffgrid.com,https://truoffgrid.com
745,True Beacon,contact@truebeacon.com,https://truebeacon.ca
746,TruSun,info@trusun.com,https://www.trusun.ca
747,Tugliq,contact@tugliq.com,https://tugliq.com
748,TVG,info@TheViolinGroup.com,https://theviolingroup.com
749,TW Electricals,service@twelectricals.com,https://www.twelectricals.com
750,Tyconn Services,office@tyconnservices.com,https://www.tyconnservices.com
751,Ultra Electrical Solutions,info@ultraelectricalsolutions.com,https://www.ultraelectricalsolutions.com
752,Unitec Electrical Contracting,contact@unitecelectricalcontracting.com,https://www.unitecelectric.com
753,United Power,service@unitedpower.com,https://www.unitedpowerltd.com
754,Universal Integrated Solutions,info@universalintegratedsolutions.com,https://uisolve.ca
755,Unplugged Power Systems,info@unpluggedpowersystems.com,https://unpluggedpowersystems.ca
756,Upgreen,contact@upgreen.com,https://www.upgreen.ca
757,Urbanite,service@urbanite.com,https://urbanite.pro
758,Valard,info@valard.com,https://www.valard.com
759,Valley Electric & Solar,service@valleyelectricsolar.com,https://www.valleyelectricandsolar.ca
760,Vancouver Solar & Electrical,info@vancouversolarelectrical.com,https://www.vancouversolarpv.ca
761,VCT Group,info@vctgroup.com,https://vctgroup.com
762,Vert Energy,contact@vertenergy.com,https://www.vertenergy.ca
763,Vert Globe,info@vertglobe.com,http://vertglobe.com/
764,Vertex Solar Solutions,info@vertexsolarsolutions.com,https://vertexsolarsolutions.com
765,Vicamp,info@electrical-services.ca,https://electrical-services.ca
766,Victoria Solar Power,contact@victoriasolarpower.com,https://www.victoriasolarpower.com
767,Viel Solar,service@vielsolar.com,https://vielsolar.com
768,Viridian Energy,info@vecoop.ca,https://viridiansolar.ca
769,Virtual Engineers,info@virtual-engineers.com,http://www.virtual-engineers.com
770,VoiceLight Solar Energy,info@voicelightsolarenergy.com,https://voicelightsolarenergy.com
771,Voltarix Group,contact@voltarixgroup.com,https://voltarixgroup.com
772,Volts Energies,contact@voltsenergies.com,https://volts.ca
773,VREC,info@vrec.com,https://www.vrec.ca
774,Vulcan Electrical,service@vulcanelectrical.com,https://www.vulcanelectrical.com
775,W Dusk Energy Group,info@wduskenergygroup.com,https://www.wduskgroup.com
776,W. McNeil Electrical,info@wmcneilelectrical.com,https://www.wmcneil.com
777,Warmac Energy,Carolinaadmin@warmacenergy.com,https://www.warmacenergy.com
778,Water Valley Electrical,info@watervalleyelectrical.com,https://www.wvelectrical.com
779,Waterloo Energy Products,info@waterlooenergy.com,https://waterlooenergy.com
780,WATT Renewables,info@wattrenewables.com,https://www.wattrenewables.com
781,Wattsup Solar,contact@wattsupsolar.ca,https://wattsupsolar.ca
782,WCD Solar,contact@wcdsolar.com,https://walshconsultingtech.ca
783,WCE,Ainfo@wcelectric.ca,https://www.wcelectric.ca
784,Weber McCall Electric,info@webermccall.com,https://www.webermccall.com
785,Webster Solar Energy,service@webstersolarenergy.com,http://webstersolar.ca
786,WeGo Solar,sales@wegosolar.com,https://wegosolar.com
787,Wekking Electric,info@wekkingelectric.com,http://www.wekkingelectric.com
788,Wenzel Electrical,admin@wenzelsolutions.ca,https://wenzelsolutions.ca
789,West Prince Solar,chrisrandall@westprincesolar.ca,https://westprincesolar.ca
790,Westcan Power Services,service@westcanpowerservices.com,https://westcanpowerservices.com
791,Western Solar,Reserved.contact@western-solar.ca,https://western-solar.ca
792,Westland Electric,office@westland-electric.com,https://www.westland-electric.com
793,Westman Solar Solutions,contact@westmansolarsolutions.com,https://westmansolarsolutions.ca
794,Weston Electrical,info@westonelectricalsolutions.ca,https://westonelectricalsolutions.ca
795,Wicks Electric,service@wickselectric.com,https://wickselectric.ca
796,Windrotor Bolotov wind power,info@windrotorbolotovwindpower.com,https://www.windrotor-bolotov.com
797,Wireman,service@wireman.com,https://www.wiremaninc.ca
798,Wright Choice Electric,info@wrightchoiceelectric.com,https://www.wrightchoiceelectric.ca
799,WSP,service@wsp.com,https://www.wsp.com
800,Xolar,service@xolar.com,https://xolar.ca
801,Zeno,info@livezeno.com,https://www.livezeno.com
