Number,Company Name,Email,Company Website
1,1000 Sonnen-Dächer Swiss,info@1000-sonnen-daecher.ch,https://1000-sonnen-daecher.ch
2,3A Elektro,info@3aelektro.com,https://3a-elektro.ch
3,A Bis Z Elektroanlagen,info@abiszelektro.ch,http://www.iwi.ch/abisz/start.php
4,A. Kuster,SERVICE@akuster.com,http://www.a-kuster.ch
5,A.F. SolarPro,info@afsolarpro.com,http://www.afsolarpro.ch
6,A+B Flachdach,team@abflachdach.ch,https://www.abflachdach.ch
7,ABC Solar,mail@abcsolar.ch,https://abcsolar.ch
8,ABEGG Haustechnik,info@abegg.ch,https://abegg.ch
9,AC / DC Solar + Elektro,info@solarundelektro.ch,https://www.solarundelektro.ch
10,Ackermann,office@ackermannag.ch,http://www.ackermannag.ch
11,Ackermann Gebäudehüllen,info@ackermann-gh.ch,https://www.ackermann-gebaeudehuellen.ch
12,Activ Solar Schweiz,info@activsolarschweiz.com,http://activ-solar.ch/
13,ADEV,info@adev.ch,https://www.adev.ch
14,ADR Toitures,info@adr.ch,https://adr.ch
15,AEK,info@aek.com,https://www.aek.ch
16,Aellen Elektrotechnik,info@aellenelektrotechnik.com,https://www.aellenelektrotechnik.ch
17,Aeschlimann Dachtechnik,contact@aeschlimanndachtechnik.com,https://www.as-tech.ch
18,AFM,contact@afm.com,https://afm-energie.ch
19,Agena,agena@agena-energies.ch,https://www.agena-energies.ch
20,AIO-Solar,info@aio-solar.ch,https://www.aio-solar.ch
21,Albasolar,contact@albasolar.com,https://www.albasolar.ch
22,Albrecht & Bolzli,FacebookInstagraminfo@albo.ch,https://albo.ch
23,Alectron,info@alectron.com,https://www.alectron.ch
24,Alenergy Invest,info@alenergyinvest.com,https://www.alenergy.ch
25,alenso,info@alenso.ch,http://www.alenso.ch
26,Alex Gemperle,mail@gemperle.ch,https://www.gemperle.ch
27,Allenbach Holzbau und Solartechnik,info@solarholzbauer.ch,https://www.solarholzbauer.ch
28,Allsol,info@allsol.com,https://allsol.ch
29,Alsol,info@alsol.ch,https://alsol.ch
30,Alsolis,info@alsolis.ch,https://www.alsolis.ch
31,Alteno Solar,INFO@altenosolar.com,https://www.altenosolar.ch
32,Altersol,service@altersol.com,http://www.altersol.ch
33,Altherr Urnäsch,info@altherrurnäsch.com,https://www.altherrag.ch
34,Amaudruz,Info@amaudruz.com,https://www.amaudruz.ch
35,AMAX Energie,contact@amaxenergie.com,http://www.amax-energie.ch
36,Ammann Elektro,info@ammann-elektro.ch,https://www.ammann-elektro.ch
37,Ammann Solar,info@ammann-solar-ag.chwww.ammann-solar-ag.ch,https://ammann-solar-ag.ch
38,Ampere Dynamic,office@ampere-dynamic.ch,https://www.ampere-dynamic.ch
39,AMS Solar,info@ams-solar.ch,https://ams-solar.ch
40,Amsler Solar,info@amslersolar.com,https://www.amsler-solar.ch
41,Andrist Elektro,info@andrist-elektro.ch,http://www.andrist-elektro.ch
42,Apak Energy,info@apakenergy.com,https://www.apakenergy.ch
43,Appenzeller Energiekonzept,info@energiekonzept.ai,https://www.energiekonzept.ai
44,AR Electricité SA,service@arelectricitésa.com,https://arelectricite.ch
45,Arres,contact@arres.com,https://www.arres.ch
46,Artho Holz,info@arthoholz.com,https://artho-ag.ch
47,As-automotion,contact@asautomotion.com,http://www.as-automotion.ch
48,ATE Electricité,info@ateelectricité.com,https://www.ate-electricite.ch
49,Atelier Solaire,contact@ateliersolaire.com,https://ateliersolaire.ch
50,AutoSolar,info@autosolar.com,https://autosolar.ch
51,Aventron,info@aventron.com,https://www.aventron.com
52,AWS Solar,Info@awssolar.com,https://aws-solar.ch
53,Axova,Info@axova.com,https://www.axova.ch
54,Bachmann Elektro,info@bachmannelektro.com,http://www.bachmann-elektro.ch
55,Baeriswyl,info@baeriswyl.com,https://www.baeriswyl-ag.ch
56,Baillod,info@baillod.com,https://www.electricien-verbier.ch
57,Bau Fair,CONTACT@baufair.com,https://bau-fair.ch
58,Baumann Bau-Spenglerei,mail@bau-spenglerei.ch,https://www.bau-spenglerei.ch
59,Baumann Elektro,info@baumannelektro.ch,https://www.baumannelektro.ch
60,Baur,baur@baurdach.ch,https://baurdach.ch
61,Bautherm Flachdach Spenglerei,contact@bauthermflachdachspenglerei.com,http://www.bautherm-dach.ch
62,Be Netz,service@benetz.com,https://www.benetz.ch
63,Bedachungen Rohrer,info@bedachungenrohrer.com,https://www.rohrer-dach.ch
64,BeerBigliel,service@beerbigliel.com,https://www.beerbigliel.ch
65,Bekag Kamine,contact@bekagkamine.com,https://bekag-kamine.ch
66,Belevo,info@belevo.ch,https://www.belevo.ch
67,Beoelektriker,info@beoelektriker.com,http://beoelektriker.ch/
68,Beosolar,info@beosolar.ch,https://www.beosolar.ch
69,Bergamin,contact@bergamin.com,https://www.bergamindach.ch
70,Berger Boiler-Service,berger@boiler-service.ch,https://www.boiler-service.ch
71,Bernhard Polybau,info@bernhard-group.ch,https://www.bernhard-group.ch
72,Bichler,service@bichler.com,https://bichler.ch
73,Billod,info@billod.com,http://www.billod.ch
74,Bingesser Huber Elektro,info@bingesserhuberelektro.com,https://www.bingesserhuber.ch
75,Bischofberger Bedachungen,contact@bischofbergerbedachungen.com,https://www.bischofbergerdach.ch
76,Blanchard Iso Solar,info@isosolar.ch,http://www.isosolar.ch
77,Blanke Automation,info@blankeautomation.com,https://blanke.ch
78,Bloom Energy,info@bloomenergy.com,https://www.bloom-energy.ch
79,BluEnergy,info@bluenergy.com,https://www.bluenergy.ch
80,Böller,info@böller.com,https://www.boeller-holzbau.ch
81,Brändle Gebäudehüllen,contact@brändlegebäudehüllen.com,https://braendleag.ch
82,Breu,service@breu.com,https://www.breuag.com
83,Brighthouse,info@brighthouse.com,https://www.brighthouse.ch
84,Britt Haustechnik,info@britthaustechnik.com,https://www.britt-haustechnik.ch
85,Broder,info@broder.com,https://broder.ch
86,Brun,contact@brun.com,https://www.brun-ag.ch
87,Brun-elektro,info@brunelektro.com,https://www.brun-elektro.ch
88,Brunner,service@brunner.com,https://www.brunnerzimmerei.ch
89,Brunner+Imboden,CONTACT@brunnerimboden.com,https://www.brunnerimboden.ch
90,BS Strohmeier,info@bsstrohmeier.com,https://strohmeier-ag.ch
91,BTsun,info@btsun.com,https://www.btsun.ch
92,Bühler Bedachungen und Bauspenglerei,info@bühlerbedachungenundbauspenglerei.com,https://buehler-dach.ch
93,Bühler Electricité,info@bühlerelectricité.com,https://www.bem.ch
94,Buholzer Marcel,info@meisterdach.ch,https://buholzermarcel.ch
95,Bührer Elektro Telematik,mail@buehrer-elektro.ch,https://www.buehrer-elektro.ch
96,Bürge Haustechnik,info@buerge-ht.ch,https://www.buerge-haustechnik.ch
97,Buri Kaufmann,info@buri-kaufmann.ch,https://www.buri-kaufmann.ch
98,Burkhalter Holding,info@burkhalter.ch,https://www.burkhalter.ch
99,Burkhardt,Info@burkhardt.com,https://www.burkhardtag.ch
100,Burlet-Bau,info@burlet-bau.ch,https://burlet-bau.ch
101,Burri Elektro + Solar,martin.burri@burrielektrosolar.ch,http://www.burrielektrosolar.ch
102,Bütler Elektro Telecom,info@buetler-elektro.ch,https://www.buetler-elektro.ch
103,BZA AG Solar,info@bzaagsolar.com,https://www.bza-ag.ch
104,CAP Energie,info@cap-energie.ch,https://www.cap-energie.ch
105,CB Elektro,info@cbelektro.com,https://www.cb-elektro.ch
106,Centorbi Electrotecnic,info@centorbielectrotecnic.com,https://www.centorbi.ch
107,Cerutti Toitures,info@cerutti-toitures.ch,https://cerutti-toitures.ch
108,Ch-Solar,info@chsolar.com,https://www.ch-solar.ch
109,CKW,info@ckw.com,https://www.ckw.ch
110,Clavien Fabrice,service@clavienfabrice.com,https://fabriceclavien.ch
111,Clement Elektro,info@clement-elektro.ch,https://www.clement-elektro.ch
112,Clevergie,DatenschutzImpressumDatenschutzrichtlinienKontaktinfo@clevergie.ch,https://clevergie.ch
113,Coutaz,info@coutaz.com,http://www.coutaz.ch
114,CREA Energy,info@creaenergy.ch,https://www.creaenergy.ch
115,Creasolar.Ch,contact@creasolarch.com,https://www.creasolar.ch
116,Crottet,info@crottet.ch,https://crottet.ch
117,D. Hodel Elektro,d.hodel@hodel-elektro.ch,http://www.hodel-elektro.ch
118,Dach und Solar,info@dachundsolar.ch,https://www.dachundsolar.ch
119,David Sun,info@davidsun.ch,http://www.davidsun.ch
120,DDE,info@dd-energy.com,https://dd-energy.com
121,DeinSolar,info@deinsolar.com,https://deinsolar.ch
122,Despond Entreprises,info@despondentreprises.com,https://www.despond-entreprises.ch
123,DHP Technology,info@dhp-technology.ch,https://www.dhp-technology.ch
124,Die Gälbe,info@diegälbe.com,https://www.lwa.ch
125,Dimension Solaire,info@dimension-solaire.ch,https://www.dimension-solaire.ch
126,Dolder Elektro,info@dolder-elektro.ch,https://www.dolder-elektro.ch
127,Dransenergie,SERVICE@dransenergie.com,https://www.dransenergie.ch
128,Ducommun Construction Bois,mickael@ducommunbois.ch,https://ducommunbois.ch
129,Dürig+Partner,info@duerigundpartner.ch,http://www.duerigundpartner.ch
130,Dynatex,info@dynatex.com,https://www.dynatex.ch
131,E-ME Energies,info@emeenergies.com,https://www.emeenergies.ch
132,E-Solaire,info@e-solaire.ch,https://www.e-solaire.ch
133,e-wende.ch,info@e-wende.ch,https://www.e-wende.ch
134,E. Jörg,info@ejörg.com,https://www.joergag.ch
135,E. Kunz,ningenSchweizelektro@kunzag.ch,https://kunzag.ch
136,Eco Energie,info@ecoenergie.com,https://www.ecoeap.ch
137,Eco Solar,info@ecosolar.com,https://www.eco-solar.ch
138,Eco Soluce,info@eco-soluce.ch,https://eco-soluce.ch
139,Eco-Optimum,info@ecooptimum.com,https://www.eco-optimum.ch
140,Eco2 Energie Sàrl,info@eco2energiesàrl.com,https://www.belec.ch
141,ecoEn,info@ecoen.ch,https://ecoen.ch
142,eConnect,info@econnect.ch,https://www.econnect.ch
143,Ecoplus Energie,info@ecoplusenergie.com,https://ecoplus-energie.ch
144,Ecosinergie Tienergy,info@ecotienergy.com,https://www.ecotienergy.com
145,EcoSol Swiss,info@ecosolswiss.com,https://www.ecosolswiss.ch
146,ecosun,service@ecosun.com,https://ecosun-ag.ch
147,Edion,info@edion.ch,https://edion.ch
148,Edisun Power Europe,nour@kalmoya.com,https://www.edisunpower.com
149,EEV,info@eev.ch,https://www.electro-partner.ch
150,efinio,info@efinio.com,https://www.efinio.com
151,Efisol,INFO@efisol.com,https://www.efisol.ch
152,EGch,Info@egch.com,https://www.energiegenossenschaft.ch
153,Eglin,info@eglin.ch,https://www.eglin.ch
154,Ehrenberg Elektro,contact@ehrenbergelektro.com,https://www.ehrenberg.ch
155,Eigenmann,info@eigenmann-ag.ch,https://eigenmann-ag.ch
156,EKZ,info@ekz.com,https://www.ekz.ch
157,EKZ Eltop,contact@ekzeltop.com,https://www.ekzeltop.ch
158,ELBAG,info@elbag.ch,https://elbag.ch
159,Electro Bart,CONTACT@electrobart.com,https://www.electrobart.ch
160,Electro-Sol,Cossonayinfo@electrosol.ch,https://www.electrosol.ch
161,ElectroSolar,info@electrosolar.ch,https://www.electrosolar.ch
162,Elektra,kundenservice@elektra.ch,https://www.elektra.ch
163,Elektrik Markus Wenger,info@elektrik-wenger.ch,https://www.elektrik-wenger.ch
164,Elektrizitätswerk Jona-Rapperswil,service@elektrizitätswerkjonarapperswil.com,https://ewjr.ch
165,Elektro Abend,info@energiecenter-abend.ch,https://www.energiecenter-abend.ch
166,Elektro Ackermann,info@elacki.ch,https://www.elacki.ch
167,Elektro AGZ,mail@elektroagz.ch,http://elektroagz.ch
168,Elektro B,info@elektro-b.ch,https://elektro-b.ch
169,Elektro Beyeler,contact@elektrobeyeler.com,https://solarfreiamt.ch
170,Elektro Binder,Eggerc.egger@elektrobinder.ch,https://www.elektrobinder.ch
171,Elektro Blaser,elektroblaser@elektroblaser.ch,https://elektroblaser.ch
172,Elektro Bommer,contact@elektrobommer.com,https://www.elektrobommer.ch
173,Elektro Börner,info@elektrobörner.com,https://www.elektro-boerner.ch
174,Elektro Brönnimann,info@elektrobrönnimann.com,https://brönnimann.swiss
175,Elektro Bürgin,service@elektrobürgin.com,https://elektro-buergin.ch
176,Elektro Danuser,info@elektro-danuser.ch,https://www.elektro-danuser.ch
177,Elektro Eisenegger,info@elektro-eisenegger.ch,https://elektro-eisenegger.ch
178,Elektro Etter+Livet,info@elektroetterlivet.com,https://etterlivet.ch
179,Elektro Fries,contact@elektrofries.com,https://www.elektrofries.ch
180,Elektro Furrer,info@elektrofurrer.ch,https://www.elektrofurrer.ch
181,Elektro Gander,info@elektro-gander.ch,https://elektro-gander.ch
182,Elektro Grogg,info@elektro-grogg.ch,https://elektro-grogg.ch
183,Elektro Gyger,info@elektro-gyger.ch,https://elektro-gyger.ch
184,Elektro H. Christen,haj.christen@bluewin.ch,http://www.emmental-elektro.ch
185,Elektro Haldemann,mail@milianw.de,https://www.elektrohaldemann.ch
186,Elektro Hänseler,info@haenseler-ag.ch,https://www.haenseler-ag.ch
187,Elektro Illi,info@elektro-illi.ch,https://www.elektro-illi.ch
188,Elektro Imboden,info@elektroimboden.com,https://www.elektro-imboden.ch
189,Elektro Kessler,info@stromer-schwyz.ch,https://stromer-schwyz.ch
190,Elektro Linder,info@elektrolinder.com,https://elektro-linder.ch
191,Elektro Lumen,info@elektro-lumen.ch,https://elektro-lumen.ch
192,Elektro Lüscher & Zanetti AG,Muheninfo@elzag.ch,https://www.elzag.ch
193,Elektro Meister,SERVICE@elektromeister.com,https://www.elektromeister.ch
194,Elektro Mischler,info@elektromischler.com,https://elektromischler.ch
195,Elektro Naegelin,info@elektro-naegelin.ch,http://elektro-naegelin.ch/
196,Elektro Neidhart,info@elektro-neidhart.ch,https://www.elektro-neidhart.ch
197,Elektro Nottwil,info@elektro-nottwil.ch,https://www.elektro-nottwil.ch
198,Elektro Ottinger,info@elektroottinger.ch,https://www.elektroottinger.ch
199,Elektro Peter,info@elektro-peter.ch,https://www.elektro-peter.ch
200,Elektro Rhyner,info@erag.ch,https://www.erag.ch
201,Elektro Schmidli,mail@elektroschmidli.ch,https://www.elektroschmidli.ch
202,Elektro Seftigen,info@elektro-seftigen.ch,https://www.elektro-seftigen.ch
203,Elektro Strub,info@elektrostrub.com,https://www.elektrostrub.ch
204,Elektro Ueli,contact@elektroueli.com,https://elektroueli.ch
205,Elektro Unfried,info@elektro-unfried.ch,http://www.elektro-unfried.ch
206,Elektro Wild+Barmettler,info@elektrowildbarmettler.com,https://www.wildbarmettler.ch
207,Elektro Wüthrich & Flückiger,info@wuethrich-flueckiger.ch,https://www.wuethrich-flueckiger.ch
208,Elektro Wyler,elektro@elektro-wyler.ch,https://www.elektro-wyler.ch
209,Elektro Zurbrügg,info@elektro-zurbruegg.ch,https://elektro-zurbruegg.ch
210,Elektro Zürcher,service@elektrozürcher.com,http://www.elektrozuercherag.ch
211,Elektro-Fierz,contact@elektrofierz.com,https://www.elektro-fierz.ch
212,Elektro-Telecom Rolf Niklaus,info@et-knapp.ch,http://www.niklaus-elektro.ch
213,Elektrobedarf Troller,info@elektrobedarftroller.com,https://www.elektrobedarf.ch
214,Elektromueller,info@elektromueller.ch,https://elektromueller.ch
215,Elentec,info@elentec.ch,https://www.elentec.ch
216,Elettricità Bronz,solare@bronz.ch,https://www.ecoelettrica.ch
217,Elosolar,chp@chp-elektro.com,https://www.elosolar.ch
218,Eltanorm,info@eltanorm.com,https://eltanorm.ch
219,Eltech-System,info@eltechsystem.com,https://www.eltech-system.ch
220,Emch+Berger,contact@emchberger.com,https://www.emchberger.ch
221,Energie Solaire Suisse,contact@energiesolairesuisse.com,https://energiesolaire-suisse.ch
222,Energiebüro,info@energiebüro.com,https://www.energieburo.ch
223,Energy Unlimited,info@energyunlimited.com,https://www.energyunlimited.ch
224,EnergyOptimizer,info@energyoptimizer.ch,http://energyoptimizer.ch
225,Eniwa,info@eniwa.com,https://www.eniwa.ch
226,Enpro Energiearchitekten,mail@en-pro.ch,https://www.en-pro.ch
227,EnR Léman,info@enrleman.ch,https://enrleman.ch
228,Eosono,info@eosono.com,https://www.eosono.ch
229,Ernst Gürtler,info@guertler-elektro.ch,https://guertler-elektro.ch
230,Ernst Schweizer,Service@ernstschweizer.com,https://www.ernstschweizer.ch
231,ERSAP Energie,info@ersap.ch,http://www.ersap.ch
232,Esotec,info@esotec.ch,https://esotec.ch
233,Etavis,info@etavis.com,https://www.etavis.ch
234,Etrion,info@etrion.com,https://etrion.com
235,Euro Photovoltaik,info@europhotovoltaik.com,http://www.europhotovoltaik.com
236,Eurodach,contact@eurodach.com,https://www.eurodach.ch
237,Eusolar Energy,info@eusolar.ch,https://www.eusolar.ch
238,EvoSun,info@evosun.ch,https://evosun.ch
239,EW Buch,contact@ewbuch.com,http://www.ewbuchs.ch
240,EW Höfe,contact@ewhöfe.com,https://www.ewh.ch
241,EW Wald,info@ew-wald.ch,https://www.ew-wald.ch
242,EWA-energieUri,mail@energieuri.ch,https://www.energieuri.ch
243,Ewald Gattlen,info@gattlen.ch,https://gattlen.ch
244,EWO,info@ewo.ch,https://ewo.ch
245,EWS,info@ews.com,https://ews.ch
246,EWZ,info@ewz.com,https://www.ewz.ch
247,F. Hubmann,info@hubmann-bedachungen.ch,https://www.hubmann-bedachungen.ch
248,Fankhauser Solar,info@fankhausersolar.com,https://www.fankhauser-solar.ch
249,Fasel Electro,info@faselelectro.com,https://www.fasel-electro.ch
250,Federer Elektrotechnik,info@elektrofederer.ch,https://elektrofederer.ch
251,Ferrari Group 77,info@ferrarigroup77.com,https://www.fg77.ch
252,Feusi Électricité,contact@feusiélectricité.com,https://www.feusi-electricite.ch
253,Finergy,info@finergy.com,https://www.finergy.ch
254,Flavio Togni,info@togni.com,https://www.togni.com
255,Flückiger Electricité,info@fluckigersa.ch,https://www.fluckigersa.ch
256,Frehner Holzbau,info@frehnerholzbau.ch,https://www.frehnerholzbau.ch
257,Frey Electric,info@freyelectric.ch,http://www.freyelectric.ch
258,Fritz Gresser,info@fritzgresser.com,https://www.gresser-ag.ch
259,Fuchs Solar,contact@fuchssolar.com,http://www.fuchssolar.ch
260,Fürer Holzbau,contact@fürerholzbau.com,https://www.fuerer-holzbau.ch
261,Furrer Solartechnik,service@furrer-solartechnik.ch,https://furrer-solartechnik.ch
262,Fyrosol,info@fyrosol.com,https://www.fyrosol.ch
263,G&O Sunsolutions,info@sunsolutions.ch,http://sunsolutions.ch
264,Gall Elektro,service@gallelektro.com,http://www.gall-elektro.ch
265,Gama AG Photovoltaik,info@gama-pv.ch,https://gama-pv.ch
266,Gasser + Bertschy Elektro,info@gb-ag.ch,https://www.gb-ag.ch
267,GBH,info@gbh-bern.ch,https://gbh-bern.ch
268,GC Energie,service@gcenergie.com,https://gcenergie.ch
269,Gebr. Willi Elektro,info@willi-elektro.ch,https://www.willi-elektro.ch
270,Gebrüder Brand,info@brand-haustechnik.ch,https://www.brand-haustechnik.ch
271,Gemeindewerke,info@gemeindewerke-erstfeld.ch,https://www.gemeindewerke-erstfeld.ch
272,Genos Energie,kundencenter@regioenergie.ch,https://www.genos.ch
273,Georg Egli,info@georg-egli.ch,https://www.georg-egli.ch
274,Gerber H.P. Elektro,info@gerberelektroag.ch,https://gerberelektroag.ch
275,Gerber Holzbau Bern,INFO@gerberholzbaubern.com,http://www.gerber-holzbau.ch
276,GGS,info@ggs-holzbau.ch,https://www.ggs-holzbau.ch
277,Glattal Installationen,info@glattal-elektro.ch,https://www.glattal-elektro.ch
278,Gleichung,info@gleichung.com,https://gleichung.ch
279,Gloor + Baumann Holzbau,info@gloorbaumannholzbau.com,https://www.gloor-baumann.ch
280,Gmür,info@gh-gmuer.ch,http://www.gh-gmuer.ch
281,Go Solar,info@solarenergy-shop.ch,https://solarenergy-shop.ch
282,Goldenberger Elektro,info@goldenberger.ch,https://www.goldenberger.ch
283,Gort Solar,tg@gortsolar.ch,https://www.gortsolar.ch
284,Götz Elektro,contact@götzelektro.com,https://www.goetz-elektro.ch
285,Graf + Magnenat,info@grafsanitaer.ch,https://grafsanitaer.ch
286,Grau Electricité,contact@grauelectricité.com,https://www.grau-electricite.ch
287,Green Enesys,service@greenenesys.com,https://www.greenenesys.com
288,Greenkey,info@greenkey.ch,https://www.greenkey.ch
289,Grimm Solartechnik,info@grimm-solar.ch,https://grimm-solar.ch
290,Grob,service@grob.com,http://grob-ag.ch
291,Groupe E,INFO@groupee.com,https://www.groupe-e.ch
292,Grüter Hans,info@grueterag.ch,https://www.grueterag.ch
293,GSE,info@greensolarenergy.ch,https://www.greensolarenergy.ch
294,GTS Solar,info@gts-group.ch,https://www.gts-solar.ch
295,Gunep,info@gunep.ch,https://www.gunep.ch
296,H. Lenz,info@lenz.ch,https://www.lenz.ch
297,H. P. Hebeisen Heizung und Sanitär,info@hebeisenag.ch,https://hebeisenag.ch
298,Habit’Avenir,service@habitavenir.com,https://habitavenir.ch
299,Hablützel,info@hablützel.com,https://www.habluetzel.ag//
300,Hablützel Haustechnik,info@hablützelhaustechnik.com,http://www.habluetzel-haustechnik.ch
301,Hartmann Solartechnik,CONTACT@hartmannsolartechnik.com,https://hartmann-solar.ch
302,Härz,info@härz.com,https://haerz.swiss
303,Hasler + Reinle,info@hasler-reinle.ch,https://hasler-reinle.ch
304,Haustechnik Oppliger,thomas@oppliger.com,https://www.oppliger.com
305,Hediger,info@hediger.ch,https://www.hediger.ch
306,Heidi Solar,support@webador.fr,https://www.heidi-solar.ch
307,Heinz Gertsch,info@heinzgertsch.com,https://gertsch-ag.ch
308,Heinz Schmid,service@heinzschmid.com,https://www.heinz-schmid.ch
309,Heizplan,kontakt@heizplan.ch,https://www.heizplan.ch
310,Helion,contact@helion.com,https://www.helion.ch
311,Helios Energies,info@heliosenergies.com,https://helios-energies.ch
312,Helios Solar Energie,info@helios-solar.ch,https://helios-solar.ch
313,Helvetia Energy,info@helvetiaenergy.com,https://www.helvetia-energy.ch
314,Helvetic Power,info@helveticpower.com,http://www.helvetic-power.ch
315,Helvetic PV,anfrage@helvetic-pv.ch,https://www.helvetic-pv.ch
316,Helvétiqua,contact@helvetiqua.ch,https://www.helvetiqua.ch
317,Hitz Holzbau,Schweizinfo@hitzholzbau.ch,https://www.hitzholzbau.ch
318,Höchner.ch,service@höchnerch.com,https://www.hoechner.ch
319,Hochuli,mail@hochuli-gruppe.ch,https://www.hochuli-holzbau.ch
320,Honegger Elektro Telecom,INFO@HONEGGER.COM,https://www.honegger.com
321,HQ Energie,service@hqenergie.com,https://www.hq-energie.ch
322,Huber Dach und Wand,info@huber-dach-wand.ch,https://www.huber-dach-wand.ch
323,Hubschmied,service@hubschmied.com,https://www.hubschmied-ag.ch
324,Huf Haus,huf-dorf@huf-haus.com,https://www.huf-haus.com
325,Huser Gebäudetechnik,info@husergebäudetechnik.com,https://www.huser-gebaeudetechnik.ch
326,Husner,info@husner.ch,https://www.husner.ch
327,Hustech Installations,info@hustech.ch,https://www.hustech.ch
328,HWS Brenner und Heizsysteme,info@hwsbrennerundheizsysteme.com,https://h-ws.ch
329,I-Watt,info@i-watt.ch,https://www.i-watt.ch
330,I.ON Energy,info@ionenergy.com,https://www.ion-e.ch
331,IAE,iae@iae.ch,https://www.iae.ch
332,IdroTicino,info@idroticino.ch,https://idroticino.ch
333,Iello,hello@iello.ch,https://iello.ch
334,ILB Helios Holding,info@ilbheliosholding.com,https://www.ilb-helios-solar.com
335,Inderbitzin + Kälin,info@iks-elektro.ch,https://www.iks-elektro.ch
336,Infrasolar,info@infra-solar.ch,http://infrasolar.org
337,IngEne,info@ingene.ch,https://ingene.ch
338,Insolight,contact@insolight.com,https://insolight.ch
339,Iontec,info@iontec.com,https://www.iontec.ch
340,ISP Electro Solutions,info@ispag.ch,https://www.ispag.ch
341,ITanet Energietechnik,service@itanetenergietechnik.com,https://www.itanet.ch
342,iVolt,info@ivolt.ch,https://www.ivolt.ch
343,IWS Solar,info@iwssolar.com,https://www.iwssolar.ch
344,Jadi Solar,info@jadisolar.com,http://jadisolarag.ch/
345,Jaeggi Solartechnik,info@jaeggisolartechnik.com,https://www.jaeggisolar.ch
346,Jaisli-Xamax,info@jaisli-xamax.ch,https://www.jaisli-xamax.ch
347,Jak. Mehr,roonix@gmail.com,https://www.dachdecker-eigenmann.ch
348,JGE,info@jge.ch,https://www.jge.ch
349,Johner Elektro,info@johnerelektro.com,http://www.johner-solar.ch
350,Joma Solar,info@joma-solar.ch,https://www.joma-solar.ch
351,Junod Wasser + Wärme,junod@junodag.ch,http://www.junodag.ch
352,K.W. Weyermann,service@kwweyermann.com,https://www.weyermannag.ch
353,KA-Holzbau,info@kaholzbau.com,http://www.ka-holzbau.ch
354,Kabeltechnik,info@kabeltechnik.ch,https://www.kabeltechnik.ch
355,Kaegi + Rutz,kontakt@kaegirutz.ch,https://www.kaegirutz.ch
356,Kämpfer,privacy@defiant.com,https://kaempfer.ch
357,Kaufmann Elektro,Wolhuseninfo@kaufmann-elektro.ch,https://kaufmann-elektro.ch
358,Kaufmann Spenglerei + Sanitary,info@kaufmann-egg.ch,https://www.kaufmann-egg.ch
359,Kibernetik,service@kibernetik.com,https://kibernetik.ch
360,Kippel,info@kippel-gt.ch,https://kippelag.ch
361,Kobler Energie,service@koblerenergie.com,https://www.koblerenergie.ch
362,Köhle Bedachungen,info@köhlebedachungen.com,https://www.koehle.ch
363,Kohler + Partner Elektro,info@kohlerundpartner.ch,https://www.kohlerundpartner.ch
364,Kolb,info@kolb.com,https://www.kolb-ag.ch
365,Koster,SERVICE@koster.com,https://www.kosterag.ch
366,Koutec,info@koutec.com,https://www.koutec.com
367,Krebs,info@krebsag.ch,https://www.krebsag.ch
368,Krüsi Sicherheis- und Solartechnik,info@solar-gmbh.ch,http://solar-gmbh.ch
369,Kuhn,info@kuhn-ag.ch,https://www.kuhn-ag.ch
370,Kunz Dachtech,info@kunz-dachtech.ch,https://www.kunz-dachtech.ch
371,Kunz-solartech,contact@kunzsolartech.com,https://kunz-solartech.ch
372,Kurt Lüscher,info@kla.ch,https://www.kla.ch
373,Landsrath,info@landsrath.ch,https://www.landsrath.ch
374,Landtwing Telefon und Elektro,contact@landtwingtelefonundelektro.com,https://www.landtwing.ch
375,Laube-solar,info@laube-solar.ch,http://www.laube-solar.ch
376,LDL Energie,service@ldlenergie.com,https://www.ldl-energie.ch
377,Le Guide Solaire,info@leguidesolaire.ch,https://leguidesolaire.ch
378,LEC,info@lec.com,https://www.lec.ch
379,Lehmann,contact@lehmann.com,https://lehmann.ch
380,LF Solutions,info@lfsolutions.com,http://www.lfs.gl
381,Lippuner Energie,contact@lippunerenergie.com,https://www.lippuner-emt.com
382,Lo Stanco,info@lostanco.ch,https://www.lostanco.ch
383,Lumena,solar@lumena.ch,https://lumena-solar.ch
384,Lüthi Gebäudehüllen,info@lüthigebäudehüllen.com,https://gebaeudehuellen.ch
385,Lütolf Dach und Wand,service@lütolfdachundwand.com,https://www.luetolf-bedachungen.ch
386,Lutz Bodenmüller,info@solarlutz.ch,https://www.solarlutz.ch
387,Luxra,contact@luxra.com,https://luxra.ch
388,LWS Wärmeservice,info@waermeservice.ch,https://www.waermeservice.ch
389,Maag & Wetli,info@maagwetli.com,https://www.maag-wetli.ch
390,Macullo Solar,info@macullosolar.ch,https://macullo-solaire.ch
391,Magtechnique,contact@magtechnique.ch,https://www.magtechnique.ch
392,Mark Holzbau,info@markholzbau.ch,https://www.markholzbau.ch
393,Marquart Dächer Fassadenbau,info@marquartdächerfassadenbau.com,https://marquart-dach.ch
394,Marti Elektrische,info@marti-el.ch,https://marti-el.ch
395,Matzinger,info@matzinger.ch,https://www.matzinger.ch
396,MBRsolar,info@mbrsolar.ch,https://mbrsolar.ch
397,MCR-e,info@mcr-e.ch,https://www.mcr-e.ch
398,Meeco,info@meeco.net,https://meeco.net
399,Meierelektro,service@meierelektro.com,https://www.meierelektro.swiss
400,Menegardi,info@menegardiag.ch,https://www.menegardiag.ch
401,Mons Solar,service@monssolar.com,https://monssolar.ch
402,Montapro,service@montapro.com,https://www.montapro.ch
403,Morisset + Partner,lineinfo@yourdomain.com,https://www.morisset-partner.ch
404,Mösch,info@mösch.com,https://www.moesch.ag
405,MT Systems,info@mtsystems.com,https://www.mt-systems.ch
406,Müller Elektro Hitzkirch,info@muellerelektro.ch,https://www.muellerelektro.ch
407,Müller Polybau,mail@mueller-polybau.ch,https://mueller-polybau.ch
408,Müller Steiger Bedachungen,info@müllersteigerbedachungen.com,https://www.muellersteiger.ch
409,Muller Toitures,info@mullertoitures.ch,https://www.mullertoitures.ch
410,Naoenergy,service@naoenergy.com,https://naoenergy.ch
411,NAU Solar Systemtechnik,info@nau-gmbh.ch,https://nau-gmbh.ch
412,New Power Energy,info@newpowerenergy.com,https://np-energy.eu
413,Nikles Toiture,info@niklestoiture.com,https://nikles-toiture-57.webself.net
414,O. Kohler,info@kohler-ag.ch,https://kohler-ag.ch
415,Oberhänsli,info@dont-want-spam.oberhaensliag.ch,https://www.oberhaensliag.ch
416,OIKEN,Info@oiken.com,https://oiken.ch
417,P. Wolf,service@pwolf.com,https://www.elektro-wolf.ch
418,Paramount,info@paramount-ag.ch,https://www.paramount-saudiarabia.com
419,Paul Gisler,info@paulgislerag.ch,https://www.paulgislerag.ch
420,Perroud Electricité,mail@perroud-electricite.ch,http://perroud-electricite.ch
421,Peter Serini,info@serini.ch,https://serini.ch
422,PEVbit,info@pevbit.com,https://www.pevbit.com
423,Pezag Elektro,info@pezag.ch,https://www.pezag.ch
424,Pfiffner Elektrotechnik,info@pfiffnerelektrotechnik.com,https://pfiffner-et.ch
425,PhotonicEnergy,contact@photonicenergy.com,https://photonicenergy.ch
426,Photosun,info@photosun.com,https://photosun.ch
427,Pikey Soley,info@pikeysoley.com,https://www.pikey.ch
428,Planeco,info@planeco.ch,https://www.planeco.ch
429,PlanetSolar,contact@planetsolar.com,https://www.planetsolar.ch
430,Polyvoltark,service@polyvoltark.com,https://polyvoltark.ch
431,Pomatti,service@pomatti.com,https://www.pomatti.ch
432,Pons Energia Solare,info@ponsenergiasolare.ch,https://ponsenergiasolare.ch
433,Preisig,info@preisig.ch,https://www.preisig.ch
434,PrimeEnergy Technics,info@prime-energy-technics.ch,https://www.prime-energy-technics.ch
435,Primeo Energie,info@primeoenergie.com,https://ebm.solarlog-web.ch
436,Pulver Dawa,info@pulverdawa.ch,https://pulverdawa.ch
437,PuraSol,info@purasol.ch,https://purasol.ch
438,Purwatt,info@purwatt.ch,http://purwatt.ch
439,PV Solar Systems,INFO@pvsolarsystems.com,https://pvsolarsystems.ch
440,PVT-Schweiz,info@pvtschweiz.com,https://www.pvt-schweiz.ch
441,R. Dähler,info@daehler-ag.ch,https://www.daehler-ag.ch
442,R. HEGI,info@elektro-hegi.ch,https://elektro-hegi.ch
443,R+N,info@reich-nievergelt.ch,https://www.reich-nievergelt.ch
444,Ramseier,info@ramtech.ch,https://www.ramtech.ch
445,Ramseyer Elektro,service@ramseyerelektro.com,https://www.ramseyer-ag.ch
446,REECH,info@reech.ch,https://reech.ch
447,Regio Energie,info@regioenergie.com,https://www.regioenergie.ch
448,Regiosol Engineering,info@regiosol-pv.ch,https://www.regiosol-engineering.ch
449,Renesol,info@renesol.com,https://renesol.com
450,RenoMa,info@renoma-bedachungen.ch,https://www.renoma-bedachungen.ch
451,RESiQ,info@resiq.ch,https://www.resiq.ch
452,Respect,service@respect.com,https://www.respect-energies.ch
453,RG Energietechnik,Info@rgenergietechnik.com,https://rg-energietechnik.ch
454,Rhyner Energie,info@rhyner-energie.ch,https://www.rhyner-energie.ch
455,Rickenbach Elektro,service@rickenbachelektro.com,https://rickenbach-elektro.ch
456,Riget,info@riget.com,https://www.riget.ch
457,Rochat Solaire,info@rochatsolaire.ch,https://www.rochatsolaire.ch
458,Romande Energie,info@romandeenergie.com,https://www.romande-energie.ch
459,Rossel Bedachungen + Holzbau,contact@rosselbedachungenholzbau.com,https://rossel-zimmerei.ch
460,Roth Bedachungen Fassaden,info@roth-bedachungen.ch,https://www.roth-bedachungen.ch/home.html
461,Roth Elektro,roth@rothelektro.ch,https://www.rothelektro.ch
462,Roth Installations,service@rothinstallations.com,https://roth-melchnau.ch
463,Roth Solartechnik,info@roth-solartechnik.ch,https://www.rothsolartechnik.ch
464,Rothacher Polybau,info@rothacher-polybau.ch,https://www.rothacher-polybau.ch
465,Rubin Elektrotechnik,info@rubin-eltech.ch,https://www.rubin-eltech.ch
466,Rüegg,info@rüegg.com,https://www.rubema.ch
467,Rüegsegger Elektro,office@elektro-ruegsegger.ch,https://elektro-ruegsegger.ch
468,Runer Solar,info@runersolar.com,https://www.runer-solar.ch
469,Rutz + Partner Elektro,info@rpelektro.ch,https://rpelektro.ch
470,RUTZ Gruppe,solar@rutz-gruppe.ch,https://rutz-solar.ch
471,RWB,contact@rwb.com,https://www.regionalwerke.ch
472,Sägesser Holzbau,info@saegesserholzbau.ch,http://www.saegesserholzbau.ch
473,Sahli Électricité,info@sahliélectricité.com,https://www.sahlisa.ch
474,Salamon,info@salamon.ch,https://www.salamon.ch
475,Sasol,info@sasol.ch,https://sasol.ch
476,SAT Solar,info@sat-solar.ch,https://www.sat-solar.ch
477,SB Energetica,info@sbenergetica.com,https://sbenergetica.ch
478,SCDI,INFO@scdi.com,https://scdi.ch
479,Scenergy,contact@scenergy.com,https://www.scenergy.ch
480,Schaer Energie,info@schaer-energie.ch,https://www.schaer-energie.ch
481,Schäfer Elektro,elektro@schaefer-elektro.ch,http://www.schaefer-elektro.ch
482,Schär Elektrische Anlagen,contact@schärelektrischeanlagen.com,https://www.schaer-elektro.ch
483,Scheiwiller,info@scheiwiller-ag.ch,https://www.scheiwiller-ag.ch
484,Scherrer Gebäudetechnik,info@scherrergt.ch,https://www.scherrergt.ch
485,Schibli,EnergieSchibli-Gruppee-e@schibli.com,https://schibli-erneuerbare-energie.ch
486,Schnyder Solar Power,service@schnydersolarpower.com,https://schnyder-solar.ch
487,Schönholzer Elektro,info@schoenholzer.ch,https://www.schoenholzer.ch
488,Schoop,info@schoop.com,https://schoop.com
489,Schumacher Elektro,service@schumacherelektro.com,https://schumacher-elektro-ag.ch
490,Schumacher Elektro,info@schumacher-elektro.ch,https://www.schumacher-elektro.ch
491,Schürch-Egli,info@schürchegli.com,https://www.schuerch-egli.ch
492,Schwager,aninfo@schwager-bedachungen.ch,https://www.schwager-bedachungen.ch
493,Schweizer Solaire,info@schweizersolaire.com,https://www.schweizersolaire.ch
494,SD Stenio Dozio,info@steniodozio.ch,https://steniodozio.ch
495,Seeland-Solar,info@seelandsolar.com,https://www.seeland-solar.ch
496,Seetal Solar,intern@seetalsolar.ch,https://seetalsolar.ch
497,SEIC-Télédis,info@seictélédis.com,https://www.seic-teledis.ch
498,Selmoni Burger,info@selmoni-burger.ch,https://www.selmoni-burger.ch
499,Selnet,contact@selnet.com,https://www.selnet.ag
500,Senero,info@senero.com,https://www.senero-solar.ch
501,SEVT,info@sevt.com,https://sevt.ch
502,SH Power,CONTACT@shpower.com,https://www.shpower.ch
503,SH Solar,info@sh-solar.ch,https://sh-solar.ch
504,SH Technik Schweiz,info@shtechnik.ch,https://shtechnik.ch
505,SH-Solartechnik,contact@shsolartechnik.com,https://sh-solartechnik.ch
506,SHolar Selbstbau Genossenschaft Schaffhausen,service@sholarselbstbaugenossenschaftschaffhausen.com,https://sholar.ch
507,Si-Ren,info@siren.com,https://si-ren.ch
508,Sigg Holzbau,info@siggholzbau.com,https://siggholzbau.ch
509,Sigmatic,info@sigmatic.ch,https://www.sigmatic.ch
510,Smartsuna,info@smartsuna.ch,https://smartsuna.ch
511,Sol-Em,service@solem.com,http://www.sol-em.ch
512,SOL-R,info@sol-r.ch,https://www.sol-r.ch
513,Solacem,info@solacem.com,https://www.solacem.ch
514,Solaik,john@example.com,http://www.solaik.ch
515,Solaire Romand,contact@solaireromand.com,https://solaireromand.ch
516,Solaire1300,info@solaire1300.com,https://www.solaire1300.ch
517,Solaireco,info@solaireco.com,http://www.solaireco.ch
518,Solalpes Energie,courrier@solalpes-energie.ch,https://www.solalpes-energie.ch
519,Solar Alliance,info@solaralliance.com,https://solaralliance.ch
520,Solar Conseil,info@solarconseil.ch,https://solarconseil.ch
521,Solar Control,Info@solarcontrol.com,https://solarcontrol.ch
522,Solar Energy Plus,info@solarenergyplus.com,https://solarenergyplus.ch
523,Solar Fricktal,service@solarfricktal.com,https://www.solar-fricktal.ch
524,Solar Power Group,info@solarpowergroup.ch,https://solarpowergroup.ch
525,Solar Project,info@solar-project.ch,https://www.solar-project.ch
526,Solar Staufen,info@solarstaufen.ch,https://solarstaufen.ch
527,Solar Ticino,CONTACT@solarticino.com,https://www.solar-ticino.com
528,Solar-Werkstatt,info@solar-werkstatt.ch,https://www.solar-werkstatt.ch
529,Solarandwind,contact@solarandwind.com,https://www.solarandwind.ch
530,Solarbau Lowel,info@solarbaulowel.com,https://solarbau-lowel.ch
531,Solarecology,Schweizinfo@solarecology.ch,http://solarecology.ch
532,Solarify,kontakt@solarify.ch,https://solarify.ch
533,SolarkraftWerkstatt,info@solarkraftwerkstatt.com,https://www.solarkraftwerkstatt.ch
534,Solarline-Güttinger,info@solarlinegüttinger.com,https://www.solarline-guettinger.ch
535,Solarmaa,contact@solarmaa.com,https://solarmaa.ch
536,Solarmeister,info@solarmeister.com,https://www.solarmeister.ch
537,Solarmotion,info@solarmotion.ch,https://solarmotion.ch
538,SolarOne,info@solarone.ch,https://www.solarone.ch
539,SolarPlus,info@solar-plus.ch,https://solar-plus.ch
540,Solarsense,info@solarsense.ch,https://solarsense.ch
541,Solarspar,info@solarspar.ch,https://www.solarspar.ch
542,Solarsys,info@solarsys.ch,https://solarsys.ch
543,Solartec Plus,Schweizinfo@solartecplus.ch,https://www.solartecplus.ch
544,SolarTec Rheintal,INFO@solartecrheintal.com,http://www.solartec.ch
545,Solarup Energie,info@solarupenergie.com,https://www.solarup.ch
546,Solarwall,contact@solarwall.com,https://www.solarwall.ch
547,Solarwerk,contact@solarwerk.com,https://www.solarwerk.ch
548,SolBerry,info@solberry.ch,https://www.solberry.ch
549,Solektra,hallo@solektra.ch,https://solektra.ch
550,Solenergy,contact@solenergy.com,https://www.solenergy.ch
551,Soleol,service@soleol.com,https://www.soleol.ch
552,Solevia,info@solevia.ch,https://solevia.ch
553,SolGal,info@solgal.ch,https://solgal.ch
554,Soller-Partner,Info@sollerpartner.com,https://www.soller-partner.ch
555,SoloSolar,info@solosolar.ch,https://www.solosolar.ch
556,Solpic,info@solpic.ch,https://solpic.ch
557,Solplan,info@solplan.ch,https://www.solplan.ch
558,Solstis,info@solstis-energy.ch,https://www.solstis-energy.ch
559,Soltastic,info@soltastic.ch,https://www.soltastic.ch
560,Soltermann Solar,info@soltermann-solar.ch,https://www.soltermann-solar.ch
561,Soltop Energie,info@soltop-energie.ch,https://www.soltop-energie.ch
562,Solvest,info@solvest.ch,http://www.solvest.ch
563,Somiral Energy,service@somiralenergy.com,https://www.somiral.com
564,Sonepar Suisse,contact@soneparsuisse.com,https://www.sonepar.ch
565,Sonnbau,zuercherjuerg@bluewin.ch,https://www.sonnbau.ch
566,Sonnentanz,info@sonnentanz.ch,https://www.sonnentanz.ch
567,Sonnwende,contact@sonnwende.com,https://sonnwende.ch
568,Spinelli,info@spinelli.com,http://spinelli.ch/
569,Spirig Vogel,info@spirigvogel.com,https://www.spirigvogel.ch
570,SSFE,info@ssfe.com,https://www.ssfe.ch
571,Stählin,info@stählin.com,https://www.staehlin-ag.ch
572,Stark Strom,INFO@starkstrom.com,https://stark-strom.ch
573,Staub & Zbinden Elektro,info@staubzbindenelektro.com,https://staub-zbinden.ch
574,STAUB Photovoltaik,info@staubphotovoltaik.com,https://www.staub-photovoltaik.ch
575,Steiner Elektriker,info@steinerelektriker.ch,https://steinerelektriker.ch
576,Steiner Energietechnik,info@sk-energie.ch,https://www.st-energie.ch
577,Steinlin + Partner,contact@steinlinpartner.com,https://www.steinlin.ch
578,STG Energy,contact@stgenergy.com,https://stg-energy.ch
579,Stich Solar,info@stichsolar.ch,https://stichsolar.ch
580,Stierli Solar,info@stierlisolar.ch,https://www.stierlisolar.ch
581,Strassburger,info@strassburger-ag.ch,https://strassburger-ag.ch
582,Strasser Elektro,info@strasserelektro.com,https://strasser-elektro.ch
583,Strausak Holzbau,office@strausak-holzbau.ch,https://www.strausak-holzbau.ch
584,Streule + Alder,info@streulealder.com,https://www.streule-alder.ch
585,Stromlokal,info@stromlokal.com,https://stromlokal.ch
586,Stromwerk,kontakt@stromwerk.ch,https://stromwerk.ch
587,Stuber Spenglerei Lüftungs,info@stuberlueftungen.ch,http://www.stuberlueftungen.ch
588,Sumatrix,info@sumatrix.com,https://www.sumatrix.ch
589,Sun Energy,info@sunenergy-suisse.ch,https://www.sunenergy-suisse.ch
590,Sun Valley,info@sunvalley.com,http://www.sunvalleysarl.ch
591,Sunconnect,fa4d2621de194096984c75b67313a314@sentry.services.wly.ch,https://www.solaranlage-sunconnect.ch
592,Suncontract,info@suncontract.com,https://www.suncontract.ch
593,Sundesign,info@sundesign.com,https://www.sundesign.ch
594,Sunkraft,contact@sunkraft.com,https://www.sunkraft.ch
595,Sunnewind,info@sunnewind.com,https://dcp-energie.ch
596,Sunny Solartechnik (Schweiz),info@sunny-solartechnik.ch,https://www.sunny-solartechnik.ch
597,SunPanel,service@sunpanel.com,https://sunpanel.ch
598,SunTechnics,info@suntechnics.com,https://www.fabrisolar.ch
599,SunVolt,info@sunvolt.com,https://sunvolt.ch
600,Swiss Photovoltaik,service@swissphotovoltaik.com,https://swiss-photovoltaik.ch
601,Swiss Solar City,INFO@SWISS-SOLAR-CITY.CH,https://www.swiss-solar-city.ch
602,Swiss-Green Engineering,service@swissgreenengineering.com,https://www.swiss-green.ch
603,Swiss-Instasolar,info@swiss-instasolar.ch,https://swiss-instasolar.ch
604,Swissolaire,info@swissolaire.ch,https://www.swissolaire.ch
605,SwissSolarDach,info@swisssolardach.com,https://swisssolardach.ch
606,SyEnergy,info@syenergy.ch,https://syenergy.ch
607,Syntegra Solar,info@syntegra-solar.com,https://syntegra-solar.com
608,Systema Solis,info@systema-solis.ch,https://systema-solis.ch
609,Tecdil,info@tecdil.com,https://tecdil.ch
610,Tech Sun,info@tech-sun.ch,https://www.tech-sun.ch
611,Tech-elec,info@tech-elec.ch,https://tech-elec.ch
612,Technosolar,info@technosolar.ch,https://www.technosolar.ch
613,Tenic,info@tenic.ch,https://www.tenic.ch
614,Tera Solar,info@terasolar.ch,https://terasolar.ch
615,Terrier & Strahm,terrier.strahm@gmail.com,https://www.terrier-strahm.ch
616,Theo Michel,mail@michel-dottikon.ch,https://www.michel-dottikon.ch
617,Thoma Dach Spengler Fassade Solar,thoma@thoma-dach.ch,https://www.thoma-dach.ch
618,Tini Toiture,contact@tinitoiture.com,https://www.tini-toiture.ch
619,TLP,info@tlp.com,https://www.tlp.ch
620,TNC Consulting,info@tncconsulting.com,https://www.tnc.ch
621,Top Sun Energy,info@topsunenergy.com,https://www.topsunenergy.ch
622,Tresolar,info@tresolar.com,https://tresolar.ch
623,Tritec,info@tritec-energy.com,https://www.tritec-energy.com
624,Tritec,info@tritec.com,https://www.tritec.ch
625,Urs Bühler,info@ursbühler.com,http://www.buehler-energy.ch
626,Velte Solartechnik,info@velte-solartechnik.ch,https://www.velte-solartechnik.ch
627,Vertic,SERVICE@vertic.com,https://www.vertic.ch
628,VINCI Energies,info@vincienergies.com,https://www.vinci-energies.ch
629,Viteos,info@viteos.com,https://viteos.ch
630,VOé,info@voé.com,https://www.voe.ch
631,Vögelin,info@voegelin.ch,https://voegelin.ch/index.php
632,Volta Swiss,contact@voltaswiss.com,https://voltaswiss.ch
633,Von arx Systems,mail@vonarxsystems.ch,https://www.vonarxsystems.ch
634,VS Solarstrom,info@vs-solarstrom.ch,https://vs-solarstrom.ch
635,W + S Elektro,elektro@ws-ag.ch,https://www.ws-ag.ch
636,W. Durrer Dach & Wand,Kontaktinfo@dach-wand.ch,https://www.dach-wand.ch
637,Wäger,info@elektrowaeger.ch,https://www.elektrowaeger.ch
638,Wagner Haustechnik,contact@wagnerhaustechnik.com,https://wagner-haustechnik.ch
639,Walter Kälin Holzbau,info@kaelin-holzbau.ch,https://kaelin-holzbau.ch
640,Weber,info@weber-dach.ch,https://www.weber-dach.ch
641,Weber Spenglerei,info@spenglereiweberag.ch,https://www.weber-spenglerei-ag.ch
642,Weibel + Sommer Elektro,info@weibelsommerelektro.com,https://www.weibel-sommer.ch
643,Werner Büchel,info@wernerbüchel.com,https://www.buechel.ch
644,Wesba,info@wesba.com,https://www.wesba.ch
645,Willy Gysin,info@gysin-elektro.ch,https://www.gysin-elektro.ch
646,Winasolar,service@winasolar.com,https://winasolar.com
647,WindGate,Info@windgate.com,https://www.windgate.ch
648,Winkelmann Elektro,info@winkelmann-elektro.ch,https://www.winkelmann-elektro.ch
649,Wisler Elektro,info@wislerelektro.ch,https://www.wislerelektro.ch
650,Wunderle Haustechnik,info@wunderleag.ch,https://www.wunderleag.ch
651,Würmli Haustechnik,info@wuermli-ht.ch,https://wuermli-ht.ch
652,Wyder,info@wyder-ag.ch,https://www.wyder-bedachungen.ch
653,Younergy,customer@younergy.ch,https://www.younergy.ch
654,Zagsolar,info@zagsolar.ch,https://www.zagsolar.ch
655,zugsolar,info@zugsolar.com,https://zugsolar.ch
656,Zumstein-Elektro,zumsteinelektro@bluewin.ch,https://www.zumstein-elektro.ch
657,Zurbuchen,service@zurbuchen.com,https://www.zurbuchen.ch
