Number,Company Name,Email,Company Website
1,25energy,info@25energy.com,https://www.25energy.cz
2,2M Energo,contact@2menergo.com,https://www.2menergo.cz
3,3PM Solar Energy,info@3pmsolarenergy.cz,https://www.3pmsolarenergy.cz
4,81 Klima,contact@81klima.com,https://www.81energy.cz
5,AB Elektro,service@abelektro.com,https://www.abelektro.com
6,Abisun,info@abisun.cz,https://abisun.cz
7,ABQ,info@abq.com,http://www.abq-solar.eu
8,AC Heating,info@ac-heating.cz,https://www.ac-heating.cz
9,AC Solar,Info@acsolar.com,https://www.acsolar.cz
10,ACDC Systems,info@acdcsystems.cz,https://www.acdcsystems.cz
11,Acetex,info@acetex.cz,https://acetex.cz
12,Aden,INFO@aden.com,https://www.aden.cz
13,Advanced Solar,info@advancedsolar.com,https://advancedsolar.cz
14,AE Energie,info@ae-energie.cz,https://www.ae-energie.cz
15,Agile Europe,service@agileeurope.com,http://www.agile-europe.com
16,AJ-Solar,service@ajsolar.com,https://www.aj-solar.cz
17,ALBA Energy,info@albaenergy.cz,https://albaenergy.cz
18,Alfa Solar,info@alfasolar.com,https://www.alfa-solar.cz
19,AlphaLighting,info@alphalighting.cz,https://www.alphalighting-led.com
20,Alter-eko,a7baede844d278b89dc95ae0a9123@sentry-next.wixpress.com,https://www.alter-eko.cz
21,Alterm,info@alterm.com,http://www.alterm.cz
22,Alternative Energy Systems,info@alternativeenergysystems.com,https://www.aleners.com
23,Alufront,info@alufront.com,https://www.alufront.cz
24,Amsoft,service@amsoft.com,https://amsoft-ova.cz
25,AMV Czech,martin@amvczech.cz,https://www.amvczech.cz
26,Andrew Solar Energy,info@andrewsolarenergy.com,https://www.solarynastrechy.cz
27,Anerge,info@anerge.com,https://www.anerge.cz
28,ARPEG,info@arpeg.cz,https://www.arpeg.cz
29,AS Construction,info@asconstruction.com,https://www.asc.solar
30,AS-Elektro,contact@aselektro.com,http://www.aselektro.cz
31,Asci Com,contact@ascicom.com,https://www.ascicom.cz
32,Asolacz,info@asolacz.com,https://www.asola.cz
33,Atlantis,info@atlantis.com,https://www.atlantism.com
34,AVIS Solar,service@avissolar.com,https://avis-solar.cz
35,Axiom Power,prodej@axiom-power.cz,https://www.axiom-power.cz
36,Azep,info@azep.com,http://azep.cz
37,AZsolar,info@azsolar.com,https://azsolar.cz
38,Baghirra,manychova@baghirra.cz,https://www.baghirra.cz
39,Baratech,info@baratech.cz,https://www.baratech.cz
40,Battery Charger CZ,info@batterychargercz.com,https://www.bch-battery.cz
41,BCE,info@bce.cz,https://www.bce.cz
42,Belo Solar Power,info@belosolar.cz,https://www.belosolar.cz
43,Bencos Energy,info@bencos.cz,https://www.bencos-energy.cz
44,beSolar,info@besolar.cz,https://www.besolar.cz
45,Bezva Solar,service@bezvasolar.com,https://www.bezvasolar.cz
46,BHT,info@tepelnacerpadla-carrier.cz,https://tepelnacerpadla-carrier.cz
47,Bidli,info@bidli.cz,https://www.bidli.cz
48,BK Instal,info@bkinstal.cz,https://www.bkinstal.cz
49,BMSJ Elektro,info@bmsj.cz,https://www.bmsjelektro.eu
50,Buzzing Lines,info@bzlines.cz,http://www.buzzinglines.cz
51,Carrier,carrierpm@carrierpm.cz,https://www.carrierpm.cz
52,Česká solární,info@českásolární.com,https://www.ceska-solarni.cz
53,České Slunce Servisní,service@českéslunceservisní.com,https://www.ceskeslunce.cz
54,ČEZ,vyrobny@cez.cz,https://www.cez.cz
55,Chlazení Nečas,obchod@chlazeni-necas.cz,https://www.chlazeni-necas.cz
56,Coleman S.I.,fotovoltaika@coleman.cz,https://www.coleman-fotovoltaika.cz
57,Colsys,fve@colsys.cz,https://fotovoltaika.colsys.cz
58,Cristela,info@cristela.cz,https://cristela.cz
59,CTC Energy,info@ctcenergy.cz,https://www.ctcenergy.cz
60,Cup Elektro,info@cup.cz,https://www.cup.cz
61,Czech Nature Energy,info@cne.cz,https://www.cne.cz
62,D2P Partners,info@d2ppartners.com,https://d2p-partners.cz
63,DALU,info@dalu.cz,http://dalu.cz
64,David Altmann,info@davidaltmann.com,https://www.davidaltmann.cz
65,David Štička,fvsystemy@gmail.com,https://www.sticka.cz
66,Digi Sound,CONTACT@digisound.com,https://www.digisound.as
67,Digibro,info@digibro.cz,https://www.digibro.cz
68,Domácí Elektrárna,info@domacielektrarna.cz,https://domacielektrarna.cz
69,Domací Fotovoltaika,info@domacífotovoltaika.com,https://domacifotovoltaika.cz
70,Domov Gold Power,info@domovgp.cz,https://www.domovgp.cz
71,DomySolar,info@domysolar.cz,https://www.domysolar.cz
72,Dražice Solar,info@dzd.cz,https://www.dzd-solar.cz
73,Drieling,info@drieling.com,https://www.drieling.cz
74,Dům Soláru,info@důmsoláru.com,https://dumsolaru.cz
75,E Plus,e-plus@e-plus.cz,https://www.e-plus.cz
76,E.T.B. Solar,service@etbsolar.com,https://www.etb-solar.cz
77,Ecoamper Group,energie@ecoamper.cz,https://ecoamper.cz
78,EcoSun Systems,obchod@ecosun.cz,https://www.ecosun.cz
79,EFOTON,service@efoton.com,https://efoton.cz
80,Eicero,sales@eicero.cz,https://www.eicero.cz
81,Eichl Elektro,andrejeichl@gmail.com,http://www.eichl-elektro.eu
82,Ekoproud,info@ekoproud.com,http://www.ekoproud.cz
83,Ekotechnik Czech,ekotechnik@ekotechnik.cz,https://www.ekotechnik.cz
84,Ekotop-CB,info@ekotop-cb.cz,https://www.ekotop-cb.cz
85,El-Plus,info@elplus.cz,http://www.elektromontaze-liberec.cz
86,Elben Energy,info@elbenenergy.com,http://www.elbenenergy.cz
87,Electra Power,info@enpa.cz,https://enpa.cz
88,Elektro Euron,info@elektro-euron.cz,http://www.elektro-euron.cz
89,Elektro Krša,info@elektrokrsa.eu,https://www.elektrokrsa.eu
90,Elektro Legát,legat.milan@seznam.cz,https://elektro-legat.webnode.cz
91,Elektro Mleziva,info@elektromleziva.com,https://www.elektromleziva.cz
92,Elektro Procházka,info@elektroprocházka.com,https://www.elektro-prochazka.cz
93,Elektro UH,elektrouh@elektrouh.cz,https://www.elektrouh.cz
94,Elektro-FA. Pavelek,info@elektrofapavelek.com,https://www.epavelek.cz
95,Elektro-Flexi,pgalda@elektroflexi.cz,https://elektroflexi.cz
96,Elektro-M,info@elektrom.com,https://www.elektro-m.cz
97,Elektro-tour,elektrotour@gmail.com,https://www.elektrotour.eu
98,Elektrokom-JM,elektrokom@centrum.cz,https://www.elektrokom.eu
99,Elektromontáže Petr Dospěl,info@elektromontážepetrdospěl.com,http://www.elektrodospel.cz
100,Elgas Energy,info@virtualenergy.cz,https://elgasenergy.cz
101,Elmonto,parizek@elmonto.cz,https://www.elmonto.cz
102,Elmos,elmos@elmostrutnov.cz,https://www.elmostrutnov.cz
103,Elmos Liberec,elmos@elmos.cz,https://elmos.cz
104,Elpe,elpe@elpe.cz,https://www.elpe.cz
105,Elpekom,info@elpekom.cz,https://elpekom.cz
106,Elpros,info@elpros.com,https://elpros-praha.cz
107,ELS Elektro,mhxg7celektrostredisko@elektrostredisko.cz,https://www.elektrostredisko.cz
108,Elseremo,contact@elseremo.com,https://elseremo.cz
109,Elspomont,elspomont@elspomont.cz,http://www.elspomont.cz
110,Elyn Energie,service@elynenergie.com,https://www.elyn-energie.cz
111,Enerfin Plus,contact@enerfinplus.com,https://www.enerfinplus.cz
112,Energ-Servis,CZ25551132poptavky@energservis.cz,https://www.energservis.cz
113,Energamo,energamo@energamo.com,https://www.energamo.com
114,Energie do domu,info@edd.cz,https://www.edd.cz
115,Energie Solar,info@energiesolar.com,https://energie-solar.cz
116,Energie-Vsem,info@energievsem.com,https://energie-vsem.cz
117,EnergieZS,info@energiezs.cz,https://energiezs.cz
118,Energo Impact,info@energoimpact.com,https://www.energo-impact.cz
119,Energo NWT,nobchod@energonwt.cz,https://energo.nwt.cz
120,Energofinal,info@energofinal.cz,https://www.energofinal.cz
121,EnergoSolar,info@energosolar.cz,https://www.energosolar.cz
122,Energy 4 Home,office@energy4home.cz,https://www.energy4home.cz
123,Energy ForEver,info@energyforever.cz,http://www.energyforever.cz
124,Enstore,pavel.musil@enstore.cz,https://enstore.cz
125,Envi Energy,info@envi-energy.cz,https://www.envi-energy.cz
126,Envo,envo@envo.cz,https://envo.cz
127,Eogen Servis,info@eogenservis.cz,http://www.eogenservis.cz
128,EPŽ ČR,info@energieprozivot.eu,https://energieprozivot.eu
129,Evonaqo,info@evonaqo.cz,https://www.evonaqo.cz
130,Evora,info@evora.cz,https://www.evora.cz
131,EWA Systems,INFO@ewasystems.com,https://www.ewa-systems.cz
132,Exirta,krysl@exirta.cz,https://www.exirta.cz
133,Fames,info@fames.cz,https://www.fames.cz
134,Ferrit Energy,info@ferritenergy.com,https://ferritenergy.cz
135,Ferromet,info@ferromet.com,https://www.ferromet.cz
136,FFS Energy,info@ffs-energy.cz,https://ffsenergy.cz
137,Finoz,Info@finoz.com,http://www.finoz.cz
138,Foten,info@foten.cz,https://www.foten.cz
139,Fotovolt system,contact@fotovoltsystem.com,https://www.fotovoltsystem.cz
140,Fotovoltaické Stavby,contact@fotovoltaickéstavby.com,http://www.solarnistavebnice.cz
141,Fotovoltaik,mfotovoltaik.cz@gmail.com,https://www.fotovoltaik.cz
142,Fotovoltaika Benekov,info@fotovoltaikabenekovesco.cz,https://fotovoltaikabenekovesco.cz
143,Fotovoltaika Pardubice,info@fotovoltaikapardubice.com,https://fotovoltaika-pardubice.cz
144,FotovoltaikaHD,podpora@fotovoltaikahd.cz,https://fotovoltaikahd.cz
145,Fotovolty,info@fotovolty.cz,https://www.fotovolty.cz
146,Freitag Project Development,contact@freitagprojectdevelopment.com,https://www.freitag-eu.cz
147,FT Solar,kubes@ftsolar.cz,https://ftsolar.cz
148,FTZ,info@ftz.com,http://www.ftz.cz
149,Futurae Vitae,info@futuraevitae.com,https://fuve.cz
150,FuzzyCorp,chci@solarynaklic.cz,https://www.solarynaklic.cz
151,FVE – HK,hlubucekmartin@seznam.cz,https://www.fve-hk.cz
152,Fve Czech,decci@decci.cz,https://www.decci.cz
153,FVE Solutions,service@fvesolutions.com,https://fvesolutions.cz
154,FVE-System,service@fvesystem.com,https://fve-system.cz
155,Fve4Rd,service@fve4rd.com,https://www.fve4rd.cz
156,FVS,info@fvs1.cz,https://www.fvs1.cz
157,Fynyty - FVE,KONTAKTinfo@fynyty-fve.cz,https://www.fynyty-fve.cz
158,Galimed,info@galimed.com,https://www.galimed.cz
159,Galvena,galvena@galvena.cz,http://www.galvena.cz
160,GBC Renesys,info@gbc-renesys.eu,https://www.gbc-renesys.cz
161,Genius FVE,info@geniusfve.cz,https://geniusfve.cz
162,Gigasolar,info@gigasolar.com,https://gigasolar.cz
163,Golden Sun Power,info@goldensunpower.com,https://goldensunpower.cz
164,GoldenSUN.energy,service@goldensunenergy.com,https://goldensun.energy
165,Gottwald,dekinfo@fotovoltaika-gottwald.cz,https://www.fotovoltaika-gottwald.cz
166,Green Energy Solution,info@greenes.cz,http://www.greenes.cz
167,Green Force,breda@greenforce.cz,https://www.greenforce.cz
168,Green Home Energy,honzaminarik4204@seznam.cz,https://homeenergy.cz
169,Greenbuddies,info@greenbuddies.com,http://www.greenbuddies.eu
170,GreenCzech,info@greenczech.com,https://www.greenczech.cz
171,GreenDrop,lucies@greendrop.cz,https://www.greendrop.cz
172,Greensie,info@greensie.com,https://www.greensie-fotovoltaika.cz
173,Greeny,info@greeny.com,https://greenycesko.cz
174,GSP,contact@gsp.com,https://greensolarpower.cz
175,GT Solar Power,Inc.info@gtsolarpower.com,https://www.gtsolarpower.com
176,Gvservis,info@gvservis.cz,https://www.gvservis.cz
177,H-Solar,info@h-solar.cz,https://www.h-solar.cz
178,H+D Elektromontáže,info@hd-elektro.cz,https://www.hd-elektro.cz
179,HC Kredit,hckredit@hckredit.cz,https://hckredit.cz
180,HE,servis@horaenergy.cz,https://www.horaenergy.cz
181,Hegas,info@hegas.com,https://www.hegas.cz
182,Heinz-Elektro,info@heinzelektro.com,https://www.heinz-elektro.cz
183,Heko Group,info@hekogroup.com,https://www.heko-group.cz
184,Helion CZ,info@helion.cz,https://helion.cz
185,Helios Solution,info@heliossolution.cz,https://heliossolution.cz
186,HQ Line,info@hqline.com,https://www.hqline.com
187,Hyánek,elektro@hyanek.cz,https://hyanek.cz
188,IDB Solar,obchod@idb-solar.cz,https://idb-solar.cz
189,IGTech,poptavky@igtech.cz,https://www.igtech.cz
190,Ilios,obchod@ilios.cz,https://ilios.cz
191,Imosys,martin.obst@imosys.cz,http://www.imosys.cz
192,INEL,inel@inel.cz,https://www.inel.cz
193,Iner,iner@iner.cz,https://www.iner.cz
194,Innogy,info@innogy.com,https://fotovoltaika.innogy.cz
195,Insight Energy,solar@InsightEnergy.eu,https://www.insightenergy.solar
196,Instalace Praha,info@instalacepraha.com,http://www.instalace.cz
197,Instalprofi,info@instalprofi.com,http://www.instalprofi.cz
198,INTV Solar,solar@intv.cz,https://www.intvsolar.cz
199,Isofen Energy,info@isofenenergy.cz,http://www.isofenenergy.cz
200,Istasolar,info@ista-solar.eu,https://www.istasolar.cz
201,J&V EcoConsult,service@jvecoconsult.com,https://www.jvecoconsult.cz
202,Janovský Elektro,manager@janovsky-elektro.cz,https://www.janovsky-elektro.cz
203,Jezl Elektro,petr@elektrojezl.cz,https://www.elektrojezl.cz
204,JK-Solar,info@jksolar.com,https://www.jk-solar.cz
205,Joyce Čr,info@joycečr.com,https://www.joyce-energie.cz
206,Jt Eko Solar,Service@jtekosolar.com,http://www.jt-eko.cz
207,K+B Elektro-Technik,kbelektro@kbelektro.cz,https://www.kbelektro.cz
208,Kaska,info@kaska.com,https://www.kaska.eu
209,Kavoj Kovovýroba,service@kavojkovovýroba.com,https://fotovoltaika.kavoj.cz
210,Keep Building,info@keepbuilding.com,https://www.keepbuilding.cz
211,Klempirstvi Kohut,info@klempirstvikohut.cz,https://www.klempirstvikohut.cz
212,Klimakom Energy,contact@klimakomenergy.com,https://www.klimakomenergy.cz
213,Klimawest,contact@klimawest.com,https://www.klimawest.cz
214,Konex,info@solarobchod.cz,https://www.solarobchod.cz
215,Korola,info@korola.com,https://www.korola-elektro.cz
216,Kosmo,sales@kosmosolar.eu,https://www.kosmosolar.eu
217,KS Energy,info@ksenergy.cz,https://www.ksenergy.cz
218,KVE-mont,info@kvemont.cz,http://www.kvemont.cz
219,Lady Sol,info@ladysol.com,http://ladysol.eu
220,Lama Energy,zakaznik@lamaenergy.cz,https://www.lamaenergy.cz
221,Lama Solar,info@lamasolar.com,https://lamasolar.cz
222,LH Energy,contact@lhenergy.com,https://www.lh-energy.cz
223,LQ Střechy,info@lqstrechy.cz,https://www.lqstrechy.cz
224,LSK Green Group,info@lskgreengroup.com,https://www.lskgreengroup.com
225,Luboš Holub,holubstrechy@cmail.cz,https://www.holubstrechy.cz
226,Lucius Fox Engineering,service@luciusfoxengineering.com,https://www.lucius-fox.cz
227,LUKY system,LUKYsystem@seznam.cz,https://www.lukysystem.cz
228,Lunek,info@lunek.cz,https://www.lunek.cz
229,Mallarisun,info@mallarisun.cz,https://mallarisun.cz
230,Marco Energy,info@marcoenergy.com,https://www.marco-energy.cz
231,Marvolt,info@marvolt.cz,https://marvolt.cz
232,Matru,service@matru.com,https://www.matru.cz
233,Mayle Energy,info@mayleenergy.com,https://www.mayle.cz
234,MC Elektro,fve@mcelektro.cz,https://mcelektro.cz
235,MDK Energy,info@mdkenergy.eu,https://www.mdkenergy.eu
236,Mega-Sunshine,kancelar@mega-sunshine.cz,http://www.mega-sunshine.cz
237,Mentari Green,info@mentari.cz,https://www.mentari.cz
238,Micronic,obchod@micronic.cz,https://www.micronic.cz
239,Micronix,eshop@micronix.cz,https://www.micronix.cz
240,Midatech,glazer@midatech.cz,https://www.midatech.cz
241,Milan Vaniš,mil.vanis@seznam.cz,https://www.milanvanis.cz
242,Miloš Šic,sluzby@sicmilos.cz,http://www.sicmilos.cz
243,Minext Pro,service@minextpro.com,https://www.minext.cz
244,Mira,info@mira.com,https://www.mirabrno.cz
245,MMM- Solar,solarnitechnika@seznam.cz,http://www.solarnitechnika.info
246,MUJ Solar,contact@mujsolar.com,https://www.fotovoltaika.cool
247,MV Projekt Klatovy,info@mvprojektklatovy.com,http://www.mv-projekt.cz
248,Nano Solar,info@nanosolar.com,https://www.nanosolar.eu
249,Nelumbo,info@nelumbo.com,https://www.nelumbo.cz
250,NEO Power,podpora@neopower.cz,https://www.neopower.cz
251,Neon Partner,contact@neonpartner.com,https://www.neonpartner.cz
252,New Home Invest,info@nhinvest.cz,https://www.nhinvest.cz
253,NH Solar,nhsolars@gmail.com,https://nhsolar.cz
254,Nobility,nobility@nobility.cz,https://nobility.cz
255,Novasave,info@novasave.cz,https://www.novasave.cz
256,Novotný Elektronik,Info@novotnýelektronik.com,https://www.novotnyelektronik.cz
257,Olympia Energy,info@olympiaenergy.com,https://olympiaenergy.cz
258,OMNY,info@omny.cz,https://www.omny.cz
259,Operis,fve@operis.cz,https://operis.cz
260,Optimal Power,info@optimalpower.com,https://optimalpower.cz
261,Ostrovní Elektrárny,info@ostrovni-elektrarny.cz,https://www.ostrovni-elektrarny.cz
262,OZE Solar,info@ozesolar.com,http://www.ozesolar.cz
263,Pbsolar,contact@pbsolar.com,http://www.pbsolar.cz
264,Peebee,dostijohanna.prokopova@peebee.cz,https://peebee.cz
265,PENTO,pento@pento.cz,https://www.pento.cz
266,PePaSol,pavel.lucan@pepasol.cz,https://www.pepasol.cz
267,Pešek & Mudra,info@pesekmudra.cz,https://www.pesekmudra.cz
268,Petr Los,info@petrlos.com,http://www.los-ec.eu
269,Petralaan,obchod@petralaan.cz,https://www.petralaan.cz
270,Photon Energy Group,info@photonenergygroup.com,https://www.photonenergy.cz
271,Planergy,jakub.tenzer@planergy.cz,https://planergy.cz
272,Pluto Energy,info@plutoenergy.com,http://www.plutoenergy.com
273,Pokrývačství Bušta,info@pokrývačstvíbušta.com,http://www.busta.cz
274,Polabské Dotace,popelak@polabske-dotace.cz,https://www.polabske-dotace.cz
275,Porsyl Systém,projekty@porsyl.cz,http://www.porsyl.cz
276,Postavime,service@postavime.com,https://www.postavime.eu
277,Power Energy Innovations,info@pwe-in.cz,https://www.pwe-in.cz
278,Pražská Energetika,contact@pražskáenergetika.com,https://www.pre.cz
279,Profialarm,info@profialarm.cz,https://www.profialarm.cz
280,Profilak Group,service@profilakgroup.com,https://www.profilak-group.com
281,Profisun Energy,info@profisun.cz,https://profisun.cz
282,Profit Solar,contact@profitsolar.com,https://www.profitsolar.cz
283,Project Zero,info@projectzero.cz,https://www.projectzero.cz
284,Projinstal Plzeň,INFO@projinstalplzeň.com,http://www.projinstal.cz
285,Prosolar,info@prosolar.cz,https://www.prosolar.cz
286,Protech Group,info@protech-group.cz,https://www.protech-group.cz
287,Protech Solar,info@protechsolar.cz,https://protechsolar.cz
288,Protection & Consulting,info@protectionconsulting.com,https://www.protection.cz
289,ProTrading,contact@protrading.com,https://protrading.cz
290,PSD,psd@psdelektro.cz,https://www.psdelektro.cz
291,PVS,fakturace@pvsplus.cz,https://pvserviceplus.cz
292,Radek Holý,elektromont.radek@seznam.cz,https://www.elektromont-radek.cz
293,RaTi Elektro,racek@rati.cz,https://www.rati.cz
294,Ravont Solar,info@ravontsolar.cz,https://ravontsolar.cz
295,Rayo,info@rayo.cz,https://www.rayo.cz
296,RD Solar,info@rdsolar.cz,https://www.rdsolar.cz
297,ReEnergy,service@reenergy.com,https://reenergy.cz
298,Regam,info@regam.cz,http://www.regam.cz
299,Renastav,renastav@renastav.cz,http://renastav.cz
300,Renerga Solutions,info@renerga.cz,https://www.renerga.cz
301,Renergo Tech,info@renergotech.cz,https://renergotech.cz
302,Revamont,Contact@revamont.com,http://www.revamont.cz
303,Revital Energy,revital@revital-energy.cz,https://www.revital-energy.cz
304,reWATT,obchod@rewatt.cz,https://www.rewatt.cz
305,RH Elektro,sekretariat@rhelektro.com,https://rhelektro.com/fotovoltaika/
306,RMC Stavby,info@rmcstavby.com,https://rmc-stavby.cz
307,Rufy PV,contact@rufypv.com,https://rufypv.cz
308,S-Power,info@s-power.cz,https://www.s-power.cz
309,S.W.H. Group,info@swhgroup.eu,https://www.swhgroup.eu
310,S&P innotec,service@spinnotec.com,https://www.spinnotec.cz
311,Safima,info@safima.com,https://www.safimagroup.cz
312,Sajdok Elektro,info@sajdokelektro.com,https://sajdokelektro.cz
313,Sany,info@sany.cz,https://www.sany.cz
314,Sattech,info@sattech.cz,https://sattech.cz
315,Satturn Holesov,satturn@satturn.cz,https://www.satturn.cz
316,Schlieger,info@web.schlieger.cz,https://schlieger.cz
317,Sefy,info@sefy.cz,https://sefy.cz
318,Servis Solar,solarlk@seznam.cz,https://www.servissolar24.cz
319,SIFE,Brodinfo@sife.cz,https://www.sife.cz
320,Silektro,INFO@silektro.com,https://www.silektro.cz
321,Simply,online.info@simply.cz,https://www.simply.cz
322,Slunsola SE,obchod@slunsola.cz,https://www.slunsola.cz
323,Smart Phoenix,info@smartphoenix.com,https://www.smartphoenix.cz
324,Soelso,info@soelso.com,http://www.soelso.cz
325,Solar Baron,info@solarbaron.com,https://solar-baron.cz
326,Solar Bohemia,info@solarbohemia.com,https://www.solarbohemia.cz
327,Solar Brothers,pavel.k@solarbrothers.cz,https://www.solarbrothers.cz
328,Solar Bryka,info@solarbryka.com,https://www.solarbryka.cz
329,Solar Energy Unlimited,Info@solarenergyunlimited.com,https://www.solareu.cz
330,Solar Global,info@solarglobal.cz,https://www.solarglobal.cz
331,Solar Gods,info@solargods.cz,https://www.solargods.cz
332,Solar Living,info@solarliving.com,https://www.solarliving.cz
333,Solar NG,service@solarng.com,http://www.solarng.cz
334,Solar Partner,info@solarnipartner.cz,https://solarnipartner.cz
335,Solar Planet,info@solarplanet.com,https://www.solarplanet.biz
336,Solar Save,info@solarsave.cz,https://www.solarsave.cz
337,Solar Solution,info@solarsolution.com,https://solar-solution.cz
338,Solar Techtrade Praha,info@solartechtrade.cz,https://www.solartechtrade.cz
339,Solar-Elektro,info@solar-elektrarna.cz,https://www.solar-elektro.cz
340,SolarBase,info@solarbase.cz,https://www.solarbase.cz
341,Solarbeam,info@solarbeam.com,https://www.solarbeam.cz
342,SolarCell,info@solarcell.com,http://www.solarcellinfo.cz
343,SolarCo,contact@solarco.com,http://www.solar-co.cz
344,Solarel,info@solarel.com,https://solarelsro.cz
345,Solarenvi,pilar@plosab.cz,https://www.solarenvi.cz
346,Solarfix,service@solarfix.com,http://www.solarfix.cz
347,Solarfy,info@solarfy.cz,https://solarfy.cz
348,SolarHome,service@solarhome.com,https://www.solarhome.cz
349,Solaring,info@solaring.com,https://www.solaring.cz
350,Solarinvest,poptavky@solarinvest.cz,https://www.solarinvest.cz
351,SolarkocikConstruction,info@solarkocikconstruction.eu,https://solarkocikconstruction.eu
352,Solarkonastrechu,info@solarkonastrechu.cz,https://www.solarkonastrechu.cz
353,Solarmac,info@solarmac.com,https://solarmac.webnode.cz
354,Solarmont,info@solar-mont.cz,https://solar-mont.cz
355,SolarniReseni,info@solarnireseni.cz,https://solarnireseni.cz
356,Solarplan,CONTACT@solarplan.com,https://www.solarplan.cz
357,SolarPro,solar.pro@email.cz,http://www.solarpro.cz
358,SolarQ,info@solarq.cz,https://www.solarq.cz
359,Solars,contact@solars.com,https://www.solars.cz
360,Solartec,info@solartec.eu,https://solartec.eu
361,Soláry Chytře,SERVICE@solárychytře.com,https://www.solary-chytre.cz
362,Solek,info@solek.com,https://www.solek.com
363,Solengen,info@solengen.cz,https://solengen.cz
364,Solergy,info@solergy.com,https://solergy.cz
365,SolidSun,info@solidsun.com,https://www.solidsun.cz
366,Sollaris,info@sollaris.com,https://www.sollaris.cz
367,SOLSOL,info@solsol.com,https://www.solsol.cz
368,Solution Energy,office@solution-energy.cz,https://www.solution-energy.cz
369,SOMI,info@somias.cz,https://somias.cz
370,Sonea,info@sonea.com,https://www.sonea.cz
371,Sorian,info@sorian.cz,https://www.sorian.cz
372,Sparkinvest,info@sparkinvest.com,https://solarpark.cz
373,ST Alternative Energy,info@stae.cz,https://www.stae.cz
374,Stamp Uni,info@solarkv.cz,https://www.solarkv.cz
375,Stand By Energy,info@standbyenergy.com,https://www.fveplzen.cz
376,Strechy Šot,obchod@strechy-sot.cz,https://www.strechy-sot.cz
377,Střechy Vaníček,info@strechy-vanicek.cz,https://www.strechy-vanicek.cz
378,Sun 4 Power,info@sun4power.cz,https://www.sun4power.cz
379,Sun Assist,info@sunassist.cz,https://www.sunassist.cz
380,Sun Krystal,Info@sunkrystal.com,https://sunkrystal.cz
381,Sun Pi,info@sunpi.com,https://www.sunpi.cz
382,SunBrothers,info@sunbrothers.cz,https://sunbrothers.cz
383,Sunfin,poptavkyFVE@sunfin.cz,https://www.sunfin.cz
384,Sunios,info@sunios.com,https://www.sunios.cz
385,SunLife Energy,service@sunlifeenergy.com,https://sunlife.cz
386,Sunlink,info@sunlink.cz,https://sunlink.cz
387,Sunlite Technologies,info@sunlite.cz,https://sunlite.cz
388,Sunlux,s.r.o.info@sunlux.cz,https://www.sunlux.cz
389,Sunmander,info@sunmander.com,https://www.sunmander.cz
390,Sunmill,jakub.mlejnek@sunmill.cz,https://sunmill.cz
391,Sunnytech,info@sunnytech.eu,https://sunnytech.eu
392,Sunus,sunus@sunus.cz,https://www.sunus.cz
393,Sunwork,poptavka@sunwork.cz,https://sunwork.cz
394,Sup-Technik,info@suptechnik.cz,https://suptechnik.cz
395,Svoboda A Syn,info@svobodaasyn.com,https://www.sasbrno.cz
396,SVP Solar,info@svp-solar.cz,https://www.svp-solar.cz
397,Systep,info@systep.com,https://www.systep.cz
398,Techniart Servis,service@techniartservis.com,https://www.techniart.cz
399,Technologie Budov,info@technologie-budov.cz,https://www.technologie-budov.cz
400,Teplo-Chlad,info@teplo-chlad.cz,https://www.teplo-chlad.cz
401,Terms,Info@terms.com,
402,Tersys,sales@tersys.cz,https://www.tersys.cz
403,TIPA Solar,info@tipasolar.cz,https://www.tipasolar.cz
404,TIPA Telekom,info@tipatelekom.com,https://www.tipatelekom.cz
405,Top-Envi Tech Brno,emise@topenvi.cz,https://topenvi.cz
406,Topsolars.com,info@topsolars.com,https://topsolars.com
407,Transference,info@transference.cz,https://transference.cz
408,Treals MP,Info@trealsmp.com,https://www.treals.cz
409,Tribase Arch,contact@tribasearch.com,https://www.tribase.cz
410,Trienergo,info@trienergo.com,https://www.trienergo.cz
411,Tronenergy,kontakt@tronenergy.eu,https://www.tronenergy.eu
412,TWI spol,twi@twi.cz,https://www.twi.cz
413,Unifast Solar,unifast@unifast.cz,https://www.unifastsolar.cz
414,Unifin - Klima,jats@unifin-klima.cz,https://www.unifinklima.cz
415,Valorem Energy,info@valoremenergy.com,https://valoremenergy.cz
416,Vega,service@vega.com,http://www.elektrovega.cz
417,Vektor Energy,info@vektor-energy.cz,http://www.vektor-energy.cz
418,ViaPower sro,info@viapowersro.com,https://www.viapower.cz
419,VK Technik,vktechnik@vktechnik.cz,https://www.vktechnik.cz
420,Voltin,info@voltin.com,https://www.voltin.cz
421,VS Elektro Komplet,service@vselektrokomplet.com,https://www.vselektrokomplet.cz
422,VV&J,vvaj@vvaj.cz,http://www.vvaj.cz
423,Watthouse,info@watthouse.cz,https://watthouse.cz
424,Woltair,info@woltair.cz,https://www.woltair.cz
425,YellowSun,info@yellowsun.com,https://www.yellowsun.cz
426,Západočeská Fotovoltaická,info@zapadoceskafotovoltaicka.cz,https://www.zcf.cz
427,Zape Elektro,zape@zapeelektro.cz,http://www.zapeelektro.cz
428,Zero Living,obchod@zeroliving.cz,https://www.zeroliving.cz
429,Zeus Technics,info@zeustechnics.com,https://www.zeustechnics.cz
