Number,Company Name,Email,Company Website
1,123 Solar,info@123solar.com,https://www.123-solar.be
2,A.E.S.,info@aes.com,https://www.aes-elektriciteit.be
3,A.G. Dakwerken Alain Geens,info@agdakwerkenalaingeens.com,https://www.agdakwerken.be
4,A&J Electric,contact@aj-electric.be,https://www.aj-electric.be
5,A2 Toit,info@a2toit.be,https://www.a2toit.be
6,Abcool Tech,info@abcool.be,https://www.abcool.be
7,ABo-EleCo,contact@aboeleco.com,https://www.abo-eleco.be
8,Absytech,info@absytech.com,https://www.absytechenergie.be
9,Aclisol,info@aclisol.be,https://www.aclisol.be
10,ACR Energie,info@acr-energie.be,https://www.acr-energie.be
11,ACtion Miroir,info@actionmiroir.com,https://www.actionmiroir.com
12,AD Technics,info@ad-technics.be,https://ad-technics.be
13,Adec Electro,info@adecelectro.be,https://www.adecelectro.be
14,ADN-RJ,info@adnrj.com,https://www.adn-rj.be
15,Advanced Energy,landerresseler@advancedenergy.be,https://advancedenergy.be
16,Advenso,team@advenso.be,https://www.advenso.be
17,Aendekerk,info@aendekerk.com,https://www.aendekerk.be
18,Aetec,info@aetec.be,https://aetec.be
19,AEW Kalders,info@aewkalders.com,https://www.aewkalders.be
20,AF Energy,info@afenergy.be,https://afenergy.be
21,AFES,info@afes.be,https://www.afes.be
22,Agile Technics,info@agiletechnics.be,https://agiletechnics.be
23,Alfasun,info@alfasun.be,https://alfasun.be
24,Alkaman Solutions,info@alkamansolutions.be,https://alkamansolutions.be
25,All Solar,info@allsolar.com,https://www.allsolar.be
26,All your Energy Solutions,info@allyourenergysolutions.com,https://allyourenergysolutions.be
27,Almati Solutions,Info@almati.be,https://almati.be
28,Alrasol,info@alrasol.be,https://alrasol.be
29,Alrootel,info@alrootel.com,https://alrootel.businessbooster.website
30,Alter Energies,info@alterenergies.com,https://www.alter-energies.be
31,AlterElectra,info@alterelectra.com,http://www.alterelectra.be
32,Alyatech,info@alyatech.be,https://www.alyatech.be
33,Ameel Koeltechniek,info@ameel-technics.be,https://www.ameel-technics.be
34,Amoovo Energy,TOM@amoovo.com,https://www.amoovo.com
35,Aquation,marc.joiret@aquation.be,https://www.aquation.be
36,AR&B Solar,info@arnb-solar.be,https://www.arnb-solar.be
37,Ardenne Energie,info@ardenneenergie.com,https://www.ardenne-energie.com
38,Arkwabo,Info@arkwabo.com,https://arkwabo.be
39,ARS-Dakwerken,info@arsdakwerken.com,https://www.ars-dakrenovatie.be
40,Arsol,info@arsol.com,http://www.arsol.be
41,Aspeslagh,contact@aspeslagh.com,https://www.aspeslaghdeinze.be
42,Atom Solar,info@atomsolar.com,https://www.atom.be
43,ATS,info@ats.com,http://www.atsbvba.be
44,Avci Elektrotechniek,finance@yools.be,http://avci-elektro.be
45,Avipko,service@avipko.com,https://www.avipko.be
46,Azelec,info@azelec.be,https://azelec.be
47,B-M Energy,hello@bmenergy.be,https://www.bmenergy.be
48,B&M Invest,bart@bnminvest.be,https://bnminvest.be
49,Balteau,info@balteau-ie.be,https://www.balteaugroup.eu
50,Balti Solar,info@baltisolar.com,https://www.baltisolar.be
51,Barisco Energy,info@barisco.be,https://barisco.be
52,Bart Meers,info@bartmeers.be,https://bartmeers.be
53,Bart Van Hauwermeiren,info@bartvanhauwermeiren.be,https://bartvanhauwermeiren.be
54,Bastin Elektrotechnik,klinkenberg@bastin-elektrotechnik.be,https://bastin-elektrotechnik.be
55,BATidéal Energy,info@batidéalenergy.com,https://batidealenergy.be
56,Batimont,contact@batimont.com,https://www.batimont.be
57,BatiPro Energy,info@batiproenergy.com,https://batipro-energie.be
58,Batisol,info@batisol.be,https://www.batisol.be
59,Bay-Tec,info@baytec.com,https://www.bay-tec.be
60,BB Works,bruno@bb-works.net,https://www.bb-works.net
61,BBK Systems,info@bbksystems.com,https://bbksystems.be
62,BDR Energie,Info@bdrenergie.com,https://www.bdrenergie.be
63,Be Ecolog,service@beecolog.com,http://beecolog.be
64,BE Sanitair,service@besanitair.com,https://www.be-sanitair.be
65,Be-Energy,info@beenergy.com,https://www.be-energy.be
66,Be’energies,service@beenergies.com,https://be-energies.be
67,Belga Solar,contact@belgasolar.com,https://belgasolar.com
68,Belge Rénov,info@belgerénov.com,https://belge-renov.be
69,Belgium Energy,info@belgiumenergy.com,https://belgiumenergy.be
70,BelgoSun,info@belgosun.com,https://www.belgosun.be
71,Belicom,info@belicom.com,https://www.belicom.be
72,BeliVert,info@belivert.com,https://www.belivert.be
73,Bellinkx,info@bellinkx.com,https://www.bellinkx.com
74,Belsol,service@belsol.com,http://belsol.eu
75,Benex,service@benex.com,https://www.benex.be
76,BeProjects,service@beprojects.com,https://www.beprojects.be
77,Bernaerts Technics,info@bernaertstechnics.com,https://bernaerts-technics.be
78,Berrentec,service@berrentec.com,https://berrentec.be
79,Bertrand & Darimont,info@bertranddarimont.com,https://www.bertrand-darimont.be
80,BES,service@bes.com,https://www.bes.be
81,Biévelez,info@biévelez.com,https://www.sprl-bievelez.be
82,BioLux,service@biolux.com,https://biolux-photovoltaique.be
83,BK Elec,Contact@bkelec.com,https://bkelec.be
84,BL-energy,contact@blenergy.com,https://bl-energy.be
85,Blackopper,info@blackopper.com,https://www.blackopper.com
86,Blindeman Gebr.,info@blindemangebr.com,https://blindeman.zuinigerverwarmen.be
87,BMP,info@bmp.com,https://bmp-sprl.be
88,Boag,contact@boag.com,https://sprlboag.be
89,Bollen Energy,info@bollenenergy.com,https://www.bollen-energy.be
90,Bonfond Construction,info@bonfondconstruction.com,https://bonfond-construction.be
91,Boon Solar,contact@boonsolar.com,https://boonsolar.be
92,Borgo Elektriciteit,info@borgoelektriciteit.com,https://www.borgo-elektriciteit.be
93,Bovema International,info@bovemainternational.com,https://www.bovema.be
94,BPS,info@bps.com,https://blue-power-synergy.com
95,Brabo Technics,info@brabotechnics.com,https://www.brabotechnics.be
96,Braeckman Geert,Info@braeckmangeert.com,https://geertbraeckman.be
97,Brever,service@brever.com,https://brever.be
98,Brussels Energy,info@brusselsenergy.com,https://www.brusselsenergy.be
99,Bruyland Technics,info@bruyland.com,https://www.bruyland.com
100,Building Energy,info@buildingenergy.com,https://buildingenergy.be
101,Bumaco Kempen,contact@bumacokempen.com,https://bnstechnics.be
102,Bycostream,info@bycostream.be,https://www.bycostream.be
103,Calorix,info@calorix.be,https://www.calorix.be
104,Carl Pieters,info@carlpieters.be,https://www.carlpieters.be
105,Carodel,info@carodel.net,https://www.carodel.net
106,CB Energy,info@cbenergy.com,https://cb-energy-photovoltaique.be
107,CC Service,tjehello@ccservice.be,https://ccservice.be
108,CD Concept Solar,info@cdconceptsolar.com,https://www.cdconceptsolar.be
109,CDES Services,sales@cdes.be,https://www.cdesservices.be
110,Chauffage Closset,foretvert.nrj@gmail.com,https://www.chauffage-closset.be
111,Christal-Energies,info@christalenergies.com,https://www.christal-energies.be
112,Christiaens,info@christiaens.com,https://www.christiaens-bv.be
113,Cinergy Europe,info@cinergy.be,https://cinergy.solar
114,City Energy,contact@cityenergy.com,https://www.cityenergy.be
115,Clay Service,clayservice@outlook.com,https://clay-service.eu
116,Climamaster,info@climamaster.be,https://www.climamaster.be
117,ClimaSan,contact@climasan.com,https://www.climasan.be
118,ClimaSun,INFO@climasun.com,https://www.climasun.be
119,CLS Service,info@clsservice.com,https://clsservice.be
120,Consolar Belgium,contact@consolarbelgium.com,https://www.consolar.be
121,Coolline-Solar,info@coolline.be,https://coolline.be
122,Coretec,contact@coretec.com,https://coretec.be
123,Corswarem Green Energy,info@corswarem.eu,https://www.corswarem.eu
124,CPC,info@c-p-c.be,http://c-p-c.be
125,Criel Energy,info@crielenergy.be,https://www.crielenergy.be
126,CS Technics,info@cstechnics.com,https://www.cstechnics.com
127,D&K,info@dkdomotica.be,https://www.dkdomotica.be
128,Dak & Co,info@dakenco.be,https://www.dakenco.be
129,Dak- en Gevelrenovatie VDS,INFO@dakengevelrenovatievds.com,https://vdsdak-gevelrenovatie.be
130,Dakprofiel Moens,INFO@dakprofielmoens.com,http://www.dakprofielmoens.be
131,Dakwerken David & Zoon,service@dakwerkendavidzoon.com,https://www.dakwerkendavid.be
132,Dakwerken Van Riet,dakwerken.vanriet@gmail.com,https://www.dakwerkenvanriet.be
133,Daraz Elektro,info@darazelektro.com,https://www.daraz.be
134,Dauvister,contact@dauvister.com,https://www.dauvister.com
135,DB&W Technics,Info@dbwtechnics.com,https://dbwtech.be
136,DC Technics,info@dctechnics.com,https://decraenetechnics.be
137,De Groene Leeuw,info@degroeneleeuw.be,http://degroeneleeuw.be
138,De Look,info@delook.com,https://www.delook.be
139,De Mars Danny,service@demarsdanny.com,https://www.demarsdanny.be
140,De Rycke & Zonen,mymail@mailservice.com,https://derycke-zonen.be
141,De Smedt,Info@desmedt.com,https://www.desmedtbvba.com/home
142,De Vroe,CONTACT@devroe.com,https://www.devroegroep.be
143,De Zonnebroeders,contact@dezonnebroeders.com,https://www.zonnebroeders.be
144,Deba,CONTACT@deba.com,https://debaroeselare.be
145,Debel Elec,info@debelelec.com,https://www.debelelec.be
146,Decancq Group,fleur@decancq.be,http://www.decancq.be
147,Decat,info@decat.be,https://www.decat.be
148,Dedecker Installaties,info@dedeckerinstallaties.be,https://www.dedeckerinstallaties.be
149,Delecsol,service@delecsol.com,https://delecsol.be
150,DELEX,info@delex.com,https://www.delex.eco
151,Delhez Solar,secretariat@delhezsolar.be,https://delhezsolar.be
152,Delnatte & Fils,contact@delnattefils.com,https://www.chauffage-delnatte.be
153,Delta Luminance,info@deltaluminance.be,http://www.deltaluminance.be
154,Demoitié,info@entreprise-demoitie.be,https://www.entreprise-demoitie.be
155,Derouck Elektro,contact@derouckelektro.com,https://www.derouckelektro.be
156,Desmyter Electro,info@desmyterelectro.com,http://www.electro-installatie.be
157,DeVaPower,info@devapower.be,https://devapower.be
158,Dewulf Techniek,info@dewulf-techniek.be,https://www.dewulf-techniek.be
159,DGS Solar,info@dgsenergie.be,https://www.dgs-groep.be
160,DHome Systems,danypauwels@dhomesystems.be,https://dhomesystems.be
161,DM Solar,info@dmsolar.be,https://dmsolar.be
162,DMS Installatie,info@dmsinstallatie.com,https://dmsinstallatie.be
163,DNT Engineering,info@dnte.be,https://dnte.be
164,DomoTecno,info@domotecno.be,https://www.domotecno.be
165,Domus,SERVICE@domus.com,https://www.domus.be
166,DP Projects,service@dpprojects.com,http://www.dpprojects.be
167,DS Power,jd@dspower.be,https://dspower.be
168,DSolar,info@delaadkameraad.be,https://www.dsolar.be
169,Dural Bouwgroep,service@duralbouwgroep.com,https://www.dural-bouwgroep.be
170,Durasun,HamRoutebeschrijvingverkoop@durasun.be,https://durasun.be
171,Durital Thierry Talbot,thierry_talbot@hotmail.com,https://www.barvaux-toitures.be
172,DW-Technics,info@dw-technics.be,https://www.dw-technics.be
173,e-Activ,contact@eactiv.com,https://e-activ.be
174,E-advies,info@eadvies.com,http://e-advies.org
175,E-Cocoon,info@ecocoon.com,https://www.e-cocoon.be
176,E-LAC,info@elac.com,https://elac.be
177,E-Tec,info@e-tec.be,https://e-tec.be
178,E&S Solar,info@es-solar.be,http://www.es-solar.be
179,Easykit,melle@easykit.be,https://www.easykit.be
180,Easytec,info@easytec.be,https://www.easytec.be
181,Ebeco,info@ebeco.be,https://ebeco.be
182,EBK,info@ebkbvba.be,https://www.ebkbvba.be
183,Eco Cool Zonnepanelen,info@eco-cool-zonnepanelen.be,https://eco-cool-zonnepanelen.be
184,Eco Elec Belgium,service@ecoelecbelgium.com,https://www.ecoelecbelgium.com
185,Eco Max,service@ecomax.com,https://www.eco-max.be
186,Eco Technics,info@ecotechnics.be,https://ecotechnics.be
187,Eco-Techniek,info@eco-techniek.be,https://eco-techniek.be
188,Ecochauffage,contact@ecochauffage.com,https://www.ecochauffage.be
189,Ecocool Technics,info@ecocool-technics.be,http://ecocool-technics.be
190,Ecodomo,info@ecodomo.be,https://www.ecodomo.be
191,EcoFinity,info@ecofinity.eu,https://www.ecofinity.eu
192,Ecofix Solutions,info@ecofixsolutions.be,https://www.ecofixsolutions.be
193,EcoFusion,info@ecofusion.be,https://www.ecofusion.be
194,Ecolep,info@ecolep.com,http://ecolep.be
195,Economiseur,info@economiseur.be,http://www.economiseur.be
196,ecopuur,info@ecopuur.com,https://www.ecopuur.be
197,Ecosol+,info@ecosolplus.be,https://www.ecosolplus.be
198,Ecosystec,info@mastery-concept.be,https://www.ecosystec.be
199,Ecotec Systems,info@ecotecsystems.com,https://vf-energy.be
200,Ecotech,service@ecotech.com,https://www.ecotech.vlaanderen
201,Ecotech Electro,ecotechbvba@live.be,http://www.ecotech-plasmans.be
202,Ecovolution,service@ecovolution.com,https://eco-volution.be
203,EDA,info@eda.com,https://www.edageneralelec.com
204,EDSS,info@edss.com,https://www.edss.be
205,EEG,service@eeg.com,https://eeg.be
206,Egcollignon,contact@egcollignon.com,https://www.egcollignongroup.be
207,EGS Projects,info@egsprojects.be,https://egsprojects.be
208,EHCS,ehcs-bvba@outlook.com,https://www.ehcs-mechelen.be
209,Ekotermika,info@ekotermika.com,https://ekotermika.be
210,Elab & Zonen,info@elab-zonen.be,https://www.elab-zonen.be
211,Elcubi,info@elcubi.be,https://elcubi.be
212,Eldema,contact@eldema.com,https://www.eldema.be
213,Electro Gevaert,info@electrogevaert.be,https://www.electrogevaert.be
214,Electro KG-sun,service@electrokgsun.com,https://www.kgsun.be
215,Electro Light,info@electrolight.be,https://www.electrolight.be
216,Electro Rouhard,info@electrorouhard.com,https://www.electrorouhard.be
217,Electro Sprint,info@electrosprint.be,http://www.solarsprint.be
218,Electro Techniek Valon,info@electrotechniekvalon.com,https://www.valon.be
219,Electro Verhelst,info@electroverhelst.com,https://www.electroverhelst.be
220,Electro Walter,contact@electrowalter.com,http://www.electro-walter.be
221,Electro-Klima,service@electroklima.com,http://electro-klima.be
222,Electronick,info@electronick.com,https://www.electronick.be
223,Electrood,contact@example.com,https://www.electrood.be
224,Elektro Bastiaens,geert@bastiaensbv.be,https://www.bastiaensbvba.be
225,Elektro Borgs,service@elektroborgs.com,http://www.elektriciteitswerken-borgs.be
226,Elektro Gantois,info@elektrogantois.be,https://www.elektrogantois.be
227,Elektro MAVA,service@elektromava.com,https://www.elektromava.be
228,Elektro Van De Sande,info@elv.be,https://www.elv.be
229,Elektro Verschuere,info@elektro-verschuere.be,https://www.elektro-verschuere.be
230,Elektro-Cox,info@elektrocox.com,https://elektro-cox.be
231,Elektroline,info@elektroline.be,https://www.elektroline.be
232,Elektrotechniek Pieter De Beule,service@elektrotechniekpieterdebeule.com,http://www.pieterdebeule.be
233,Elentra,contact@elentra.com,https://www.elentra.be
234,Eleverco,info@eleverco.be,https://eleverco.be
235,Elextra,elextra@elextra.be,https://elextra.be
236,Elias Techniek,info@eliastechniek.com,https://www.eliastechniek.be
237,Elparo,info@elparo.com,https://www.elparo.be
238,Elvetico,info@elvetico.be,https://www.elvetico.be
239,EmaxSolar,info@emaxsolar.be,https://emaxsolar.be
240,EMG,info@emg.com,https://www.emgconstruct.be
241,Emiel,info@emielbvba.be,https://www.emielbvba.be
242,Emsolar,info@emsolar.com,https://www.emsolar.be
243,Enbicor,info@enbicor.com,https://www.enbicor.eu
244,Enerdeal,info@enerdeal.com,https://enerdeal.com
245,Energea Solutions,info@energeasolutions.be,https://www.energeasolutions.be
246,Energie & Warmtetechniek,info@energie-warmtetechniek.be,https://www.energie-warmtetechniek.be
247,Energie De Kempen,info@energiedekempen.be,https://energiedekempen.be
248,Energie Voor Morgen,contact@energievoormorgen.com,https://www.energievoormorgen.be
249,Energie-Rénovations,info@energie-renovations.be,https://energie-renovations.be
250,Energie+,info@energieplusbv.be,https://energieplusbv.be
251,Energiecenter Geuns,info@energiecenter.be,https://www.energiecenter.be
252,Energieconcepten,info@energieconcepten.be,https://www.energieconcepten.be
253,Energiecontrol,contact@energiecontrol.com,https://www.energiecontrol.be
254,Energiek,info@energiek.be,http://www.energiek.be
255,EnergieQ,info@energieq.be,https://energieq.be
256,Energiesystemen Steca,info@steca.be,https://www.receg.eu
257,Energietech,info@energietech.be,https://www.energietech.be
258,EnergieWest,info@energiewest.be,https://energiewest.be
259,Energise-Toi,lecompagnondutoit@gmail.com,https://www.energise-toi.be
260,Energreen,info@energreen.com,https://www.energreen.com
261,Energy Protect,contact@energyprotect.com,https://www.energyprotect.be
262,Energy Solutions Group,info@energysolutionsgroup.be,https://energysolutionsgroup.be
263,EnergyBuilders,office@energy-builders.com,https://www.energy-builders.com
264,Energyinitiative,contact@energyinitiative.com,https://www.energyinitiative.be
265,EnergyKing,contact@energyking.com,https://energyking.be
266,EnergyP,info@energyp.be,https://energyp.be
267,Enersol,info@enersol.com,https://www.enersol.be
268,Enertec,info@enertec.be,http://www.enertec.be
269,Ensys,info@ensys.be,https://ensys.be
270,Envice,info@envice.be,https://www.envice.be
271,Eoluz,info@eoluz.be,https://eoluz.be
272,EP Technieken,info@eptechnieken.be,https://www.eptechnieken.be
273,EPA,rein@to-boost.be,https://www.epa-solar.be
274,Equans,contact@equans.com,https://www.equans.be
275,Erdo Dakwerken,info@erdo.be,https://www.erdo.be
276,Erens,info@erens-verwarming.be,https://www.erens-verwarming.be
277,Erik De Vocht,contact@erikdevocht.com,https://www.elektriciteitswerkenerikdevocht.be
278,Erwin Schrevens,info@schrevens.eu,https://www.schrevens.eu
279,ESD,service@esd.com,https://www.esdbv.be
280,Ese Solar,info@esegroup.be,https://www.esesolar.be
281,ESV-Blomme,info@esvblomme.com,https://esv-blomme.be
282,ETL,info@etl-elektro.be,https://www.etl-elektro.be
283,Ets Derenne Thomas,service@etsderennethomas.com,https://www.derennethomas.be
284,ETS Schelhaever,info@etsschelhaever.com,https://energies-renouvelables-schel.be
285,Euro Energy,info@euroenergy.com,https://www.euroenergy-be.com
286,EVC,CONTACT@evc.com,https://www.evc-elektriciteitswerken.be
287,Evo,info@evobvba.be,http://www.evobvba.be
288,Ewlj,Info@ewlj.com,https://ewlj.be
289,EWM,service@ewm.com,http://www.ewmtechnics.be
290,EWS Energy,info@ewsenergy.be,https://www.ewsenergy.be
291,Ez Energy,info@ezenergy.eu,https://ezenergy.eu
292,Fabeleco,service@fabeleco.com,https://www.fabeleco.be
293,Felvo,info@felvo.be,https://felvo.be
294,Feront,contact@feront.com,https://www.electricite-feront.be
295,Feys,info@feys.com,https://elektriciteitswerkenfeys.be
296,FimexSol,info@fimexsol.com,https://fimexsol.be
297,Finale 24,secretariat@finale24.com,https://finale24.com
298,FinEnergy,info@finenergy.be,http://www.finenergy.be
299,Firma Lanckriet HVAC,pascal@firma-lanckriet.be,https://www.firma-lanckriet.be
300,Franc Thierry,info@franc-thierry.com,https://www.franc-thierry.com
301,Frank Develter,INFO@frankdevelter.com,https://www.frankdevelter.be
302,Fraselle et Fils,info@fraselleetfils.be,https://www.fraselleetfils.be
303,Frigo Techniek,info@frigo-techniek.be,https://frigo-techniek.be
304,Frisch,johan@frischdakwerken.be,https://www.frischdakwerken.be
305,FT-Technics,contact@fttechnics.com,https://www.ft-technics.be
306,Full Charge,info@fullcharge.com,https://full-charge.be
307,Full Solar,info@fullsolar.com,http://full-solar.com.br
308,Full Sun,info@fullsun.be,http://fullsun.be
309,Futech Solar,service@futechsolar.com,https://futech.be
310,G-Solar,info@gsolar.com,https://g-solar.be
311,Galileo Energy,Patrick.denhaese@galileo-energy.be,https://www.galileo-energy.be
312,GE4S,info@greenenergy4seasons.be,https://www.greenenergy4seasons.be
313,Gebroers Cappuyns,info@gebroerscappuyns.be,https://gebroerscappuyns.be
314,Gerelec,contact@gerelec.com,http://www.gerelec.com
315,Gert Stroobants,info@zonnepanelen-stroobants.be,https://www.zonnepanelenstroobants.be
316,GG Technics,service@ggtechnics.com,http://ggtechnics.be
317,Global Gates,info@globalsolar.be,https://globalsolar.be
318,GM-Projects,info@gmprojects.com,https://www.gm-projects.be
319,Go-Solar,info@gosolar.com,https://www.go-solar.be
320,Green,contact@green.be,https://www.green.be
321,Green House Solutions,info@greenhousesolutions.be,https://www.greenhousesolutions.be
322,Green Solutions,info@greensolutions.com,https://www.solarlec.be
323,Green Spark Technics,onsInfo@greensparktechnics.be,https://greensparktechnics.be
324,Green Technics,tom@greentechnics.be,https://www.greentechnics.be
325,Green-Sun,info@greensun.com,https://www.green-sun.be
326,Green-Team,marco.camerman@green-team.be,https://www.green-team.be
327,Greenfarmerz,info@greenfarmerz.eu,https://www.greenfarmerz.be
328,Greenpulse,info@greenpulse.eu,https://www.greenpulse.eu
329,Greenson,info@greenson.be,https://www.greenson.be
330,Grégoire Vincent,info@gregoiretoiture.be,http://www.gregoiretoiture.be
331,Groene Zon,info@groenezon.be,https://groenezon.be
332,Group Solar,info@groupsolar.be,https://groupsolar.be
333,Group T.A.T.,info@grouptat.be,https://grouptat.be
334,GTS Technics,info@gtstechnics.be,https://www.gtstechnics.be
335,Gui-Ohm & V.Elec,Guillaume@Gui-Ohm.com,https://www.gui-ohm.com
336,Gutami Solar,info@gutamisolar.com,https://gutami-solar.com
337,H&S Power Solutions,contact@hspowersolutions.com,https://hs-powersolutions.be
338,Heat-It,vraag@heat-it.info,https://heat-it.info
339,Heinen Electrotech,info@heinenelectrotech.com,https://www.heinen.eu
340,Helec,support@getoiling.com,https://helec.solar
341,Helioss,info@helioss.be,https://www.helioss.be
342,Hendrik De Nijs,frederik@friswebdesign.be,https://hendrikdenijs.be
343,Hermans Ivo,info@dakwerkenivohermans.be,http://dakwerkenivohermans.be
344,Heutz,info@heutz.com,http://www.heutz.be
345,Heylen,info@heylen.com,https://www.heylen-photovoltaique.be
346,Hivolta,Info@hivolta.com,https://www.hivolta.be
347,HM Technics,info@hmtechnics.be,http://www.hmtechnics.be
348,HMS,info@hmservice.be,https://www.hmservice.be
349,Hocetec,Info@hocetec.com,https://www.hocetec.be
350,Horizon Energie,info@horizonenergie.com,https://www.horizon-energie.be
351,Hs-Group,service@hsgroup.com,https://www.hsgroup.be
352,HSA Projects,info@hsa-projects.be,https://hsa-projects.be
353,Huby Chauffage,service@hubychauffage.com,http://huby-chauffage.com
354,Huyghe Technics,info@huyghetechnics.com,https://www.huyghe-technics.be
355,IBA Technics,contact@ibatechnics.com,https://www.ibatechnics.be
356,Iflow,alex@installFlow.com,https://installflow.com
357,IHouse,Kasterleeinfo@ihouse.be,https://www.ihouse.be
358,Ikaros Solar,contact@radiance-energy.eu,https://www.ikaros-solar.eu
359,Imaginate Solar & Energy,info@imaginatesolarenergy.com,https://www.imaginate-electrics.be
360,IMM,info@imm.com,https://imm.energy
361,Ingelec,info@ingelec.be,https://ingelec.be
362,Insaver,info@insaver.com,https://insaver.be
363,Installatiebedrijf Maes,contact@installatiebedrijfmaes.com,http://installatiebedrijfmaes.be
364,Installatiebedrijf van den Berg,info@vdberg.be,https://www.vdberg.be
365,Installatiebedrijf Verheyden,info@instalverheyden.be,https://www.instalverheyden.be
366,Intelligent Wonen,info@intelligentwonen.be,https://www.intelligentwonen.be
367,Intellisol,info@intellisol.be,https://intellisol.be
368,Intérieur & Chaleur,service@intérieurchaleur.com,https://interieur-chaleur.be
369,IQ Solar,samir.elmhassani@iq-solar.be,https://www.iq-solar.be
370,Isola,info@isola.be,https://www.isola.be
371,IZEN,info@izen.com,https://www.izen.eu
372,Jany Gofflot,CONTACT@JANYGOFFLOT.BE,http://www.janygofflot.be
373,Jaumotte Dominique,info@jaumottedominique.com,https://wallux.com/chauffage-dominique-jaumotte-attert
374,Jery-Remy,info@jeryremy.com,https://jery-remy.be
375,JJ Burnotte,Info@jjburnotte.be,https://www.jjburnotte.be
376,JL Solutions,INFO@JL-SOLUTIONS.BE,https://www.jl-solutions.be
377,JL Systems,info@jlonline.be,https://www.jlonline.be
378,JNL Solar,service@jnlsolar.com,https://www.jnlsolar.com
379,Joassin Davidts,info@joassin.be,https://joassin.be
380,Joma,info@bvbajoma.be,https://www.bvbajoma.be
381,JRB Energy,service@jrbenergy.com,https://jrbenergy.be
382,JS Technics,service@jstechnics.com,http://jstechnics.be/
383,Julien Marchand Photovoltaïque,Service@julienmarchandphotovoltaïque.com,https://www.julien-marchand-photovoltaique.be
384,JV Dakwerken,info@jvdakwerken.com,https://www.jv-dakwerken.be
385,K.L. Electro,info@KL-greenenergy.be,https://kl-electro.be
386,Karel Quintyn,info@karelquintyn.com,https://karelquintyn.be
387,Kaspers Technics,info@kasperstechnics.be,https://kaspers-technics.be
388,KDI Industries,info@kdi-industries.be,https://www.kdi-industries.be
389,Kevin Scheerlinck,contact@kevinscheerlinck.com,https://www.kevinscheerlinck.be
390,Kijzer,info@kijzer.com,https://www.kijzer.be
391,Kilowatt-Solar,info@kilowattsolar.eu,https://www.kilowattsolar.eu
392,KLiK,info@klik.com,http://www.ikwilairco.com
393,Klima-technics,pieter@klimatechnics.be,https://klimatechnics.be
394,Klimaphil,info@klimaphil.com,https://www.klimaphil.be
395,Klimatechnics,info@klimat.be,https://klimat.be
396,Klinkenberg,info@klinkenberg.be,https://klinkenberg.be
397,Kristof Devalckenaere,Info@kristofdevalckenaere.com,https://www.devalckenaere.be
398,Kryptonite,jeroen@kryptonite-bvba.be,https://www.kryptonite-bvba.be
399,Kti-Wti,info@ktiwti.com,https://kti-wti.be
400,KVE Systems,info@kve-systems.be,https://www.kve-systems.be
401,L-Solar,info@lsolar.com,https://www.l-solar.be
402,L.H.E.,service@lhe.com,https://www.elektriciteitswerkenlavigne.be
403,L'embellie,info@lembellie.eu,https://www.lembellie.eu
404,L&S Elektro,info@lselektro.be,http://www.lselektro.be
405,Laleman Technieken,info@lalemantechnieken.com,https://www.lalemanbv.be
406,Lamont Energietechniek,info@lamontenergietechniek.be,https://lamontenergietechniek.be
407,Lenartz,info@lenartz.be,https://www.lenartz.be
408,Léonard,contact@atriatech.be,https://www.leonard-lemaitre.be
409,Les Couvreurs Réunis,marcolongofabrice@hotmail.com,https://www.lescouvreursreunis.be
410,Lia Rénovation,contact@liarenov.be,https://liarenov.be
411,Limbotech,info@limbotech.com,https://limbotech.be
412,Linea Trovata,info@lineatrovata.com,https://www.lineatrovata.com
413,Luc,info@lucsprl.be,https://lucsrl.be
414,Luxenergy,info@luxenergy.com,https://www.luxenergy.be
415,Madi Toiture,info@maditoiture.com,https://maditoiture.be
416,Maes,info@maes-totaalprojecten.be,https://maes-totaalprojecten.be
417,Maes Verwarming,info@maes-verwarming.be,https://www.maes-verwarming.be
418,Maison Istace,contact@maisonistace.com,https://wallux.com/electricite-maison-istace-paliseul
419,Major Green Solutions,info@majorgreensolutions.com,https://www.majorgreensolutions.be
420,MAL Electronics,Contact@malelectronics.be,http://malelectronics.be
421,Mats,info@matsheyse.be,https://matsheyse.be
422,Matthys & Zoon,info@matthyszoon.com,https://www.matthys-en-zoon.be
423,Maxus,contact@maxus.com,https://maxus.be
424,MC Solar,info@mcsolar.com,https://mc-solar.be
425,MDSolar,info@mdsolar.eu,https://www.mdsolar.eu
426,ME Technics,info@metechnics.be,https://metechnics.be
427,Mebutec,service@mebutec.com,https://www.mebutec.be
428,MEEtec,service@meetec.com,https://mee-tec.be
429,Meganelec,info@meganelec.com,http://www.meganelec.be
430,Metasetech,contact@metasetech.com,https://www.metasetech.be
431,Mi-Com Energy,service@micomenergy.com,https://mi-com.be
432,Michiels Solar,gert@michiels-dakwerken.be,https://www.michiels-dakwerken.be
433,MiNi Energietechniek,info@minienergietechniek.com,https://mini-energietechniek.eu
434,Ministry of Solar,contact@ministryofsolar.com,https://www.ministryofsolar.com
435,Mirage,info@mirage-energy.be,https://mirage-energy.be
436,MNtechnics,info@mntechnics.com,https://www.mntechnics.be
437,Moors All Energy,info@moorsallenergy.be,https://www.moorsallenergy.be
438,MortiTech,info@mortitech.be,https://www.mortitech.be
439,MR Solar,info@mrsolar.be,https://www.mrsolar.be
440,MS élec,contact@msélec.com,https://mselec.be
441,MSM Dakwerken,info@msm-dakwerken.be,https://www.msm-dakwerken.be
442,MV Solar,info@mvsolar.com,http://mvsolar.be
443,MVB Energy,info@mvb-energy.be,https://www.mvb-energy.be
444,N. Depover,info@ndepover.be,https://www.ndepover.be
445,Nadesco,info@nadesco.com,https://nadesco.be
446,Naessens,contact@naessens.com,https://www.naessens-constructie.be
447,Natural Energy,info@natural-energy.be,https://natural-energy.be
448,Neopower,info@neopower.com,https://www.neopower.com
449,Nicolas,service@nicolas.com,https://nicolasgf.be
450,Nicra,service@nicra.com,https://www.nicra-energie.be
451,Noirfalise,info@solarnrj.be,https://www.solarnrj.be
452,NOVA Energy,contact@novaenergy.com,https://novasolar.be
453,Noveway,emilie@noveway.com,https://noveway.com
454,NRG Man,info@nrgman.com,https://nrgman.be
455,NRG-Tec,info@nrg-tec.be,https://nrg-tec.be
456,NRJ+,info@nrj-plus.be,https://nrj-plus.be
457,nSolar,contact@nsolar.com,https://www.nlab.be
458,NST,info@nst.com,https://www.nstechnics.be
459,NV Berckmoes,info@nvberckmoes.com,https://nvberckmoes.be
460,NV Electricite,N-velec@outlook.be,https://nvelectricite.be
461,Oliva Technics,info@olivatechnics.com,https://www.oliva-technics.be
462,Omniterm Wallonie,info@omnitermwallonie.be,https://www.omnitermwallonie.be
463,Opteco,info@opteco.be,https://www.opteco.be
464,Optima Solution,info@optimasolution.be,https://www.optimasolution.be
465,Optimus Yacht Technology,info@optimusyachttechnology.com,http://www.optimusyachttechnology.be
466,Orka,contact@orka.com,http://www.orka-power.com
467,Ovelec,info@ovelec.be,https://www.ovelec.be
468,Paul Technics,info@paultechnics.be,https://paultechnics.be
469,Perpetum Energy,info@perpetumenergy.com,https://www.perpetumenergy.com
470,PH Dakwerken,info@phdakwerken.com,https://www.phdakwerken.be
471,PhotonSolar,info@photonsolar.com,https://www.photonsolar.be
472,Pieter-Jan Goeminne,pj@pjgoeminne.be,https://www.pjgoeminne.be
473,Planet-Eco,info@planet-eco.be,https://www.planet-eco.be
474,PlanetPlus,info@planetplus.com,https://www.planetplus.be
475,PMA Elektriciteit,info@pmaelektriciteit.com,https://www.pmaelektriciteit.be
476,Powergreen,info@powergreen.com,https://www.mypowergreen.be
477,Powerline,info@powerlinebelgium.be,https://powerlinebelgium.be
478,PowerYourself,info@poweryourself.com,https://www.poweryourself.be
479,Prodeus,info@prodeus.be,http://www.prodeus.be
480,ProEnergy Solutions,info@proenergysolutions.com,https://www.proenergy.be
481,Pure Energy Consult,info@pure-energyconsult.be,https://pure-energyconsult.be
482,Pure Solar Energy,info@puresolarenergy.com,https://quote.puresolarenergy.be
483,PV Elektro,pvelektrobvba@gmail.com,https://www.pvelektro.be
484,PVA Energy,info@pvaenergy.com,https://www.pva-energy.be
485,Qsani,info@qsani.be,https://www.qsani.be
486,QuattroSolar,info@quattrosolar.be,https://www.quattrosolar.be
487,R.F. Projects,info@rfprojects.eu,https://www.remacle-sprl.be
488,Rasolar,info@rasolar.be,https://rasolar.be
489,Rebatitoit,info@rebatitoit.com,https://www.rebatitoit.be
490,Reflow,info@reflow.com,https://reflow-solutions.be
491,Rena Plus,info@varamedia.be,https://www.renaplus.be
492,Renocast,info@renocast.be,https://www.renocast.be
493,Renodak Systems,info@renodak.be,http://renodak.be
494,Renovatie Elektro Delbeke,info@redbvba.be,https://www.redbvba.be
495,Renovatiewerken Devriendt,info@renovatiewerken-devriendt.be,https://www.renovatiewerken-devriendt.be
496,Renove Electricité Solaire,info@renove-electricite-solaire.org,http://renove-electricite-solaire.org
497,Rensol,info@rensol.be,https://www.rensol.be
498,Revolux,info@revolux.com,https://revolux.be
499,RGB,info@rgbbvba.be,https://www.rgbbvba.be
500,Rioglass Solar,service@rioglasssolar.com,https://rioglass.com
501,RM Solutions,service@rmsolutions.com,https://rmsolutionsgroup.be
502,Rooflight Project,info@rooflight.pro,https://www.rooflight.pro
503,Roozenburg Dakwerken,contact@roozenburgdakwerken.com,https://roozenburgdakwerken.be
504,RV Technics,info@rvtechnics.be,https://www.rvtechnics.be
505,S. Project,s.project@skynet.be,https://sproject.be
506,S&S elektrotechnieken,info@sselektro.be,https://sselektro.be
507,S4A,service@s4a.com,https://s4a.be
508,Samline,info@samline.be,https://samline.be
509,San-CV-Solar Hoornaert,sammybytebier@hotmail.com,https://frederikhoornaert.be
510,Saneltech,info@saneltech.be,https://www.saneltech.be
511,Sani-Tec,Code555-555-5555myemail@mailservice.com,https://sani-tec.be
512,Sanitary Vandenbroucke Youri,info@sanitair-vandenbroucke.be,https://www.sanitair-vandenbroucke.be
513,SBR,info@sbr.be,http://www.sbr.be
514,SDC Ecogroup,Service@sdcecogroup.com,https://www.sdc-ecogroup.be
515,SDL Technics,info@sdltechnics.com,https://sdltechnics.be
516,SDPS,info@sdps.be,https://www.sdps.be
517,Sebastiaan Criel,info@sebastiaancriel.be,https://www.sebastiaancriel.be
518,Sedsolar,service@sedsolar.com,http://www.sedsolar.be
519,Seetech,contact@seetech.com,https://www.seetech.be
520,Seghers Technics,contact@segherstechnics.com,https://seghers-technics.be
521,Serasol,info@serasol.com,https://www.serasolsprl.be
522,Sevatec,info@sevatec.be,https://www.sevatec.be
523,SFelek,info@sfelek.be,https://sfelek.be
524,SigueSOL,info@siguesol.com,https://www.siguesol.com
525,Silicium Solar Energie,solairedevis@siliciumsolarenergie.com,https://www.siliciumsolarenergie.com
526,Simons,CONTACT@simons.com,https://www.atbsimonsbvba.eu
527,Sky Solar,contact@skysolar.com,https://www.skysolar.be
528,Slimme-Energie,johan@slimme-energie.be,https://www.slimme-energie.be
529,Slimmerbouwen,info@slimmerbouwen.com,https://www.slimmerbouwen.be
530,Smart Power Solutions,info@smartpowersolutions.be,https://smartpowersolutions.be
531,Smart Solar Energy,info@smartsolarenergy.be,https://www.smartsolarenergy.be
532,Smartroof,lode.herreweghe@smartroof.be,https://www.smartroof.be
533,Smeysters Automations,info@smeysters.com,https://www.smeysters.com
534,Snackaert,info@snackaert.com,https://snackaert.eu
535,SoGreen,info@sogreen.be,https://www.sogreen.be
536,Sol-E-Tech,info@soletech.be,https://www.sol-e-tech.com
537,Sol-Eol,info@sol-eol.be,https://www.sol-eol.be
538,Solabel,service@solabel.com,https://www.construbel.be
539,Solairco,info@solairco.be,https://www.solairco.be
540,Solaire Liégeois,info@solaireliegeois.be,https://solaireliegeois.be
541,Solar Assistance,service@solarassistance.com,https://solar-assistance.be
542,Solar Concept,info@solarconcept.com,https://solar-concept.be
543,Solar Constructions,contact@solarconstructions.com,https://solar-constructions.com
544,Solar Constructs,contact@solarconstructs.com,https://solarconstructs.be
545,Solar Eco Technics,jeff@solar-ecotechnics.be,https://www.solar-ecotechnics.be
546,Solar Energy,info@solarenergy.be,https://www.solarenergy.be
547,Solar Engineering,info@solarengineering.com,https://www.solar-engineering.be
548,Solar Group,info@solargroup.com,https://www.solar-group.be
549,Solar Invest,info@solarinvest.be,https://www.solarinvest.be
550,Solar Light Energy,info@solarlightenergy.com,https://solarlightenergy.be
551,Solar Power Systems,info@sps.be,https://www.solarpowersystems.be
552,Solar Service Buggenhout,service@solarservicebuggenhout.com,https://solarservicebuggenhout.be
553,Solar Spirit,contact@solarspirit.com,https://www.solarspirit.be
554,Solar System,solarsystem.infos@gmail.com,https://www.solar-system.be
555,Solar Waasland,info@solarwaasland.be,https://solarwaasland.be
556,Solar-Ecologie,info@solarecologie.com,https://www.solar-eco.be
557,Solar-Kempen,sales@solar-kempen.be,http://www.solar-kempen.be
558,Solar-Tec,info@solar-tec.be,https://www.solar-tec.be
559,SolarBoost,info@solarboost.com,https://www.solarboost.be
560,Solare,info@solare.com,https://solare.be
561,Solarline,info@solarline.be,https://www.solarline.be
562,SolarPro,info@solarproducts.be,https://solarproducts.be
563,Solarroof,info@solarroof.be,https://solarroof.be
564,Solarsolutions,contact@solarsolutions.com,https://www.solarsolutions.be
565,SolarUnity,projects@solarunity.eu,https://solarunity.eu
566,Solarys Energy,info@solarysenergy.com,https://www.solarys.be
567,Solec,info@solec.com,https://www.solec.be
568,Solena,info@solena.be,https://solena.be
569,Soleris,service@soleris.com,https://soleris.be
570,Solitec,info@solitec.com,https://www.solitec.be
571,Sollec,info@sollec.be,https://www.sollec.be
572,Solled,bram@leadon.be,https://www.solled.be
573,Sollie,info@solliebvba.be,https://www.solliebvba.be
574,Solora,service@solora.com,https://solora.be
575,Soloya,info@soloya.be,https://soloya.be
576,Soltech,soltech@soltech.be,https://soltech.be
577,Soltis,info@soltis.be,https://soltis.be
578,Solution Energie Belgique,info@solutionenergiebelgique.com,https://se-belgique.com
579,Sonck,info@sonck.be,https://sonck.be
580,Soulier Electricité,soulierelec@skynet.be,https://www.soulier-electricite.be
581,SoWatt,info@sowatt.com,https://sowatt.be
582,SRMGT,contact@srmgt.be,https://www.srmgt.be
583,STA Technique,Florennesinfo@statechnique.be,https://www.statechnique.be
584,Stafco,E-mailsales@stafco.be,https://stafco.be
585,Steven Meyers,info@meyerssteven.be,https://www.meyerssteven.be
586,Stilix Energy,info@stilix-energy.be,https://www.stilix-energy.be
587,Style Solar,info@stylesolar.be,https://stylesolar.be
588,Sun Eco,info@suneco.be,https://suneco.be
589,Sun4power,linkinfo@sun4power.be,https://www.sun4power.be
590,SunBelgium,info@sunbelgium.be,https://www.sunbelgium.be
591,SunBuild,future.info@sunbuild.be,https://www.sunbuild.be
592,Suncell,info@suncell.be,https://suncell.be
593,Sunelec,info@sunelec.be,https://www.sunelec.be
594,SunElektro,info@sunelektro.be,https://www.sunelektro.be
595,Sunlogics,info@sunlogics.be,https://www.sunlogics.be
596,SunPanelProject,dejaeger.alain@telenet.be,https://sunpanelproject.be
597,Sunthaels,info@sunthaels.com,https://sunthaels.be
598,SunTronics,info@suntronics.com,https://www.suntronics.be
599,SVE Techniek,info@svetechniek.com,http://www.svetechniek.be
600,Swipe,wedoenhetzelf@swipezelfbouw.be,https://swipezelfbouw.be
601,T-Exclusive,info@texclusive.com,https://www.dakbouwer.be
602,TechNeutjensa,Sint-Katelijne-Waverinfo@techneutjens.be,https://techneutjens.be
603,Techni-Cal,info@techni-cal.be,https://www.techni-cal.be
604,Techni-Self,info@techniself.com,https://techniself.be
605,Technics - Group,info@technics-group.be,https://www.technics-group.be
606,Technics Heireman,info@technicsheireman.be,https://technicsheireman.be
607,Technologic,info@technologicbv.be,https://www.technologicbv.be
608,TechSolar,service@techsolar.com,https://techsolar.be
609,Teknica,info@teknica.be,https://www.teknica.be
610,Telcom,info@telcom.be,https://www.telcom.be
611,Tequiero,info@tequiero.com,https://www.tequiero.be
612,Tibecs,info@tibecs.com,https://www.tibecs.be
613,TL Elec,info@tlelec.com,https://www.tlelec.be
614,Toiture Nix-Corteil,CONTACT@toiturenixcorteil.com,https://www.toiture-nix.be
615,Toiture Rousseaux,info@toiture-rousseaux.be,https://www.toiture-rousseaux.be
616,Torre Moerman,service@torremoerman.com,https://www.torremoerman.be
617,Total Energy Projects,info@totalenergy.be,https://www.totalenergy.be
618,TPC Collard,info@tpc-collard.be,https://tpc-collard.be
619,Trevi,info@trevi-env.com,https://trevi-env.com
620,Trim,info@trim.be,https://www.trim.be
621,TS Technics,service@tstechnics.com,https://www.tstechnics.be
622,Uma-Electrics,service@umaelectrics.com,https://www.uma-electrics.be
623,V&D,info@v-en-d.be,https://v-en-d.be
624,Vamax Electro,info@vamaxelectro.be,https://vamaxelectro.be
625,Van Der Biest Elektriciteitswerken,info@vanderbiestelektriciteitswerken.com,https://www.vanderbiestelektriciteitswerken.be
626,Van der Vurst,info@vandervurst.be,https://vandervurst.be
627,Van Havere Projects,info@vanhavereprojects.be,https://www.vanhavereprojects.be
628,Van Hemelen,contact@vanhemelen.com,https://www.vanhemelenbvba.be
629,Van Hyfte Energy,info@vanhyfteenergy.be,http://vanhyfteenergy.be
630,Van Marcke,info@vanmarcke.be,https://www.vanmarcke.com/nl
631,Vanaken,welkom@vanaken-bvba.be,https://vanaken-bvba.be
632,Vanbaelen Energietechnieken,Johan@vanbaelen-energietechnieken.be,https://www.vanbaelen-energietechnieken.be
633,Vandenborre Devos,info@vandenborredevos.com,https://www.vandenborre-devos.be
634,Vandenhole Construct,pascal.vandenhole@hotmail.com,https://www.dakwerkenvdhpascal.be
635,Vandoorne,service@vandoorne.com,https://www.vandoorne.be
636,Vanhees,info@vanhees-bvba.be,https://vanhees-bvba.be
637,Vantotec,info@vantotec.be,https://www.vantotec.be
638,VDV,info@vdv.com,https://www.vdv.be
639,Veca Solar,info@vecasolar.be,https://www.vecasolar.be
640,Verbrugge Guy & Fils,info@verbruggeguy.be,https://verbruggeguy.be
641,Verisol,info@verisol.be,https://verisol.be
642,Verlinde R&J,info@verlinde-rj.be,https://www.verlinde-rj.be
643,Vermaelen L. & Co,info@vermaelenbvba.be,https://www.vermaelenbvba.be
644,Vermeulen,info@vermeulen.com,http://www.bvbavermeulen.be
645,Vermeulen & Zn,info@vermeulen-zonen.be,http://www.vermeulen-zonen.be
646,Verreet-Elek,info@verreet-elek.be,https://www.verreet-elek.be
647,Vert-Energie,info@vertenergie.com,https://www.vert-energie.be
648,Vertical Solar,contact@verticalsolar.be,https://www.verticalsolar.be
649,VGT Technics,info@vgttechnics.com,https://www.vgttechnics.be
650,VHC,info@groupvhc.be,https://www.groupvhc.be/fr/
651,VHJ Elektro,Onsinfo@vhjelektriciteitswerken.be,https://vhjelektriciteitswerken.be
652,Vicmar,info@vicmar.com,https://vicmar.be
653,Viridios,info@viridios.be,https://viridios.be
654,Virya Energy,service@viryaenergy.com,https://virya-energy.com
655,VMA,info@vma.be,https://www.vma.be
656,Volteco,info@volteco.be,https://www.volt-eco.be
657,Vorsselmans Solar,solar@vorsselmans.be,https://www.vorsselmans-solar.be
658,VP Elektriciteit,info@vpelektriciteit.be,https://www.vpelektriciteit.be
659,VPRO Energy,info@vpro-energy.be,https://www.vpro-energy.be
660,Vrintec,info@vrintec.be,https://www.vrintec.be
661,Vrolix,info@vrolixklima.be,https://vrolixklima.be
662,W. De Wispelaere,info@wdewispelaere.be,https://www.wdewispelaere.be
663,Warmte Techniek Herbots,info@warmte-techniek.be,https://www.warmte-techniek.be
664,Wase Zon,info@wasezon.be,https://www.wasezon.be
665,Wattuneed,info@wattuneed.com,https://www.wattuneed.com
666,Weygers Montage,info@weygersmontage.com,http://weygersmontage.be
667,Wille Ronald,Ainfo@willeronald.be,https://www.willeronald.be
668,Willems Tecno,service@willemstecno.com,https://www.willems-tecno.be
669,Wimtechniek,wim.stassyns@wimtechniek.be,https://www.wimtechniek.be
670,Winants,info@winants.be,https://www.winants.be
671,Wiskon Tec,service@wiskontec.com,https://www.wiskon.be
672,Wittendorp,info@wittendorp.be,https://www.wittendorp.be
673,WOPA,contact@wopa.com,https://wopa.be
674,Wouters & Van Beyens,INFO@woutersvanbeyens.com,https://www.woutersenvanbeyens.be
675,WVG Elektro,info@wvgelektro.com,https://www.wvgelektro.be
676,WVR Energietechnieken,info@wvrenergietechnieken.be,https://www.wvrenergietechnieken.be
677,Xavier Groenen,confortmultitech@gmail.com,https://www.groenenxavier.be
678,XL Electro,info@xlelectro.be,https://www.xlelectro.be
679,XL-Solar,info@xl-solar.be,https://xl-solar.be
680,Yvelec,info@yvelec.be,https://www.electricite-tertiaire.be
681,Zero Power,TODAYinfo@zeropower.be,https://www.zeropower.be
682,Zon & Dak,info@zonendak.be,https://www.zonendak.be
683,ZonLicht,info@zonlicht.net,https://zonlicht.net
684,Zonnepanelen Antwerpen,info@zonnepanelenantwerpen.be,https://www.zonnepanelenantwerpen.com
