Number,Company Name,Email,Company Website
1,10hoch4,industrieanlagen@10hoch4.at,https://www.10hoch4.at
2,1stLevelSolar,service@1stlevelsolar.com,https://1stlevelsolar.com
3,A-Power Technologies,info@apowertechnologies.com,https://www.power-technologies.at
4,A.H. Installations,info@heinzle-heiss.at,https://www.heinzle-heiss-installationen.at
5,A.S. Photovoltaik,info@asphotovoltaik.com,https://www.asphotovoltaik.at
6,ABC Solar,office@abcsolar.at,https://www.abcsolar.at
7,ABW-Solar,office@abw-solar.at,https://abw-solar.at
8,ADA Elektro,info@adaelektro.com,https://www.ada-elektro.at
9,Adites Austria,Neustadtinfo@adites.at,https://adites.at
10,Adler Erik,info@adler-technik.at,https://adler-technik.at
11,AEP,contact@aep.com,https://www.aep.energy
12,AEPC,priesch@aepc.at,https://www.aepc.at
13,AES Energie Technik,info@aesenergietechnik.com,https://www.aes-energietechnik.at
14,AGEtech,info@agetech.at,https://www.agetech.at
15,Aichhorn Elektrotechnik,office@elektrotechnik-aichhorn.at,https://www.elektrotechnik-aichhorn.at
16,Akwaaba Energy,info@akwaabaenergy.com,https://www.akwaabaenergy.com
17,Allmer,info@allmer.com,https://www.expert-allmer.at
18,Alois Perwein,info@aloisperwein.com,https://www.perwein.at
19,Alpsan,office@alpsan.at,https://www.alpsan.at
20,Alternativ Installationen,office@a-i.at,https://a-i.at
21,Andreas Gretzel,info@andreasgretzel.com,https://www.photovoltaik-gretzel.at/wp
22,Andreas Kleedorfer,office@kleedorfer.at,http://www.kleedorfer.at
23,Andreas Kreiseder,info@andreas-kreiseder.at,https://www.andreas-kreiseder.at
24,Andreas Pöschl,office@poeschl.co.at,https://www.poeschl-installationen.at
25,Andreas Schwanzer,service@andreasschwanzer.com,https://www.schwanzer-installationen.at
26,Anlagentechnik Kargl,info@anlagentechnikkargl.com,https://anlagentechnik-kargl.at
27,APEM,office@apem.at,https://www.apem.at
28,Apfelland Energie,info@apfellandenergie.com,https://www.apfelland-energie.at
29,Appel,info@appel.com,https://www.appel.at
30,Aradi & Equiluz,service@aradiequiluz.com,https://www.aradi.at
31,ARES,contact@ares.com,http://www.ares-energysystems.com
32,AS-Tech,info@astech.com,https://www.as-tech.at
33,AT Elektro Innsbruck,info@atelektroinnsbruck.com,https://www.at-elektro.tirol
34,AT Elektrotechnik,service@atelektrotechnik.com,https://www.atelektrotechnik.at
35,AT-Solutions,info@atsolutions.com,https://www.mc-capital.eu
36,ATG Anlagentechnik,contact@atganlagentechnik.com,https://www.atg-anlagentechnik.at
37,Auberger,info@auberger.com,https://www.auberger.co.at
38,Austria Energy,SERVICE@austriaenergy.com,https://www.austriaenergy.com
39,Autarkie,contact@autarkie.com,https://www.autarkie.eu
40,B&M Elektrotechnik,service@bmelektrotechnik.com,https://www.bm-elektrotechnik.at
41,B+M NewTec,service@bmnewtec.com,https://www.bm-newtec.com
42,Baier Technik,Contact@baiertechnik.com,https://www.baier-technik.at
43,Baierl,contact@baierl.com,https://www.baierl.at
44,Balmax,info@balmax.com,https://balmax.at
45,Bau & Dach,contact@baudach.com,http://www.bau-dach.at
46,Bayer,info@bayer.com,https://www.bayer-installationen.com
47,Bayer Elektrohandel,info@bayerelektrohandel.com,https://www.elektrobayer.com
48,Bernard Gebäudetechnik,contact@bernardgebäudetechnik.com,https://www.gebäudetechnik-bernard.at
49,Berthold Haustechnik,INFO@bertholdhaustechnik.com,https://berthold-haustechnik.at
50,BF Elektrotechnik,office@bf-elektrotechnik.at,https://www.bf-elektrotechnik.at
51,Bichler Installations,hsl@bichler-installation.at,https://www.bichler-installation.at
52,Blaim,info@blaim.com,http://www.solarprofi.at
53,BLUE-Solution,info@bluesolution.com,https://www.blue-solution.at
54,BM-Installationen,info@bminstallationen.com,https://www.bm-installationen.at
55,BMD,contact@bmd.com,https://www.bmd.co.at
56,Bmd Energietechnik,info@bmdenergietechnik.com,https://www.bmd-energietechnik.com
57,Bolf Klimatechnik & Photovoltaik,service@bolfklimatechnikphotovoltaik.com,https://klima.bolf.cool
58,BOS Technology,service@bostechnology.com,https://www.bos-technology.eu
59,Brettfeld,service@brettfeld.com,http://www.brettfeld.at
60,Brüder Gros,service@brüdergros.com,https://www.bg-tgs.at
61,Brunner Max,info@brunnermax.com,https://www.haustechnik-brunner.at
62,Brunner-Solar,info@brunnersolar.com,https://brunner-solar.at
63,Bruno Böck,service@brunoböck.com,http://boeckelektro.at
64,Buchberger – Strom,INFO@buchbergerstrom.com,https://buchberger-strom.at
65,Burgenland Energie,service@burgenlandenergie.com,https://www.burgenlandenergie.at
66,Bürstmayr Elektrotechnik,contact@bürstmayrelektrotechnik.com,https://buerstmayr-elektrotechnik.at
67,BW-Dach,contact@bwdach.com,https://www.bw-dach.at
68,C&F Flöckner,info@cfflöckner.com,https://cf-floeckner.at
69,Carbon Projektentwicklung,info@carbonprojektentwicklung.com,https://www.carbon-austria.com
70,CCE,Info@cce.com,https://www.cce-holding.com
71,Cibins,info@cibins.com,https://cibins.eu
72,CLEEN Energy,info@cleenenergy.com,https://cleen-energy.com
73,Clicksolar,service@clicksolar.com,https://www.clicksolar.at
74,CN-Heiztechnik,contact@cnheiztechnik.com,https://www.cn-heiztechnik.at
75,ComEN,service@comen.com,https://comen.at
76,Constant Energy,wordpress@constant-ads.com,https://constant-energy.com
77,Conversio Energie,info@conversioenergie.com,https://www.conversioenergie.at
78,CPG,contact@cpg.com,https://www.cpg-power.at
79,CWL Solar GmbH,info@cwlsolargmbh.com,https://cwl-solar.at
80,D.A.N. Smart,info@dansmart.com,https://www.dansmart.net
81,Dachdeckerei Spenglerei Brugger,info@dachdeckereispenglereibrugger.com,https://www.bruggerdach.at
82,Dachdeckermeister Draber Oliver,info@dachdeckermeisterdraberoliver.com,https://www.draberdach.at
83,Dachstrom,contact@dachstrom.com,https://www.dachstrom.at
84,DAfi,info@dafi.com,https://www.dafi.at
85,Das Kraftwerk,info@daskraftwerk.com,https://daskraftwerk-pv.com
86,David Ziermann Elektrotechnik,info@davidziermannelektrotechnik.com,https://www.zi-et.at
87,Daxberger Elektrotechnik,service@daxbergerelektrotechnik.com,https://www.elektro-daxberger.at
88,de Corti,info@decorti.com,https://www.decorti.at
89,Die Elektroprofis,info@dieelektroprofis.com,https://www.elektroprofis.at
90,Die Lösung,service@dielösung.com,https://www.dieloesung.at
91,DieNeuen Bau & Haustechnik,info@dieneuenbauhaustechnik.com,https://www.die-neuen.at
92,Dillinger Installationstechnik,info@dillingerinstallationstechnik.com,https://dillinger.co.at
93,Dino Energie,contact@dinoenergie.com,https://www.dino-energie.at
94,Dispo-Projekts,info@dispoprojekts.com,https://www.sonnenkw.at
95,DM Elektrotechnik,info@dmelektrotechnik.com,https://dm-elektrotechnik.at
96,Doma Elektro Engineering,INFO@domaelektroengineering.com,https://www.doma.at
97,doma vkw,service@domavkw.com,https://www.domavkw.at
98,Drascher,service@drascher.com,https://www.drascher.at
99,Drauland Solar,service@draulandsolar.com,https://draulandsolar.at
100,DS Elektro,info@dselektro.com,https://ds-elektro.at
101,E-Billy,office@e-billy.eu,https://www.e-billy.eu
102,E-klar Technologies,service@eklartechnologies.com,https://e-klar.com
103,e-lion,info@elion.com,https://elektro-lion.at
104,e-Lugitsch Elektro,Service@elugitschelektro.com,https://www.e-lugitsch.at
105,E-M Technik,office@e-mtechnik.at,https://e-mtechnik.at
106,E-Natura,SERVICE@enatura.com,https://www.e-natura.at
107,E-T-P Muhsger,w.muhsger@muhsger.at,https://www.muhsger.at
108,E-Tech Demuth,info@e-techdemuth.at,http://www.e-techdemuth.at
109,E-Technik Laure,m.veratschnig@et-laure.at,https://www.et-laure.at
110,E-Wallner,info@ewallner.com,https://www.e-wallner.at
111,E-Werk Franz,office@ewg.at,https://www.ewg.at
112,E-Werk Gleinstätten,office@ktg-austria.at,https://www.ktg-austria.at
113,E-Werk Gröbming,info@ewerkgröbming.com,https://www.das-ewerk.at
114,E-Werk Kindberg,sekretariat@ewerk-kindberg.at,https://ewerk-kindberg.at
115,E-Werk Neumarkt,info@ewerkneumarkt.com,https://www.ewerk-neumarkt.at
116,e.denzel,office@e-denzel.at,https://www.e-denzel.at
117,E.Kneidinger,office@elektro-kneidinger.at,https://www.elektro-kneidinger.at
118,E.L.M.A,buero@elma.at,https://www.elma.at
119,E1 Wärme Und Energie,service@e1wärmeundenergie.com,https://www.e-eins.at
120,EAH,contact@eah.com,https://www.eah.at
121,EAV Elektro,office@eav-gmbh.at,https://www.eav-gmbh.at
122,EB Technik,office@elektro-net.at,https://www.eb-technik.at
123,Eco Energiesysteme,info@ecoenergiesysteme.com,https://www.eco-energiesysteme.com
124,eco-tec.at,info@ecotecat.com,https://www.eco-tec.at
125,EcoliGhts,info@ecolights.at,https://www.ecolights.at
126,Ecowatt Erneuerbare Energien,service@ecowatterneuerbareenergien.com,https://www.ecowatt.at
127,Eder - Heizung - Sanitär,office@eder-heizung.com,https://www.eder-heizung.com
128,Eder Montagen,office@eder-montagen.at,https://www.eder-montagen.at
129,Ederer Solar,office@ederer-solar.at,https://ederer-solar.at
130,Edirektsolar,info@edirektsolar.com,http://www.edirektsolar.at
131,EEC Styria,Energie.eec@styria.at,https://www.eec-styria.com
132,EET-Knees,office@eet-knees.at,https://www.eet-knees.at
133,EFA Solar,Kalsdorfefa-solar@gmx.at,https://www.efa-solar.at
134,Efficiency Projects,office@efficiency-projects.com,https://www.efficiency-projects.com
135,EFIT Energie,info@efitenergie.com,https://www.efit.solar
136,EGIP,office@egip.at,https://www.egip.at
137,EGR Elektrotechnik,office@elektroruhs.com,https://elektroruhs.com
138,Ehoch2 Energy Engineering,service@ehoch2energyengineering.com,https://www.ehoch2.co.at
139,EHPS Elektrotechnik,office@ehps.at,https://www.ehps.at
140,Einsiedler Solartechnik,office@einsiedlersolar.at,http://www.einsiedler-solar.at
141,Eisl,info@eisl-elektrotechnik.at,https://eisl-elektrotechnik.at
142,EK Kammerhofer,office@kammerhofer.at,https://www.kammerhofer.at
143,EKT,info@ekt.com,https://www.etk.at
144,Elando Elektrotechnik,info@elandoelektrotechnik.com,https://www.elando.at
145,electrify,info@electrify.com,https://electrify.at
146,Elektro - Industrieanlagenbau,office@elektrofleischer.at,https://www.elektrofleischer.at
147,Elektro Achorner,info@elektroachorner.com,https://www.elektro-achorner.at
148,Elektro Berger,office@elektro-berger.com,https://www.elektro-berger.com
149,Elektro Bischofer,info@elektrobischofer.com,https://elektro-bischofer.at
150,Elektro Bodner,office@elektrobodner.at,https://www.elektrobodner.at
151,Elektro Böhm,info@elektroböhm.com,http://elektro-boehm.at/
152,Elektro Buchinger,verkauf@elektro-buchinger.com,https://www.expert-buchinger.at
153,Elektro Buder,CONTACT@elektrobuder.com,https://www.elektro-buder.at
154,Elektro Demel,info@elektrodemel.com,https://www.elektrotechnik-salzburg.at
155,Elektro Dobraunig,office@dobraunig.at,http://www.dobraunig.at
156,Elektro Dohr,office@elektro-dohr.at,https://www.elektro-dohr.at
157,Elektro Dollfuß,info@elektrodollfuß.com,https://www.elektrodollfuss.at
158,Elektro Ebner,verkauf@elektroebner.at,https://www.elektroebner.at
159,Elektro Ehn,INFO@elektroehn.com,https://elektro-ehn.at
160,Elektro Enzi,elektroenzi@aon.at,https://www.elektroenzi.at
161,Elektro EPP,anfrage@elektro-epp.at,https://elektro-epp.at
162,Elektro Feichtner,office@elektro-feichtner.at,https://elektro-feichtner.at
163,Elektro Fladischer,info@elektrofladischer.com,https://www.elektrofladischer.at
164,Elektro Frauscher,info@elektrofrauscher.com,http://www.elektrofrauscher.at
165,Elektro Frimbichler,office@frimbichler.at,https://www.frimbichler.at
166,Elektro Froschauer Gesellschaft,info@elektrofroschauergesellschaft.com,https://www.expertfroschauer.at
167,Elektro Fuchs,info@elektrofuchs.com,https://www.elektrofuchs.at
168,Elektro Füreder,service@elektrofüreder.com,https://elektro-fuereder.at
169,Elektro GF,office@elektrogf.at,https://elektrogf.at
170,Elektro Gindl,office@gindl.at,https://www.gindl.at
171,Elektro Glatz & Valenta,elektro.glatz.valenta@gmail.com,https://www.elektro-valenta.at
172,Elektro Göbl-Schachinger,office@et-schachinger.at,http://et-schachinger.at
173,Elektro Goller,elektro.goller@aon.at,https://www.elektro-goller.at
174,Elektro Götz,Info@elektrogötz.com,https://www.etgoetz.at
175,Elektro Grosz,office@elektro-grosz.at,http://www.elektro-grosz.at
176,Elektro Gschanes,office@elektro-gschanes.at,https://elektro-gschanes.at
177,Elektro Haas,contact@elektrohaas.com,http://www.elektrohaas.info
178,Elektro Hackl,office@elektrohackl.at,https://elektrohackl.at
179,Elektro Hainz,office@elektro-hainz.at,https://www.elektro-hainz.at
180,Elektro Heißenberger,contact@elektroheißenberger.com,https://www.elektro-heissenberger.
181,Elektro Helmut Sunk,info@elektrohelmutsunk.com,https://www.elektro-sunk.at
182,Elektro Hentschel Gesellschaft,elektro@hentschel.at,https://elektro.hentschel.at
183,Elektro Hinterdorfer,info@elektro-h.atwww.elektro-h.at,https://elektro-h.at
184,Elektro Hölzl,elektro-hoelzl@sbg.at,https://www.elektro-hoelzl.at
185,Elektro Horvath,office@elektrohorvath.at,https://www.elektrohorvath.at
186,Elektro Hutterer,office@hutterer.biz,https://www.hutterer.biz
187,Elektro J. Amenitsch,office@amenitsch.com,https://www.amenitsch.com
188,Elektro Jäger,office@elektrojaeger.at,https://www.elektrojaeger.at
189,Elektro Karrer,office@karrernet.at,https://www.karrernet.at
190,Elektro Kavalirek,info@elektrokavalirek.com,https://www.elektro-kavalirek.at
191,Elektro Kern,contact@elektrokern.com,https://www.e-kern.at
192,Elektro Klocker,info@elektro-klocker.at,https://www.elektro-klocker.at
193,Elektro Kölbel,office@elektro-koelbel.at,https://www.elektro-koelbel.at
194,Elektro Kollaczia,strom@elektro-kollaczia.at,https://www.elektriker-tirol.at
195,Elektro König,info@elektrokönig.com,https://www.stromprofi.at
196,Elektro König,office@elektro-koenig.at,https://www.elektro-koenig.at
197,Elektro Korschan,info@elektrokorschan.com,http://www.solar-pv.at
198,Elektro Krobath,info@elektrokrobath.com,https://elektro-krobath.at
199,Elektro Kropiunik,office@elektro-kropiunik.at,https://www.elektro-kropiunik.at
200,Elektro Lafer,office@elektro-lafer.at,https://www.elektro-lafer.at
201,Elektro Landschützer,elektro@expert-landschuetzer.at,https://www.expert-landschuetzer.at
202,Elektro Lang,info@elektrolang.com,https://www.elektro-lang.at
203,Elektro Langeder,office@elektro-langeder.at,https://www.elektro-langeder.at
204,Elektro Langreiter,office@elektro-langreiter.at,https://www.elektro-langreiter.at
205,Elektro Leitl,office@elektro-leitl.at,https://www.elektro-leitl.at
206,Elektro Lipp,office@elektro-lipp.at,https://www.elektro-lipp.at
207,Elektro Luchner,office@elektro-luchner.at,https://www.elektro-luchner.at
208,Elektro Maislinger,info@elektromaislinger.com,https://www.elektro-maislinger.at
209,Elektro Margreiter,office@margreiter.com,https://www.margreiter.com
210,Elektro Meier,office@elektro-meier-hubert.at,https://www.elektro-meier-hubert.at
211,Elektro Meißnitzer,office@elektro-meissnitzer.com,https://www.elektro-meissnitzer.com
212,Elektro Merl,service@elektromerl.com,https://merl.at
213,Elektro Mörth Installation,contact@elektromörthinstallation.com,https://www.installation-moerth.at
214,Elektro Moser,info@elektromoser.com,https://elektro-moser.at
215,Elektro Mösl,info@elektro-moesl.at,https://elektro-moesl.at
216,Elektro Müller,em@emueller.at,https://www.emueller.at
217,Elektro Neuböck,contact@elektroneuböck.com,https://neuboeck.at
218,Elektro Neuhuber,info@elektroneuhuber.com,https://www.elektro-neuhuber.at
219,Elektro Neunegger,contact@elektroneunegger.com,http://elektro-neunegger.at/
220,Elektro Oberreiter,contact@elektrooberreiter.com,https://www.elektro-oberreiter.at
221,Elektro Ortner,info@elektro-ortner.at,https://www.elektro-ortner.at
222,Elektro Pachner,office@elektro-pachner.at,https://www.elektro-pachner.at
223,Elektro Papst,info@elektropapst.com,http://www.elektro-papst.at
224,Elektro Pirker,office@elektro-pirker.at,https://www.elektro-pirker.at
225,Elektro Plangger,info@elektro-plangger.at,https://www.elektro-plangger.at
226,Elektro Pointner,info@elektropointner.com,https://www.elektro-pointner.at
227,Elektro Pühringer,office@ep-puehringer.at,https://www.ep-puehringer.at
228,Elektro Rapold,office@elektro-rapold.at,https://www.elektro-rapold.at
229,Elektro Rauch,office@hb-elektro.at,https://www.elektro-rauch.at
230,Elektro Reiter,elektro-reiter@gmx.at,https://www.elektroservicepartner-reiter.at
231,Elektro Rutter,Contact@elektrorutter.com,https://www.elektro-rutter.at
232,Elektro Sammer,service@elektrosammer.com,https://www.elektrosammer.at
233,Elektro Schartner,service@elektroschartner.com,https://www.schartner.at
234,Elektro Schmitzer,info@elektro-schmitzer.at,https://www.elektro-schmitzer.at
235,Elektro Schober,info@elektroschober.com,https://www.elektro-schober.at
236,Elektro Schreier,office@elektro-schreier.at,http://www.elektro-schreier.at
237,Elektro Schuster,office@elektroschuster.at,http://www.elektroschuster.at
238,Elektro Schwaiger,office@elektroschwaiger.at,https://www.elektroschwaiger.at
239,Elektro Schwarzmann,contact@elektroschwarzmann.com,https://www.elektro-schwarzmann.at
240,Elektro Schweitzer,office@elektro-schweitzer.at,https://www.elektro-schweitzer.com
241,Elektro Spreitzer,info@elektrospreitzer.com,https://www.elektro-spreitzer.at
242,Elektro Stadler,info@elektro-stadler.at,https://www.elektro-stadler.at
243,Elektro Stingeder,info@elektrostingeder.com,https://www.elektro-stingeder.at
244,Elektro Thonhofer,info@elektrothonhofer.com,https://www.thonhofer.com
245,Elektro Tisch,contact@elektrotisch.com,https://etisch.at
246,Elektro Volk,contact@elektrovolk.com,http://www.volk.at
247,Elektro Völtl Installation u. Handel,voeltl@peilstein.net,https://www.elektro-voeltl.at
248,Elektro Waldhuber,office@elektro-waldhuber.at,https://www.elektro-waldhuber.at
249,Elektro Weiland,info@elektroweiland.com,https://www.elektro-weiland.at
250,Elektro Weiländer,contact@elektroweiländer.com,https://www.photovoltaik-systeme.at
251,Elektro Wenger,office@elektro-wenger.at,https://www.elektro-wenger.at
252,Elektro Widlroither Installations- und Handels,office@elektro-widlroither.at,https://www.elektro-widlroither.at
253,Elektro Wiesinger,office@elektro-wiesinger.at,http://www.elektro-wiesinger.at
254,Elektro Winter,info@elektrowinter.com,http://www.elektro-winter.at
255,Elektro- Handel Brunner,technik@elektro-brunner.at,https://www.elektro-brunner.at
256,Elektro-Funk-Technik Obholzer,obholzer.schwaz@aon.at,https://www.elektriker-schwaz.at
257,Elektro-Hartlieb,office@elektro-hartlieb.at,https://elektro-hartlieb.at
258,Elektro-Kagerer,info@elektrokagerer.com,https://www.kagerer.at
259,Elektro-Meisterbetrieb - Bernhard Herzog,office@elektro-meisterbetrieb.at,https://www.elektro-meisterbetrieb.at
260,Elektro-System-Technik-Graupner,technik@est-graupner.at,https://www.est-graupner.at
261,Elektro.con,info@elektrocon.com,https://www.elektro-con.at
262,Elektroinstallationen Balcik,service@elektroinstallationenbalcik.com,https://www.elektrobalcik.at
263,elektroMANNI,office@elektro-manni.at,https://www.elektro-manni.at
264,Elektrotausendsassa,service@elektrotausendsassa.com,https://www.elektrotausendsassa.at
265,Elektrotechnik Alexander Klein,SERVICE@elektrotechnikalexanderklein.com,https://www.alexander-klein.at
266,Elektrotechnik Andreas Strasser,contact@elektrotechnikandreasstrasser.com,http://www.strasser-tirol.at
267,Elektrotechnik Delic,info@elektrotechnik-delic.at,https://www.elektrotechnik-delic.at
268,Elektrotechnik Fritz,office@elektrofritz.at,https://www.elektrofritz.at
269,Elektrotechnik Glatz,office@elektrotechnik-glatz.at,https://www.elektrotechnik-glatz.at
270,Elektrotechnik Guttmann,info@elektrotechnikguttmann.com,https://www.elektrotechnik-guttmann.at
271,Elektrotechnik Habermann,office@habermann.at,https://www.habermann.at
272,Elektrotechnik Harald Tantscher,service@elektrotechnikharaldtantscher.com,https://www.elektrotechnik-tantscher.at
273,Elektrotechnik Hell,service@elektrotechnikhell.com,https://www.elektrotechnikhell.wien
274,Elektrotechnik Herbst,info@elektrotechnik-herbst.at,https://www.elektrotechnik-herbst.at
275,Elektrotechnik Köberl,koeberl@etbk.at,https://etbk.at
276,Elektrotechnik Krenmayr,office@krenmayr.co.at,http://www.krenmayr.co.at
277,ElektroTechnik Loibner,info@loibner-tech.at,https://www.loibner-tech.at
278,Elektrotechnik Mike,contact@elektrotechnikmike.com,https://www.mike.co.at
279,Elektrotechnik Moser,info@elektrotechnik-moser.at,https://www.elektrotechnik-moser.at
280,Elektrotechnik Müller-Gaich,info@elektrotechnikmüllergaich.com,https://etmueller-gaich.at
281,Elektrotechnik Neuhold,office@elektrotechnik-neuhold.at,https://elektrotechnik-neuhold.at
282,Elektrotechnik Neuner,info@elektrotechnikneuner.com,https://elektrotechnik-seefeld.at
283,Elektrotechnik Nothegger,contact@elektrotechniknothegger.com,https://www.elektro-nothegger.at
284,Elektrotechnik Paier,service@elektrotechnikpaier.com,https://www.elektrotechnik-paier.at
285,Elektrotechnik Paul Burger,info@elektrotechnikpaulburger.com,https://www.paulburger.at
286,Elektrotechnik Permoser,SERVICE@elektrotechnikpermoser.com,https://elektromesstechnik-permoser.at
287,Elektrotechnik Pollhammer,office@etp.co.at,https://www.etp.co.at
288,Elektrotechnik Posch,contact@elektrotechnikposch.com,http://www.elektroposch.at
289,Elektrotechnik Rehak,stefan.rehak@elektrotechnik-rehak.at,https://www.elektrotechnik-rehak.at
290,Elektrotechnik RN,rivic@gmx.at,https://www.elektrotechnik-rn.at
291,Elektrotechnik Scheidenberger,-feistritz@elin.com,https://www.scheidenberger.at
292,Elektrotechnik Schlögl,j.schloegl@outlook.com,https://www.elektrotechnik-schloegl.at
293,Elektrotechnik Schwaighofer,joaschwaig@hotmail.com,https://elektro-schwaighofer.at
294,Elektrotechnik Selman,info@elektrotechnikselman.com,https://www.elektrotechnikselman.at
295,Elektrotechnik Silber,info@elektrotechniksilber.com,https://elektrotechnik-silber.at
296,Elektrotechnik Szabo,Info@elektroszabo.at,https://elektroszabo.at
297,Elektrotechnik Tirol,info@et-tirol.at,https://www.et-tirol.at
298,Elektrotechnik Wallner GmbH,office@etech-wallner.at,https://www.etech-wallner.at
299,Elektrotechnik Wiederin,contact@elektrotechnikwiederin.com,https://www.e-wiederin.at
300,Elektrotechnik-Martin Pichler,contact@elektrotechnikmartinpichler.com,https://www.e-mp.at
301,Elektrowerkstatt Gubesch,service@elektrowerkstattgubesch.com,https://www.gubesch.at
302,ELSOL,info@elsol.com,https://www.elsol.at
303,Elwera Installations,buero@elwera.at,https://www.elwera.at
304,Emerald Horizon,Contact@emeraldhorizon.com,https://emerald-horizon.com
305,Emh-Automatisierung,office@emh-automatisierung.at,https://emh-elektrotechnik.at
306,EMK-Elektrotechnik,office@emk-kuternig.at,https://www.emk-kuternig.at
307,EMMZ,emmz@wellcom.at,https://www.emmz.at
308,EN Elektrotechnik,office@en-elektrotechnik.at,https://www.en-elektrotechnik.at
309,ENcome,info@encome.com,https://www.en-come.com
310,ENdorado,info@endorado.com,https://www.endorado.at
311,Energie - Haustechnik Wagner,info@energiehaustechnikwagner.com,https://www.energie-haustechnik.at
312,Energie Steiermark,contact@energiesteiermark.com,https://www.e-steiermark.com
313,Energie und Badkultur,office@energieundbadkultur.at,http://www.energieundbadkultur.at
314,Energieautonom,technik@e-autonom.at,https://www.e-autonom.at
315,Energietechnik,stulrich@1a-bad.at,https://1a-energietechnik.at
316,Energietechnik Ergüven,info@energietechnikergüven.com,https://www.energietechnikergueven.at
317,Energietechnik Nauschnegg,office@nauschnegg.atwww.nauschnegg.com,https://www.nauschnegg.at
318,Energiezone Elektrotechnik,office@energiezone.at,https://www.energiezone.at
319,Energy2Light Elektrotechnik,office@energy2light.at,https://www.energy2light.at
320,Energy3000 Solar,office@energy3000.com,https://energy3000.com
321,energy4experts,office@e4e.co.at,https://www.e4e.co.at
322,Enersolution,contact@enersolution.com,http://www.enersolution.eu
323,Enery Development,info@enerydevelopment.com,https://enery.energy
324,Engels-Hände,service@engelshände.com,https://www.xn--engels-hnde-s8a.at
325,Enthofer & Böck,info@elektrik-mechanik.at,https://www.elektrik-mechanik.at
326,Entner Matthias,contact@entnermatthias.com,https://entner-photovoltaik.at
327,EPI Energietechnik,office@epi-energietechnik.at,https://www.epi-energietechnik.at
328,Episch,info@episch.com,https://www.episch.at/was/
329,EPV Adam,office@epv-adam.at,https://www.epv-adam.at
330,EPV Team,michael.rogl@epvteam.at,https://www.epvteam.at
331,EQ-Systems,info@eqsystems.com,https://eq-systems.at
332,Ernst Schiermayr,office@schiermayr.at,https://schiermayr.at
333,ERST,contact@erst.com,https://www.elektro-regeltechnik.at
334,Erwin Eberharter,eberharterzellberg@aon.at,https://www.installateur-spengler-zellberg.at
335,ESA,info@esa.com,https://www.esa.at
336,ESL Elektro,office@esl-elektro.at,https://esl-elektro.at
337,Esno,office@esno.at,https://esno.at
338,Essl Dach,contact@essldach.com,https://www.essl-dach.at
339,ET-König,info@et-koenig.at,https://www.et-koenig.at
340,ET4,office@et4.at,https://www.et4.at
341,Etec-Holzbauer,office@etec-holzbauer.at,https://www.etec-holzbauer.at
342,Etech,office@etech.at,https://www.etech.at
343,Etech Moerth Infrastructure,INFO@etechmoerthinfrastructure.com,https://www.etech-moerth.com
344,etechnik Weinhofer,contact@etechnikweinhofer.com,https://www.etechnik.co.at
345,ETH,anfrage@elektro-huber.at,https://www.elektro-huber.at
346,ETH,elektro@et-hochgatterer.at,https://www.et-hochgatterer.at
347,ETKS,info@etks.com,https://www.etks-elektrotechnik.at
348,ETL Elektrotechnik,info@etl-elektrotechnik.at,https://etl-elektrotechnik.at
349,ETM,info@etm.com,https://www.etm-gmbh.at
350,etr Elektrotechnik,contact@etrelektrotechnik.com,https://www.etr.co.at
351,ETS,office@et-schiffner.at,https://www.et-schiffner.at
352,ETT,Service@ett.com,https://www.et-trummer.at
353,Etu,DonauE-Mailoffice@etu.co.at,https://www.etu.co.at
354,Everto,service@everto.com,https://www.everto.at
355,EWR Energie,kundencenter-reutte@ewr.at,https://www.ewr-energie.com
356,EWW Gruppe,info@eww.at,https://www.eww.at
357,EXA,office@exa.co.at,https://www.exa.co.at
358,Exenberger Elektro-Technik,info@exenbergerelektrotechnik.com,https://www.kitz-elektro.at
359,Expert,kundenservice@expert.at,https://www.expert.at
360,Expert Bruckner,office@expert-bruckner.at,https://www.expert-bruckner.at
361,Expert Elektrojet,office@ejet.at,https://www.ejet.at
362,Expert Lenz,Contact@expertlenz.com,https://www.elektrolenz.at
363,Expert Margreiter,office@margreiter.at,https://expert.margreiter.at
364,Expert Mühlthaler,expert-muehlthaler@sbg.at,https://www.xn--elektro-mhlthaler-b3b.at
365,Expert Oberklammer,info@expertoberklammer.com,https://oberklammer.at
366,Expert Wild,info@elektrotechnik-wild.at,https://www.elektrotechnik-wild.at
367,F&M Elektrotechnik,info@fmelektrotechnik.com,https://www.fmelektro.at
368,Fabbri Dach,info@fabbridach.com,http://www.fabbri.at
369,Faber & Jäger,office@sonnenkraftwerker.at,https://sonnenkraftwerker.at
370,Falkner & Riml,info@falkner-riml.at,https://www.falkner-riml.at
371,Farcher,office@farcher.at,https://www.ep.at/farcher/
372,FDA Solar,Service@fdasolar.com,https://www.fda-solar.at
373,Feilmayr,office@e-feilmayr.at,https://www.e-feilmayr.at
374,Felbermayer,info@felbermayer.com,http://www.hpf-dach.at
375,FERK Elektrotechnik,info@ferkelektrotechnik.com,https://www.ferk-elektrotechnik.at
376,Fida-Installationen,info@fidainstallationen.com,https://www.fida-installationen.at
377,Fiegl & Spielberger,thomas.ottenbacher@fiegl.co.at,https://www.fiegl.co.at
378,Fleischmann & Petschnig Dach,klagenfurt@fp-dach.at,https://www.fp-dach.at
379,FLG Energy,office@flg-energy.at,https://flg-energy.at
380,Forschner Haustechnik,office@forschner.at,https://www.forschner.at
381,Fortuna Solar,info@fortunasolar.com,https://www.fortuna-solar.at
382,Franz Berger-Söllinger,berger.soellinger@liwest.at,https://www.berger-soellinger-installationen.at
383,Franz Gartner,illmitz@elektro-gartner.at,http://www.elektro-gartner.at
384,Franz Rehberger,info@franzrehberger.com,https://www.rehberger-dach.at
385,Frauenthal Handel Group,info@frauenthalhandelgroup.com,https://www.badundenergie.at
386,Friedrich Neidhart,office@neidhart.at,https://www.neidhart.at
387,Fritz Hauser,office@fritzhauser.at,https://www.hauserfritz.at
388,Fuchs Erwin Bäderstudio,info@fuchserwinbäderstudio.com,https://haustechnik-fuchs.at
389,Fuchs Haustechnik,fuchs-haustechnik@gmx.at,https://www.fuchs-haustechnik.at
390,Fuchs Josef,contact@fuchsjosef.com,https://www.josef-fuchs.at
391,Funktechnik Klein,info@funktechnikklein.com,https://www.ftk.at
392,Fürtbauer,sani@fuertbauer.at,https://www.fuertbauer.at
393,G. Braumann Gesellschaft,info@gbraumanngesellschaft.com,https://www.braumann.co.at
394,Gamsjäger,service@gamsjäger.com,https://www.elektrogamsjaeger.at
395,Ganglberger Haustechnik,info@ganglbergerhaustechnik.com,https://www.h-ganglberger.at
396,Gartner Elektrotechnik,office@gartner.co.at,https://www.gartner.co.at
397,Gasokol,office@gasokol.at,https://www.gasokol.at
398,Gasta Kälte- Klima- Elektrotechnik,office@gasta.at,https://gasta-kaelte-klima.at
399,GAT Solar,office@gat-solar.at,https://www.gat-solar.at
400,Gatterer,info@gatterer.com,https://www.gatterer-heizung.com
401,Gawahei,office@gawahei.at,https://www.gawahei.at
402,GCC-Spenglerei,office@spenglerei-gcc.at,https://www.spenglerei-gcc.at
403,GEG Elektro und Gebäudetechnik,gmunden@geg.co.at,https://geg.co.at
404,Georg Eisl,service@georgeisl.com,http://www.elektro-eisl.at
405,Georg Gföller GmbH,office@georg-gfoeller.at,https://www.energieautark-tirol.at
406,Georg Kainrath,info@georg-kainrath.at,https://georg-kainrath.at
407,Georg Windhofer Elektrotechnik,georg@windhofer.com,https://www.sonnenstrom-salzburg.at
408,Gerald Szegner,office@ds-ht.at,http://www.szegner.at
409,Gernot Brunner,brunner.gernot@aon.at,https://www.expert-brunner.at
410,GK Electrics,service@gkelectrics.com,https://gk-electrics.com
411,Glanz Solar,info@glanzsolar.com,https://glanzsolar.at
412,Glas Jurtschitsch,SERVICE@glasjurtschitsch.com,https://www.photovoltaikcenter.at
413,Glettler Installationen,office@glettler-installationen.at,https://www.glettler-installationen.at
414,Gnam Elektrotechnische Anlagen,info@gnamelektrotechnischeanlagen.com,http://www.gnam.at
415,Goran Grgic,office@installationen-grgic.at,https://installationen-grgic.at
416,Gottwald,office@gottwald.at,https://www.gottwald.at
417,GPA System,office@greenpact.at,https://www.greenpact.at
418,Graspointner,info@graspointner.com,https://www.graspointner.com
419,Green Electrics Licht & Energietechnik,info@greenelectricslichtenergietechnik.com,https://green-electrics.at
420,Green Solar Solution,kontakt@greensolarsolution.at,https://greensolarsolution.at
421,Green Synergy Elektrotechnik,office@gsyn.at,https://www.greensynergy.at
422,Green Tech Solutions,info@greentechsolutions.com,https://www.erhart-ems.at
423,Greenfinity,Emaildorfner@greenfinity.at,https://www.greenfinity.at
424,Greenlemon,info@greenlemon.com,https://greenlemon.solar
425,Greenroof Energy,office@greenroof-energy.at,https://www.greenroof-energy.at
426,Greensol,walterschwarzl@gmx.at,https://www.greensol.at
427,Grundner Solarmontagen,office@grundner-solarmontagen.at,https://www.grundner-solarmontagen.at
428,Grutsch Technik,office@grutsch.at,https://www.grutsch.at
429,GS Technik,info@gstech.at,https://www.gstechnik.com
430,Günther Handle,contact@güntherhandle.com,https://www.handle.co.at
431,GW,info@gw.com,https://gwtelfs.at
432,GWT,office@gwt.at,https://www.gwt.at
433,H + S Solartechnik,office@hs-solartechnik.com,https://www.hs-solartechnik.com
434,HA SolarHandel,office@solarpvanlagen.at,https://solarpvanlagen.at
435,Haberl Elektrotechnik,contact@haberlelektrotechnik.com,https://elektrotechnik-haberl.at
436,Hacker & Petermann,hrermartin.hacker@hacker-petermann.at,https://www.hacker-petermann.at
437,Haider Energies,contact@haiderenergies.com,https://haider-energies.com
438,HalloSonne,info@hallosonne.com,https://www.hallosonne.com
439,Hans Anton Hochfilzer,hochfilzer.elektro@tirol.com,https://www.elektro-hochfilzer.at
440,Hansesun Austria,office@hansesun.at,https://hansesun.at
441,Harisberger Fair Energy,contact@harisbergerfairenergy.com,https://www.harisberger.at
442,Harvest Bau,info@harvestbau.com,https://harvest-bau.at
443,Hausruck-Dach,office@hausruck-dach.at,https://hausruck-dach.at
444,Haustechnik Güssing,info@haustechnikgüssing.com,https://www.htg.at
445,Haustechnik Hochrieder,technik@hochrieder.at,https://www.hochrieder.at
446,Haustechnik Klausner,office@klausner.co.at,https://www.klausner-haustechnik.at
447,Haustechnik Pusch,info@haustechnikpusch.com,https://www.haustechnik-pusch.at
448,Haustechnik Vöcklabruck,info@haustechnikvöcklabruck.com,https://haustechnik-voecklabruck.at
449,HBT Energietechnik,office@hbt-energie.com,https://hbt-energie.com
450,HDG Installationstechnik,contact@hdginstallationstechnik.com,https://www.hdg-gmbh.at
451,Heidecker,office@heidecker.at,https://www.heidecker.at
452,Heizfink,info@heizfink.at,https://heizfink.at
453,Heizung Uhrmann,office@uhrmann.at,https://www.uhrmann.at
454,Heizungsbau Solartechnik,service@heizungsbausolartechnik.com,http://www.solar-kuhn.at
455,Helios Sonnenstrom,office@helios-sonnenstrom.at,https://www.helios-sonnenstrom.at
456,Hellmayr,martin@hellmayr.at,https://www.hellmayr.at
457,Hengster,office@hengster.at,https://www.hengster.at
458,Herbitschek,office@herbitschek.at,https://www.herbitschek.at
459,Hereschwerke,FAQsservice@hereschwerke.com,https://hereschwerke.com
460,Herk Elektrotechnik,office@elektroherk.at,https://www.elektroherk.at
461,Hermann Koppi,service@hermannkoppi.com,http://www.koppi.at
462,Hermann Rosenberger,office@gwh-rosenberger.at,https://www.gwh-rosenberger.at
463,HESS,contact@hess.com,https://www.unserdach.at
464,Hilber Solar,contact@hilbersolar.com,https://www.hilber.solar
465,Hinteregger-ESTEC,dih@estec.at,https://www.solartechnik.at
466,HLSG Installations,service@hlsginstallations.com,https://www.hlsg-installationen.at
467,HME,info@hme.com,https://hme-gmbh.at
468,HOB,kundendienst@hob.at,https://www.hob.at
469,Höbert Installations,office@hoebert-installationen.at,https://www.hoebert-installationen.at
470,Hochstöger,office@hochstoeger-dach.at,https://www.hochstoeger-dach.at
471,Hofbauer Installationen,info@hofbauerinstallationen.com,https://www.installationen-hofbauer.at
472,Höfinger & Hametner,office@elektro-hoha.at,http://www.elektro-hoha.at
473,Höller Elektrotechnik,office@elektro-hoeller.at,https://elektro-hoeller.at
474,Holosch,office@holosch.at,https://www.holosch.at
475,Holzinger,office@holzinger-installationen.at,https://www.holzinger-installationen.at
476,Holzner Elektrotechnik,info@holznerelektrotechnik.com,https://holzner-elektrotechnik.at
477,Hörburger,service@hörburger.com,https://www.hoerburger.at
478,Hörmann Technik,contact@hörmanntechnik.com,https://www.expert-hoermann.at
479,Hotter-Elektro,hotter-michael@aon.at,https://www.hotter-energy.at
480,HSA Scharrenbroich,office@hsa.co.at,https://www.hsa.co.at
481,HSH,info@hsh.com,https://www.holzdiesonne.net
482,Huber Photovoltaik,info@huberphotovoltaik.com,https://www.pv-huber.at
483,Huemer,service@huemer.com,https://www.huemer-energietechnik.at
484,HWY Solar,info@hwysolar.com,https://www.hwysolar.at
485,ib Rauscher,office@ibr.co.at,https://www.ibr.co.at
486,ICS-Energy Ulm,office@ics-energy.at,http://www.ics-energy.at
487,IET Reiterer,service@ietreiterer.com,https://www.iet-reiterer.at
488,IGB Elektrotechnik,info@igbelektrotechnik.com,https://www.igb-elektrotechnik.at
489,IKB,contact@ikb.com,https://www.ikb.at
490,Illmer Elektro,office@illmer-elektro.com,https://www.illmer-elektro.com
491,immOH!,contact@immoh.com,https://www.immoh.at
492,IMPuls Elektrotechnik,office@impuls-etechnik.at,https://www.impuls-etechnik.at
493,ImWind,info@imwind.com,https://www.imwind.at
494,Ing. Aigner,office@ing-aigner.at,https://www.ing-aigner.at
495,Ing. Fritz Manschein,Info@ingfritzmanschein.com,http://elektro-manschein.at
496,Ing. Hans Jürgen Laschat,office@baudendistel.at,https://www.baudendistel.at
497,Ing. Manfred Vogt Elektrotechnik,info@ingmanfredvogtelektrotechnik.com,https://www.elektrotechnik-vogt.at
498,Ing. Varga,office@varga-heizung.at,https://www.varga-heizung.at
499,InServe,info@inserve.com,https://www.inserve.at
500,Installateur Harald Meisinger,info@installateurharaldmeisinger.com,https://www.meisinger.cc
501,Installateurfritz Fritz,johann.fritz@installateurfritz.at,https://www.installateurfritz.at
502,Installation Peker,office@installation-peker.at,https://www.installation-peker.at
503,Installationen Guem,info@installationen-guem.at,https://www.installationen-guem.at
504,Installationen Johann Sallinger,office@j-sallinger.at,https://installationen-sallinger.at
505,Intellikom,info@intellikom.com,https://info.intellikom.at
506,IPM Photovoltaik,info@ipmphotovoltaik.com,https://www.photovoltaik-industrie.at
507,ISElektrotechnik,office@e-installationen.at,https://www.e-installationen.at
508,ITH Engineering,contact@ithengineering.com,https://www.ith-engineering.at
509,IWD,contact@iwd.com,http://iwd-gmbh.at
510,J/S Elektrotechnik,office@js-elektrotechnik.atwww.js-elektrotechnik.at,http://www.js-elektrotechnik.at
511,Jackl & Riessner Elektrotechnik,office@jackl-riessner.at,https://www.jackl-riessner.at
512,Jäger & Kronsteiner Elektrotechnik,office@jaekro.at,https://www.jaekro.at
513,Janker u. Haiderer Installateur,janker@janker-haiderer.at,https://www.janker-haiderer.at
514,JED Solar,INFO@jedsolar.com,https://www.jedsolarservice.at
515,JEG Elektrotechnik,info@jegelektrotechnik.com,https://www.jeg-elektro.at
516,JK Dach,office@jkdach.com,https://www.jkdach.com
517,Johann Fasching,office@ht-fasching.at,http://ht-fasching.at
518,Johann Redinger,buero@expert-redinger.at,https://www.expert-redinger.at
519,Joke Systems,joke@joke-systems.at,https://www.joke-systems.com
520,Josef Grüneis – Heizungstechnik,service@josefgrüneisheizungstechnik.com,https://www.grueneis-ht.at
521,Josef Pani,office@josef-pani.eu,https://josef-pani.eu
522,Josef Rieder,info@josefrieder.com,https://www.rieder1a.at
523,Josef Voglmayr,zentrale@voglmayr.at,https://www.voglmayr.at
524,KAP-Haustechnik,info@kaphaustechnik.com,https://www.kap-haustechnik.at
525,Karl Mayerhofer,c.mayerhofer@ekm1.at,https://www.ekm1.at
526,Kärnten Solar,office@kaernten-solar.at,https://www.kaernten-solar.at
527,Kast & Schmidt,info@kastschmidt.com,https://www.kast-schmidt.at
528,Katzdobler,contact@katzdobler.com,https://katzdobler.at
529,KDS,info@kds.com,https://www.kds.co.at
530,KES,INFO@kes.com,https://www.kernbauer-solutions.at
531,KFD,privacy@osmfoundation.org,https://www.kfd.at
532,Kiendler,office@kiendler.at,https://elektrotechnik.kiendler.at
533,Kieninger,-goisern@kieninger.at,https://www.kieninger.at
534,Kieninger Energietechnik,markus.lichtenegger@kieninger.at,https://kieninger-energietechnik.at
535,Klammler,info@klammler.at,https://www.klammler.at
536,Kleißl Heiztechnik,info@kleißlheiztechnik.com,https://www.kleissl-heiztechnik.com
537,Klenk & Meder,office@klenk.at,https://www.klenk.at
538,Klimart Kälte und Klimatechnik,INFO@klimartkälteundklimatechnik.com,https://klimart.at
539,Klingler Installationen,woergl@klinglerteam.at,https://www.solarklingler.at
540,Kmentt,buero@dach-kmentt.at,http://dach-kmentt.at
541,Kocer & Co,office@kocer-heiztech.at,https://www.kocer-heiztech.at
542,KOGA Energy,contact@koga-energy.com,https://www.koga-energy.com
543,Kollar,Info@kollar.com,https://www.kollar.at
544,Kolt - Woam,christian.rumpl@kolt-woam.at,https://www.kolt-woam.at
545,Konstantin Energy,info@konstantinenergy.com,https://www.konstantin-energy.at
546,Korkisch,office@korkisch.at,https://www.korkisch.at
547,Kraftwerk,service@kraftwerk.com,https://kraftwerk-photovoltaik.at
548,Krammer Elektrotechnik,office@krammer-elektrotechnik.at,https://www.krammer-elektrotechnik.at
549,Krasniqi EWK,office@k-ewk.at,https://www.k-ewk.at
550,KRAUS Elektrotechnik,office@elektro-kraus.at,https://www.elektro-kraus.at
551,Kreuzeder,info@kreuzeder.com,https://www.kreuzeder.cc
552,Krobath,office@krobath.at,https://www.krobath.at
553,Krottmeier Elektrik,office@krottmeier-elektrik.at,https://www.krottmeier-elektrik.at
554,KS Projektentwicklungs,office@ks-projektentwicklung.at,https://ks-projektentwicklung.at
555,KS Sales,info@ksservice.at,https://www.kssales.at
556,KSW,support@kswtech.com,https://www.kswtech.com
557,Kurt Wimmer,office@expert-wimmer.at,https://www.expert-wimmer.at
558,KWB Energiesysteme,office@kwb.net,https://www.kwb.net/de-at/produkte/
559,Laban,info@laban.at,https://www.laban.at
560,Lachtner Haustechnik,contact@lachtnerhaustechnik.com,https://www.heizungstechnik.or.at
561,Lackner Energietechnik,office@lackner-bhkw.at,https://www.lackner-bhkw.at
562,Lagerhaus,center@lagerhaus.at,https://lagerhaus.at
563,Langmann Consulting,contact@langmannconsulting.com,https://www.langmann-consulting.com
564,Lauss Gebäudetechnik,info@laussgebäudetechnik.com,https://www.lauss.at
565,Lautner-Heizung,info@lautnerheizung.com,http://lautner-heizung.at/
566,Legerer,office@haustechnik-legerer.at,https://www.haustechnik-legerer.at
567,Lehner Dach,info@lehnerdach.com,https://www.lehnerdach.at
568,Leichtfried,contact@leichtfried.com,http://www.leichtfried-dach.at
569,Leichtfried Elektrotechnik,office@leichtfried-elektro.at,https://www.leichtfried-elektro.at
570,Lemp Energietechnik,office@lemp-energietechnik.at,https://www.lemp-energietechnik.at
571,LeWorks,Info@leworks.com,https://www.leworks.at
572,Licht Loidl,info@lichtloidl.com,https://www.licht-loidl.at
573,Licht und Wärme,office@lichtundwaerme.at,https://lichtundwaerme.at
574,Lieb Bau Weiz,lieb@lieb.at,https://www.liebbauweiz.at
575,Lin HT,service@linht.com,https://www.lin-ba.at
576,Lins,contact@lins.com,https://www.linsdach.at
577,LiTec Elektro,office@litec-elektro.at,https://www.litec-elektro.at
578,Lohr,.lohr@strabag.com,https://www.lohr.at
579,LR Laser Raum,info@lrlaserraum.com,https://www.laserraum.at
580,LR Photovoltaik,contact@lrphotovoltaik.com,https://www.lr-photovoltaik.at
581,LSG,info@lsg.com,https://www.lsg-group.eu
582,Luftraum,office@luftraum.tech,https://luftraum.tech
583,Lugar,SERVICE@lugar.com,https://www.lugar.at
584,Lumplecker Elektro- und Energieoptimierungs,office@lumplecker.at,https://www.lumplecker.at
585,Luna Holding,contact@lunaholding.com,https://www.lunaholding.at
586,LupoSol,jkirilova@hostopia.com,http://luposol.co.at
587,Luzian Bouvier,info@luzianbouvier.com,https://www.bouvier.at
588,M-Heiztechnik,KontaktM-Heiztechnikoffice@m-heiztechnik.at,https://www.m-heiztechnik.at
589,M-TEC Energie.Innovativ,info@m-tec.at,https://m-tec.at
590,M. Kadlec,contact@mkadlec.com,https://www.phalke.at
591,M&M Energietechnik,office@mm-energietechnik.at,https://www.mm-energietechnik.at
592,M3 Solar,office@m3solar.eu,https://www.m3solar.eu
593,Make Elektrotechnik,office@elektrotechnik-make.at,https://elektrotechnik-make.at
594,Malina Installationsbetrieb,malina@beerenstark.at,https://www.malina-installateur.at
595,Marasolar,info@marasolar.at,https://marasolar.at
596,Marecek,office@marecek.at,https://www.marecek.at
597,Markart Installationen,info@markartinstallationen.com,https://www.markart.at
598,Markus Stolz,stolz@stolz.at,https://stolz.at
599,Martin Pock PV,office@pock-pv.at,https://pock-pv.at
600,Maschinenring Österreich,info@maschinenringösterreich.com,https://www.maschinenring.at
601,Matey,info@matey.com,https://www.matey.at
602,Maxx Photovoltaik,office@maxx.pro,http://www.maxx.pro
603,MayBerg,r.mayer@honsheizt.at,https://www.mayberg.eu
604,MD Elektrotechnik,contact@mdelektrotechnik.com,https://www.dinnobl.at
605,MEA Solar,anlagentechnik@eww.at,https://www.mea-solar.at
606,Mein Kraftwerk PV,mail@milianw.de,https://meinkraftwerk.at
607,Merl 1928,service@merl1928.com,http://www.merl1928.com
608,MG Gratz,service@mggratz.com,https://www.mg-gratz.com
609,MGM Elektrotechnik,e-Mailoffice@mgm-elektro.at,https://www.mgm-elektro.at
610,MiKo Photovoltaik,info@mikophotovoltaik.com,https://www.miko-photovoltaik.com
611,Mild Haustechnik,office@mild-haustechnik.at,https://www.mild-haustechnik.at
612,Mission Solar,info@mission-solar.at,https://www.mission-solar.at
613,Mitter,info@mitter.com,https://www.mitterheizung.at
614,Mitterhuemer,info@mitterhuemer.at,https://www.mitterhuemer.at
615,MK Service,office@mkservice.at,https://www.mkservice.at
616,ML SunPower,office@ml-sunpower.at,https://ml-sunpower.at
617,MM Solar & Photovoltaik,SERVICE@mmsolarphotovoltaik.com,https://www.montage-solar.com
618,Mochart,Info@mochart.com,https://mochart.at
619,Montron,sendorfoffice@montron.at,https://www.montron.at
620,Moser & Hartl,__office@moser-hartl.at,https://www.moser-hartl.at
621,Moser Photovoltaik,office@moser-solar.at,https://www.moser-solar.at
622,MS Elektrotechnik,service@mselektrotechnik.com,https://www.ms-elektro.at
623,MT-Safetech,info@mtsafetech.com,https://www.mt-safetech.at
624,MTE Elektrotechnik,info@mteelektrotechnik.com,https://www.mte-elektrotechnik.com
625,Muggenhumer Energiesysteme,info@muggenhumerenergiesysteme.com,https://www.muggenhumer.at
626,Müller & Helmert,SERVICE@müllerhelmert.com,https://www.mueller-helmert.at
627,Murauer Stadtwerke,office@murauer-stadtwerke.at,https://www.stadtwerke-murau.at
628,Musina Elektrotechnik,info@musinaelektrotechnik.com,https://www.musina.at
629,MWS-Installationen,contact@mwsinstallationen.com,https://www.mws-installationen.at
630,N-Tech3 Energy Technology,contact@ntech3energytechnology.com,https://www.n-tech3.at
631,NES,info@nes.com,https://www.nes-energy.eu
632,NET,office@neue-energie-technik.net,https://www.neue-energie-technik.net
633,Neudorfer,service@neudorfer.com,https://www.technik-zum-wohnen.at
634,Neuma Solar,office@neuma-solar.at,https://www.neuma-solar.at
635,Neumayer,office@neumayer.co.at,https://www.neumayer.co.at
636,Next Level Energy,contact@nextlevelenergy.com,https://www.next-level.energy
637,Nikko,welcome@nikko-pv.at,https://www.nikko-pv.at
638,Nocker Metallbau,office@nocker.at,https://www.nocker.at
639,Noortec,office@noortec.at,https://noortec.at
640,NOVA Energietechnik,contact@novaenergietechnik.com,https://nova-energietechnik.at
641,Nusshold Elektrotechnik-Photovoltaik,contact@nussholdelektrotechnikphotovoltaik.com,https://www.e-nusshold.at
642,Ocono,Service@ocono.com,https://ocono.at
643,OeKO Electric,service@oekoelectric.com,https://oeko-electric.eu
644,Oekostrom,c3d331449477693399c68826e2cea@o1312955.ingest.sentry.io,https://oekostrom.at
645,OH Voltaik Solaranlagenbau,info@oh-solar.at,https://www.oh-solar.at
646,Ökosolar PV,info@oekosolar.com,https://www.oekosolar.com
647,Ökovolt Solartechnik,info@ökovoltsolartechnik.com,https://oekovolt.com
648,Ökovoltblue,info@ökovoltblue.com,https://ökovoltblue.at
649,Omnis,office@omnisgroup.at,https://omnisgroup.at
650,One2zero,greentech@one2zero.at,https://one2zero.com
651,Oppenberger Photovoltaik,info@oppenbergerphotovoltaik.com,https://www.oppenberger.at
652,OSR Facility Services,office@osr.at,https://www.osr.at
653,P.S. Photovoltaik,INFO@psphotovoltaik.com,https://www.ps-photovoltaik.at
654,P.V.M.,info@pvm.com,https://www.p-v-m-sonnenenergie.at
655,P&W,info@pw.com,https://www.photovoltaik-waermepumpen.at
656,Paschinger,office@paschinger-install.at,https://www.installateur-paschinger.at
657,Peak-Photovoltaik,info@peakphotovoltaik.com,https://www.peak-photovoltaik.com
658,Peicher on,service@peicheron.com,https://www.peicher-on.at
659,Pemasol,office@pemasol.at,https://www.pemasol.at
660,Pernsteiner,office@elektro-pernsteiner.at,https://www.elektro-pernsteiner.at
661,PES,office@pes.co.at,https://pes.co.at
662,Peter Haghofer,haghofer@rainbach.net,https://www.haghofer.com
663,Peter Koch,info@peterkoch.com,https://www.koch-dach.at/i
664,Peter Krammer,contact@peterkrammer.com,http://et-krammer.at/
665,Peter Wörz Installations,info@woerz.at,https://www.woerz.at
666,Pfalz Gebäudetechnik,info@pfalzgebäudetechnik.com,https://www.installateur-pfalz.com
667,Photovoltaik Now,info@photovoltaiknow.com,https://www.photovoltaik-now.at
668,Photovoltaik Rechnitzer Michel,contact@photovoltaikrechnitzermichel.com,https://www.mr-photovoltaik.at
669,Photovoltaik Wirth,office@elektro-wirth.at,https://elektro-wirth.at
670,Photovoltaik.co,info@photovoltaikco.com,https://photovoltaik.co.at
671,PL Elektrotechnik,office@pl-elektrotechnik.at,https://www.pl-elektrotechnik.at
672,Planet Solaar,info@planetsolaar.com,https://www.planet-solaar.at
673,Plasser Energy,info@plasser-energy.at,https://plasser.energy
674,Platzl,office@platzl.net,https://www.platzl.net
675,Plexon Solar,info@plexonsolar.com,https://www.plexon-solar.com
676,Ploier + Hörmann,Contact@ploierhörmann.com,https://www.p-h.at
677,PMT Elektrotechnik,info@pmtelektrotechnik.com,https://pm-t.at
678,PoFi,office@pofi.at,https://www.pofi.at
679,Pöllmann & Partner,buero@poellmann-partner.at,https://poellmann-partner.at
680,Pörner Anlagenbau,info@pörneranlagenbau.com,https://www.poerner.net
681,Pöttinger Installations,info@pöttingerinstallations.com,https://www.poettinger-installationen.at
682,Powersolution,info@powersolution.com,https://www.powersolution.at
683,PowerSolution,service@powersolution.com,https://www.power-solution.eu
684,PR Photovoltaik,service@prphotovoltaik.com,https://www.pr-pv.at
685,Priesch Installationen,office@priesch-installationen.at,https://www.priesch-installationen.at
686,Pro Sonne,Info@prosonne.com,https://www.prosonne.at
687,PROFES,info@profes.com,https://www.profes.at
688,Profi-Elektro Installations- Und Handels,office@profi-elektro.at,https://www.profi-elektro.at
689,ProSolis,info@prosolis.at,https://www.prosolis.at
690,ProVolt Photovoltaik,info@provoltphotovoltaik.com,https://www.provolt.at
691,Pucher Wärme- und Wassertechnik,info@pucher-haustechnik.at,https://www.pucher-haustechnik.at
692,Pucherstrom.at,office@pucherstrom.at,http://www.pucherstrom.at
693,Püspök,service@püspök.com,https://www.puespoek.at
694,PV Energy,SERVICE@pvenergy.com,https://pvenergy.at
695,PV Expert,info@pvexpert.at,https://pvexpert.at
696,PV Fux,office@pvfux.at,https://www.pvfux.at
697,PV Klaus,info@pvklaus.com,https://www.pv-klaus.at
698,PV Kraftwerk,contact@pvkraftwerk.com,https://www.kraftwerk-gmbh.at
699,PV Power,info@pvpower.com,https://www.pvpower.at
700,PV Technologies,office@pvtechnologies.at,https://www.pvtechnologies.at
701,PV Tronik,office@pv-tronik.at,https://www.pv-tronik.at
702,PV-Mont,info@pv-mont.at,https://www.pv-mont.at
703,PV-Vision,office@pv-vision.at,https://www.pv-vision.at
704,PVI,info@pvi.com,https://www.pvi.co.at
705,PVN-Solarstrom,service@pvnsolarstrom.com,http://www.pvn-solarstrom.at
706,PVOne,info@pvone.at,https://www.pvone.at
707,PVPrime,office@pvprime.at,https://pvprime.at
708,PVS Energy,info@pvsenergy.com,https://www.pvs-energy.at
709,PWE System,Marchtrenkoffice@pwe-system.at,https://www.pwe-system.at
710,R Tec,info@rtec.com,https://www.r-tec.co.at
711,R. Liebhart,office@dachdeckerei-liebhart.at,https://www.dachdeckerei-liebhart.at
712,R2 Dach & Wand,office@reiter-dach.at,https://www.reiter-dach.at
713,Radel-Hahn Klimatechnik,info@radelhahnklimatechnik.com,https://www.radel-hahn.at
714,Rami Energietechnik,contact@ramienergietechnik.com,https://www.rami-energietechnik.at
715,Rappold & Partner,Contact@rappoldpartner.com,https://www.rappold-haustechnik.at
716,Rathmanner Energy,office@rathmanner-energy.at,https://www.rathmanner-energy.at
717,Rauhofer,office@rauhofer.at,https://www.rauhofer.at
718,Raymann Kraft Der Sonne,info@raymannkraftdersonne.com,https://www.raymann.at
719,RCOM,office@rcom.at,https://rcom.at
720,REDL,info@redl.com,https://www.redl.net
721,Regenfelder Bernhard Installations,info@regenfelderbernhardinstallations.com,https://www.installateur-kaernten.at
722,Regiowert Elektrotechnik,willkommen@regiowert-elektro.at,https://regiowert-elektro.at
723,Resch Elektrotechnik,office@elektro-resch.at,https://www.elektro-resch.at
724,ReschDach,contact@reschdach.com,https://www.reschdach.at
725,Revolta,sonnenstrom@revolta.at,https://www.revolta.at
726,Rhomberg Energie,info@rhomberg.com,http://rhomberg.com/
727,RoB Energie,service@robenergie.com,http://rob-energie.at/
728,Robert Leitner Elektrotechnik,info@robertleitnerelektrotechnik.com,https://www.elektro-leitner.wien
729,Roman Wallner,office@elektriker-wallner.at,https://www.elektriker-wallner.at
730,Rosel,service@rosel.com,https://www.ep.at
731,Rösner Haustechnik,mailroesner.haustechnik@gmail.com,https://www.roesner-haustechnik.com
732,Roth,info@roth.com,https://www.roth-diehandwerksmeister.at
733,RS Photovoltaik Betreiber,office@sonnengewinn.at,https://www.sonnengewinn.at
734,Rudolf Gutmann U. Sohn,info@rudolfgutmannusohn.com,https://www.gutmann.co.at
735,Rudolf Mayer Elektrotechnik,office@elektro-mayer.at,https://www.elektro-mayer.at
736,RWA Solar Solutions,solarsolutions@rwa.at,https://rwa-solarsolutions.at
737,S.E.T SolarEnergieTechnik,office@set-solar.at,https://www.set-solar.at
738,Sackl Energy,d.sackl@sacklenergy.at,https://www.sacklenergy.at
739,Sailer Sonnenstrom,i.sailer@sailer-gmbh.at,https://www.sailer-gmbh.at
740,SalzachSonne,office@salzachsonne.at,https://www.salzachsonne.at
741,Salzburg,contact@salzburg.com,https://www.salzburg-ag.at
742,Santer Solarprofi,info@ssp-products.at,https://www.ssp-products.at
743,SAR Anlagenbau,office@sar-anlagenbau.at,https://www.sar-anlagenbau.at
744,Sat Connexion,info@satconnexion.at,http://www.satconnexion.at
745,Saveworx,office@saveworx.at,https://www.saveworx.at
746,Sawotec Elektro,office@sawo-tec.at,https://www.sawo-tec.at
747,Schaber Installations,info@schaberinstallations.com,http://www.schaber-installationen.at
748,Schachner Dach,office@schachner-dach.at,https://www.schachner-dach.at
749,Schelling Elektro Gesellschaft,office@expert-schelling.at,https://www.expert-schelling.at
750,Schellmann,office@schellmann.co.at,https://www.schellmann.co.at
751,Schlapschy,office@schlapschy.at,http://schlapschy.at/
752,schlau-pv Energie,info@schlaupvenergie.com,https://www.schlau-pv.at
753,Schmidberger Elektroinstallations,office@schmidberger.at,https://schmidberger.at
754,Schneeberger,office@expert-schneeberger.at,https://www.expert-schneeberger.at
755,Schöftner Elektrotechnik,service@schöftnerelektrotechnik.com,https://www.schoeftner-et.at
756,Schönberger,office@schoenberger-haustechnik.at,https://schoenberger-haustechnik.at
757,Schuller Haustechnik,office@schuller-heizungstechnik.at,https://www.schuller-heizungstechnik.at
758,Schuster Elektro,office@schuster-elektro.at,https://www.schuster-elektro.at
759,Schütz,office@schuetz-technik.at,https://www.schuetz-technik.at
760,Schwarz Solar,service@schwarzsolar.com,https://www.schwarzsolar.at
761,"Schwarz, Wagendorffer",info@schwarzwagendorffer.com,https://www.ewerk.at
762,Schweng Installationen,office@schweng.at,https://schweng.at
763,Screenroof,office@screenroof.at,https://www.screenroof.com
764,SE Concepts,office@se-concepts.eu,https://www.se-concepts.eu
765,SECCOtech,office@seccotech.at,https://seccotech.at
766,Secundo Photovoltaik,UnsReferenzenanfragen@secundo.at,https://secundo.at
767,Seiner Photovoltaik,service@seinerphotovoltaik.com,https://www.seiner-photovoltaik.at
768,Selberladen,ichwill@selberladen.at,https://selberladen.at
769,Selina Photovoltaic,info@selina-pv.com,https://www.selina-pv.com
770,Sem Energie & Mobilität,office@sem-energie.at,https://www.sem-energie.at
771,Senericon,info@senericon.com,https://senericon.at
772,ServTec Elektrotechnik,info@servtecelektrotechnik.com,https://www.servtec24.com
773,Serwaspv,office@serwaspv.at,https://serwaspv.at
774,SET,service@set.com,https://www.set.or.at
775,Seyfried-Jecho,office@seyfried-jecho.at,https://www.seyfried-jecho.at
776,SI Energiesysteme,info@si-e.at,https://solarindustries.at
777,Siegfried Steurer Installationen Energietechnik,siegfried@steurer.co.at,https://www.steurer.co.at
778,Simsalik,walter.simsi@simsalik.at,https://www.simsalik.at
779,Sinus Photovoltaik,office@sinus-pv.at,https://www.sinus-pv.at
780,Skorsch Green Energy,office@skorsch.com,https://skorsch.com
781,Slanina + Partner,elektro@slanina.at,https://slanina.at
782,Smart Energy Solutions HG,service@smartenergysolutionshg.com,https://se-solutions.at
783,Smart Home Systems,info@smarthomesystems.com,https://smarthome-systems.at
784,smart:ex,info@smart-ex.at,https://smart-ex.at
785,Smartes Wohnen Allmer,service@smarteswohnenallmer.com,http://www.elektro-allmer.at
786,Smobi,info@smobi.com,https://smobi.at
787,Smutka,info@smutka.com,https://www.smutka.com
788,Sock Elektrotechnik,office@elektrotechnik-sock.at,https://www.elektrotechnik-sock.com
789,SOL-utions Photovoltaics,info@solutionsphotovoltaics.com,https://www.sol-utions.at
790,Solana,office@solana-energy.at,https://solana-energy.at
791,Solar Energy Salzburg,contact@solarenergysalzburg.com,https://www.solarenergysalzburg.at/i
792,Solar Engineering,wolfgang.guggenberger1@gmail.com,https://www.solarengineering.at
793,Solar Fuchs,Fuchsthomas.fuchs@solarfuchs.at,https://www.solarfuchs.at
794,Solar Meister,info@solarmeister.com,https://www.solarmeister.at
795,Solar Neuper,Contact@solarneuper.com,https://www.solar-neuper.at
796,Solar Solutions Elektrik,info@solarsolutionselektrik.com,https://www.sse-solar.at
797,Solar Zone PV360 Haustechnik,info@solarzone.at,https://solarzone.at
798,Solar-Ernte Photovoltaik,info@solarerntephotovoltaik.com,http://solar-ernte.at/
799,Solar-Systeme-Tirol,info@solarsysteme-tirol.at,http://www.solarsysteme-tirol.at
800,Solarconcept Schierl,office@solarconcept.at,https://www.solarconcept.at
801,Solarel,info@solarel.com,https://www.solarel.at
802,Solaren Energie,office@solare-energie.at,https://www.solare-energie.at
803,Solares,office@solares.at,https://www.solares.at
804,SolarHome,info@soltix.at,https://www.solar-home.at
805,SolarHype,info@solarhype.com,https://solarhype.at
806,Solari,office@solari.at,https://solari.at
807,SOLARier,office@solarier.at,https://solarier.at
808,SolarImpuls erneuerbare Energien,office@solarimpuls.eu,https://solarimpuls.eu
809,Solarius Energy,info@solarius-energy.eu,https://www.solarius-energy.eu
810,SolarNow,office@solar-now.at,https://solar-now.at
811,SolarPartner,info@solarpartner.com,https://www.solarpartner.at
812,Solarstrom.turbo,service@solarstromturbo.com,https://solarstrom.turbo.at
813,Solarverbund,info@solar-verbund.at,https://www.solar-verbund.at
814,SolarW,office@solarwien.at,https://solarwien.at
815,solarWORK Montageservice,office@solarwork.at,https://www.solarwork.at
816,Solatech Mathis,service@solatechmathis.com,https://www.mathis-solatech.com
817,Solavolta Energie,info@solavolta.at,https://www.sonnezustrom.at
818,Solenso & Co.,contact@solensoco.com,https://www.solenso.at
819,SOLID,office@solid.at,https://www.solid.at
820,Sollets,service@sollets.com,https://www.sollets.at
821,Solpro,info@solpro.com,https://www.solpro.at
822,Solvis,INFO@solvis.com,https://solvispv.at
823,Sonnenstrom,contact@sonnenstrom.com,http://www.sonnenstrom-stmk.at
824,Sonnentechnik,office@sonnentech.at,https://www.sonnentech.at
825,Sopy Networld,shop@solarbalkon.at,https://www.solarbalkon.at
826,SPA Energietechnik,info@spa-energietechnik.at,https://www.spa-energietechnik.at
827,SPIE KEM,contact@spiekem.com,https://www.kem-montage.at
828,Spielmann Othmar,spielmann.othmar@aon.at,http://www.spielmann-installationen.at
829,Spindler & Spindler,office@spindler.at,https://www.spindler.at
830,Springer,office@springer-dach.at,https://www.springer-dach.at
831,Stadtwerke Amstetten,verkauf@stadtwerke.amstetten.at,https://expert-stadtwerke.amstetten.at
832,Stadtwerke Bruck an der Mur,service@stadtwerkebruckandermur.com,https://www.stadtwerke-bruck.at
833,Stadtwerke Feldkirch,kundencenter@stadtwerke-feldkirch.at,https://www.stadtwerke-feldkirch.at
834,Stadtwerke Hartberg,elektroteam@stadtwerke-hartberg.at,https://www.elektroteam-hartberg.at
835,Stadtwerke Kapfenberg,lineinfo@yourdomain.com,https://www.stadtwerke-kapfenberg.at
836,Stadtwerke Köflach,info@stadtwerkeköflach.com,https://www.stadtwerke-koeflach.at
837,Stadtwerke Kufstein,eck@stwk.at,https://www.eck.at
838,Stadtwerke Schwaz,kundenberatung@stadtwerkeschwaz.at,https://stadtwerkeschwaz.at
839,Stadtwerke Wörgl,stadtwerke@woergl.at,https://www.stww.at
840,Stampf Elektrotechnik,office@stampf-elektro.at,https://www.stampf-elektro.at
841,Stanilux,info@stanilux.at,https://www.stanilux.at
842,Stark Kälte & Klimatechnik,CONTACT@starkkälteklimatechnik.com,https://www.klimatechnik.at
843,Stary The Family Company,Info@starythefamilycompany.com,https://stary.at
844,Stefan Böhm,office@boehm-stefan.at,http://www.boehm-stefan.at
845,STEI-RER-TECH Haustechnik,office@steirertech.at,https://www.steirertech.at
846,Steiner Dach,office@dach1.at,https://www.dach1.at
847,Steman Energietechnik,contact@stemanenergietechnik.com,https://www.steman-solar.at
848,STEP,UNSoffice@step-gmbh.at,https://www.step-gmbh.at
849,Stephan Wendelin,info@stephanwendelin.com,https://www.wendelin-sanitär-heizung.at
850,STK Service,jtaferner@stk-service.at,https://www.stk-service.at
851,STM,info@stm.com,https://www.solartechnikmerker.at
852,Stocksreiter,service@stocksreiter.com,https://www.stocksreiter.at
853,Stoihauser,INFO@stoihauser.com,https://www.stoihauser.at
854,Stolex,service@stolex.com,https://www.stolex.at
855,Strobl Elektrotechnik,info@stroblelektrotechnik.com,https://e-strobl.at
856,Strom vom Stern,contact@stromvomstern.com,https://stromvomstern.com
857,Strom-Macher,info@strommacher.com,https://www.strom-macher.at
858,Strombuam,office@strombuam.at,https://www.strombuam.at
859,Stromline Elektrotechnik,office@stromline.at,https://www.stromline.at
860,StromvomDach Erl,service@stromvomdacherl.com,https://www.stromvomdach.at
861,Sun.e-solution,info@sune-solution.com,https://sune-solution.com
862,SUN21 Smart-Energy,office@sun21.at,https://sun21.at
863,Sun4energy Ecopower,contact@sun4energyecopower.com,https://www.photovoltaik.at
864,Sundex,info@sundex.com,https://sundex.at
865,Sunergy Solar,service@sunergysolar.com,https://www.sunergy-solar.at
866,Sunlife Energy,kundenservice@sunlife-energy.at,https://www.sunlife-energy.at
867,Sunshine Trading,office@sunshine-trading.at,https://sunshine-trading.at
868,Sunvolt Montage,info@sunvoltmontage.com,https://sun-volt.at
869,Sunworld,abt15.energiewirtschaft@ktn.gv.at,https://sunworld.at
870,SUREnergy,info@surenergy.com,http://www.surenergy.at
871,Swimsol,info@swimsol.com,https://swimsol.com
872,Swisspearl,info@at.swisspearl.com,https://www.swisspearl.at
873,SWS Elektrotechnik,info@swselektrotechnik.com,https://sws-elektrotechnik.at
874,T-Raum Design,info@traumdesign.com,https://www.t-raumdesign.at
875,taik-tech Projektmanagement,anfragen@taik-tech.at,https://taik-tech.at
876,Taus Kälte- Klimatechnik,service@tauskälteklimatechnik.com,https://tauskaelte.at
877,TBM,info@wabnegg-natursteine.com,https://www.tbm.team
878,Team Elektrotechnik,office@team-elektro.com,https://www.team-elektro.com
879,Technik-kurz,office@technik-kurz.at,https://www.technik-kurz.at
880,TELA,contact@tela.com,http://www.tela.at
881,TeSolar,office@tesolar.at,https://www.tesolar.at
882,TF Haustec,office@tfhaustec.at,https://tfhaustec.at
883,Thaller,info@expert-thaller.at,https://www.expert-thaller.at
884,Thienel Installationen,contact@thienelinstallationen.com,http://www.thienel-installationen.at
885,Thomas Götschhofer,info@thomasgötschhofer.com,http://gut-durchdacht.at
886,Thonhauser,ing.thonhauser@aon.at,https://www.thonhauser-gmbh.at
887,Tieber,info@elektrifizieren.at,https://www.e-tieber.at
888,TIGERCon,info@tigercon.com,https://tigercon.org
889,Tinext,INFO@tinext.com,https://www.tinext.at
890,TP Elektroinstallationen,office@e-t-p.at,https://www.tp-elektroinstallationen.at
891,Trendex,info@trendex.at,https://trendex.at
892,Trenz,trenz@aon.at,https://www.trenz-heizung.at
893,Trescher,INFO@trescher.com,https://www.trescher.at
894,TTS Elektrotechnik,CONTACT@ttselektrotechnik.com,https://www.tts-elektrotechnik.at
895,TWS Heizung-Sanitär & Service,office@tws-heizung.at,https://www.tws-heizung.at
896,TyrolPV Elektrotechnik,mail@tyrolpv.at,https://www.tyrolpv.at
897,Veit Johann,office@veit.at,https://www.veit.at
898,Verbund,service@verbund.com,https://www.verbund.com
899,VILS Elektrotechnik,office@vils-elektro.at,https://www.vils-elektro.at
900,VM Elektrotechnik,office@vm-elektrotechnik.at,http://vm-elektrotechnik.at/
901,Vogl Haustechnik,info@voglhaustechnik.com,https://www.heiz.at
902,Voltaigo,info@voltaigo.com,https://www.voltaigo.com
903,W. Stadler,spenglerei@stadler.at,https://www.stadler.at
904,Wagner Dach,office@wagner-dach.at,https://www.wagner-dach.at
905,Wagner Montage,info@wagnermontage.com,http://www.wagner-montage.at/wp/
906,Wallner Elektrotechnik,info@wallner-et.at,https://www.wallner-elektrotechnik.at
907,Walter Kohlfürst,contact@walterkohlfürst.com,https://www.energieconsulting-kohlfuerst.at
908,Walter Voglhuber,info@waltervoglhuber.com,https://www.elektrovoglhuber.at
909,Wania,info@wania.com,https://www.wania.at
910,Wärme- und Elektrotechnik Wilfried Boxrucker,Info@wärmeundelektrotechnikwilfriedboxrucker.com,https://www.boxrucker.at
911,Weberberger,info@weberberger.com,https://www.ssuw.at
912,Wechsel Solar,INFO@wechselsolar.com,https://www.wechsel-solar.at
913,Weichselbaumer,office@weichselbaumer.com,https://www.weichselbaumer.com
914,Weidinger Rüdiger,info@weidingerrüdiger.com,https://www.pv-weidinger.at
915,Weinhandl Installationen,office@installateur-graz.at,https://www.installateur-graz.at
916,Werner Findenig,office@bad-heizung.info,https://www.findenig.com
917,Wieland,office@wieland.at,https://www.wieland.at
918,Wien Energie,info@wienenergie.com,https://www.wienenergie.at
919,Wieser + Scherer,info@zeller-haustechnik.at,https://www.zeller-haustechnik.at
920,Wildburger & Zeller Elektrotechnik,elektrotechnik@wildburger.at,https://www.wildburger-elektrotechnik.com
921,Wilhelm Heizsysteme,office@wilhelm-heizsysteme.at,https://www.wilhelm-heizsysteme.at
922,Wimmer Elektro,office@wimmer-elektro.at,https://wimmer-elektro.at
923,Windkraft Simonsfeld,office@wksimonsfeld.at,https://www.wksimonsfeld.at
924,Winkler Solar,contact@winklersolar.com,http://www.winklersolar.com
925,Wir Mieten Dein Dach,vertrieb@wirmietendeindach.com,https://www.wirmietendeindach.com
926,Wir Sind Solar,service@wirsindsolar.com,https://wirsindsolar.at
927,Witke,Info@witke.com,https://www.witke.com
928,Wohlschlager Redl,info@wohlschlagerredl.com,https://wohlschlager-redl.at
929,Wolf,info@wolf.com,https://www.wolf-la.at
930,Wolfgang Fassl,info@wolfgangfassl.com,https://www.sonnenenergie-fassl.at
931,Wonisch Installationen,office@wonisch.co.at,https://wonisch.co.at
932,Wöran,contact@wöran.com,https://www.woeran.com
933,WS Technic,info@wstechnic.com,https://wstechnik.at
934,WS-Energiesysteme,ws-energiesystemegmbh@outlook.com,http://franz-weissinger.com
935,WSolar Energie,info@wsolarenergie.com,https://wsolarenergie.com
936,Wucherer Energietechnik,wucherer@wucherer-energie.at,https://www.wucherer-energie.at
937,Wüsterstrom,office@wuesterstrom.at,https://www.wuesterstrom.at
938,Zach,kaindorf@zachgmbh.at,https://www.zachgmbh.at
939,Zaglmayr Gesellschaft,office@expert-zaglmayr.at,https://www.expert-zaglmayr.at
940,Zehetmayer Franz,spenglerei-zehetmayer@aon.at,https://www.spenglerei-wien.at
941,Zeinzinger Andreas,office@nordwaldcenter.at,https://www.nordwaldcenter.at
942,Ziegelwanger,office@expert-ziegelwanger.at,http://www.haustechnik-ziegelwanger.at
943,Ziegerhofer Elektrotechnik,info@ziegerhoferelektrotechnik.com,https://www.ziegerhofer-et.at
944,Zimmerei Gierbl,info@zimmereigierbl.com,https://www.zimmerei-gierbl.at
