Number,Company Name,Email,Company Website
1,1001 Soleils,info@1001soleils.com,https://soleils.biz
2,123 Photovoltaïque,pmgalien@domotoit.com,https://www.123photovoltaique.com
3,2 APC,societe2apc@yahoo.fr,https://2apc.fr
4,2B Energy,info@2benergy.com,https://sarl2benergy.fr
5,2ES,service@2es.com,https://www.2es.fr
6,4Eco Home,contact@4ecohome.fr,https://www.4ecohome.fr
7,6nergies,conseiller@6nergies.fr,https://6nergies.fr
8,A l'eau Solaire,info@aleausolaire.com,https://www.aleausolaire.fr
9,A.E.S. Artisan Electricien,contact@aesartisanelectricien.com,https://aes-electricien.fr
10,A.J Toit,info@ajtoit.com,https://ajtoit.wordpress.com
11,A.S.H.,info@ash.com,https://www.ash.solar
12,A+ Energies,info@aenergies.com,https://www.aplusenergies.fr
13,A+ Solaire,info@asolaire.com,https://www.aplus-solaire.fr
14,A2Enr,info@a2enr.com,https://www.renovelectricite.fr
15,A2G Genie Energetique,info@a2ggenieenergetique.com,https://www.a2g-energie.fr
16,AàZ Solaire,service@aàzsolaire.com,https://www.aazsolaire.com
17,AB ENR Services,contact@abenrservices.com,https://www.enr-services.fr
18,AB Solaire,info@absolaire.com,https://www.absolaire.fr
19,AB-Solaire,info@absolaire.com,http://www.ab-solaire.fr
20,Abba Energies,info@abbaenergies.com,https://www.abba-energies.fr
21,ABC 83,contact@abc83.com,https://abc83.fr
22,ABCE,Info@abce.com,https://www.abce.fr
23,ABE,contact@abe.com,http://www.armorbio.fr
24,ABplus Solaire,INFO@abplussolaire.com,https://www.abplus-solaire.fr
25,Acacias Énergie,Info@acaciasénergie.com,https://acacias-energie.fr
26,ACAMA Energies,info@acamaenergies.com,https://www.acama-energies.fr
27,Acape Energies,info@acapeenergies.com,https://acape-energies.com
28,Acclean Air,service@accleanair.com,https://acclean-air.fr
29,Acéa Énergies,info@acéaénergies.com,https://www.acea-energies.com
30,Acelec 19 CP Plomberie,info@acelec19cpplomberie.com,https://www.acelec19-cp-plomberie.fr
31,Achard Charpente,service@achardcharpente.com,https://www.achard-charpente.com
32,ACM,contact@acm.com,https://www.aisnergie.fr
33,Act'solaire,contact@actsolaire.com,https://www.act-solaire.fr
34,Activ,info@activ.com,https://www.activ-batiments.fr
35,Activ Renovation,contact@activrenovation.com,https://activ-renovation.com
36,Activ'Environnement,service@activenvironnement.com,https://www.activenvironnement.fr
37,Activ'PV,info@activpv.com,https://activ-pv.fr
38,AD Power Water,contact@adpowerwater.com,http://www.adpowerwater.com
39,Adam & Nicolas,info@adamnicolas.com,https://installation-solaire-vosges.com
40,Add-Er,info@adder.com,https://www.add-er.fr
41,Adekwatts,info@adekwatts.com,https://www.adekwatts.fr
42,Adimgroupe,info@adimgroupe.com,http://adimgroupe.com
43,AdiWatt,service@adiwatt.com,https://www.adiwatt.com
44,Advanced Energies,info@advancedenergies.com,https://www.advanced-energies.com
45,AEC,contact@aec.com,http://www.aec38.fr
46,AEG Aquitaine,info@aegaquitaine.com,https://aeg-aquitaine.com
47,Agence Tous Services,contact@agencetousservices.com,https://www.agencetousservices.com
48,Agéo,info@agéo.com,https://www.ageo-soustons.com
49,AGPG,info@agpg.com,https://agpg-france.com
50,Agriwatt,service@agriwatt.com,https://agriwatt.fr
51,Aguisol,info@aguisol.com,https://www.aguisol-68.com
52,Aim Solutions Energies,info@aimsolutionsenergies.com,https://www.aim-solutionsenergies.com
53,Airsol,contact@airsol.com,http://airsol44.com
54,Aix Solaire,service@aixsolaire.com,https://www.aix-solaire.fr
55,AJ Energy,service@ajenergy.com,https://aj-energy.fr
56,AJnrj,info@ajnrj.com,https://www.ajnrj.fr
57,Akuo Energy,info@akuoenergy.com,https://www.akuoenergy.com
58,Albioma,contact@albioma.com,https://www.albioma.com
59,Alcone,info@alcone.com,http://alcone.fr
60,ALhena,contact@alhena-net.com,https://www.alhena-net.com
61,Alimelec,coignet.dom@orange.fr,https://www.electricite-alimelec-neuvilleauxbois.fr
62,Alizon,info@alizon.com,https://www.alizon-enr.fr
63,Allaire du Temps,info@allairedutemps.com,https://www.allairedutemps.fr
64,Allez,contact@allez.fr,https://www.allez.fr
65,AlloSun,info@allosun.com,https://www.groupe-allosun.com
66,Alpha,info@alpha.com,http://www.alpha66.fr
67,Alphée Energies,istratif@alphee-energies.fr,https://alphee-energies.fr
68,Alt'Air,info@altair.com,https://www.altairiso.com
69,Altener,sarl-altener@orange.fr,https://www.altener.fr
70,Alter Eco,Info@altereco.com,https://www.alter-eco.fr
71,Alter Energies,contact@alterenergies.com,http://www.alterenergies.fr
72,Alter Energies & Services,contact@alter-energies.com,https://www.alter-energies.com
73,Alter&Coop,contact@alterecoop.fr,https://alterecoop.fr
74,Altergie,contact@altergie.eu,https://altergie.eu
75,Alvarez Solaire,service@alvarezsolaire.com,https://www.alvarezsolaire.com
76,Amae-Energies,contact@amaeenergies.com,https://www.amae-energies.com
77,Ambiance Energie,melvin.monzo@ambiance-energie.fr,https://www.ambiance-energie.fr
78,Ambre Energies,contact@ambre-energies.com,https://www.ambre-energies.com
79,AMHC,marketing@amhc.fr,https://amhc.fr
80,Amiaud,Info@amiaud.com,https://www.chauffage-energie-solaire-vendee.com
81,Amilys,info@amilys.com,https://www.amilys.fr
82,Amisun,amisun.ouest@gmail.com,https://www.amisun.fr
83,Ander'Clim,commercial@anderclimpv.com,https://www.anderclim.com
84,Anéo Energie,contact@aneo-energie.fr,https://www.aneo-energie.fr
85,Anysolars,contact@anysolars.com,https://anysolars.com
86,APB Energy,contact@apb-energy.com,https://www.apb-energy.fr
87,Apex Energies,info@apexenergies.com,https://www.apexenergies.fr
88,APS,aps.aps@orange.fr,https://armorsolaire.fr
89,AQTB Electricité,contact@aqtbelectricité.com,https://www.aqtb.com
90,Aqua Sun,info@aquasun.com,http://aqua-sun.com
91,ArcelorMittal Exosun,info@arcelormittalexosun.com,https://corporate.arcelormittal.com
92,Arema Energies,info@aremaenergies.com,https://arema-energies.fr
93,Arkeos Energie,contact@arkeosenergie.com,https://www.arkeosenergie.com
94,Arrivelec,contact@arrivelec.com,https://arrivelec.fr
95,Art & Eau,info@arteau.com,https://www.arteteau.fr
96,Arteis,contact@arteis.com,https://www.arteis-solaire.fr
97,Artemis Concept,info@artemisconcept.com,https://www.artemisconcept.fr
98,Artibat,INFO@artibat.com,https://sarl-artibat.fr
99,Artyseo,info@artyseo.com,https://www.artyseo.fr
100,AS Couverture,contact@ascouverture.com,https://www.as-couverture-bellac.fr
101,ASE,contact@ase.com,https://www.energie-solaire-haute-savoie.com
102,ASE Energy,Info@aseenergy.com,https://www.ase-energy.com
103,ASF,info@asf.com,https://www.airsolairefrance.fr
104,Aspsolaire31,info@aspsolaire31.com,https://www.aspsolaire31.fr
105,ASR Fluidelec,contact@asrfluidelec.fr,https://www.asrfluidelec.fr
106,Asteelflash,info@asteelflash.com,https://www.asteelflash.com
107,Astre Energies,contact@astre-energies.fr,http://astre-energies.fr
108,ATB Rénovation,service@atbrénovation.com,http://atb-renovation.com
109,ATE33,v.maranon@ate33.fr,https://ate33.fr
110,Aterno ENR,info@aternoenr.com,https://www.aternoenr.fr
111,Atmos Énergie,contact@atmos-energie.fr,https://www.atmos-energie.fr
112,Atmosph'air Concept,service@atmosphairconcept.com,https://www.atmosphairconcept.fr
113,ATSE Photovoltaïque,service@atsephotovoltaïque.com,https://www.ats-photovoltaique.com
114,Aubenergie,SERVICE@aubenergie.com,http://www.aubenergie.com
115,Audemard Energies Renouvelables,info@audemardenergiesrenouvelables.com,https://www.energies-audemard.com
116,Auger,contact@auger.com,https://augerjp.fr
117,Ausolen,info@ausolen.com,https://ausolen.fr
118,Autan Solaire,contact@autansolaire.fr,https://www.autan-solaire.fr
119,Autosun Energie,contact@autosunenergie.com,https://www.autosunenergie.com
120,Avel Thor Solaire,avelthorsolaire@orange.fr,http://avelthorsolaire.fr
121,Avena Energies,alexandre@avena-energies.gmail.fr,http://www.avena-energies.fr
122,Avenco-Élec,CONTACT@avencoélec.com,https://avenco-elec.com
123,Avenir Eco,info@avenireco.com,https://www.avenireco-photovoltaique.fr
124,Avenir Énergie,info@avenirénergie.com,https://www.avenir-energetique.fr
125,Avenir Energies,chaleurContactcontact@avenirenergies.fr,https://www.avenirenergies.fr
126,Aviz Energie,contact@avizenergie.com,https://www.avizenergie.com
127,Avnor,service@avnor.com,https://www.avnor.fr
128,AZ Energies,service@azenergies.com,https://azenergies.fr
129,Azedtherm,info@azedtherm.com,https://azedtherm.com
130,Azur Elec,contact@azursolaire.fr,https://azursolaire.fr
131,Azur Système Solaire,service@azursystèmesolaire.com,https://www.azur-systeme-solaire.fr
132,Bache,info@bache.com,http://www.ets-bache.fr
133,Barcaioni,barcaioni@barcaioni.fr,https://www.barcaioni.fr
134,Bati 82,contact@bati82.com,https://www.bati82.fr
135,Batif,contact@batif.com,https://www.batif.fr
136,Bâtiment Gratuit,batimentgratuit.fr@gmail.com,https://batiment-gratuit.fr
137,Bativamos,contact@bativamos.com,https://bativamos.com
138,Batterie+ Solaire,contact@solairebatterie.fr,https://batterieplussolaire.fr
139,BBS,contact@bbs-solaire.com,https://www.bbs-solaire.com
140,BDF,Info@bdf.com,https://www.charpente-couverture-coltainville.fr
141,BE-Technic,info@betechnic.com,https://www.be-technic.com
142,Beaufils Energie Solaire,info@beaufilspatrimoine.fr,https://www.beaufilspatrimoine.fr
143,Béchard,info@béchard.com,https://www.bechard.fr
144,Bellay,contact@bellay-electricite.fr,https://www.bellay.fr
145,Bernard Associes,info@bernardassocies.com,https://bernardassocies.fr
146,Berry Solar,client@berrysolar.fr,https://berrysolar.fr
147,BESSenr,info@bessenr.com,https://boisenergiesolaire.com
148,BFC Solaire,info@bfcsolaire.com,https://www.bfc-solaire.fr
149,BG Chauffage,contact@bgchauffage.com,http://bgchauffage.free.fr
150,BHélectricité,contact@bhelectricite.fr,http://bhelectricite.fr
151,Bilheude,contact@bilheude.com,https://www.bilheude.com
152,Biotechabitat,communication@biotechabitat.com,https://www.biotechabitat.com
153,Biothermic Solar,.biothermic@gmail.com,https://biothermicsolar-35.fr
154,BL Energie,service@blenergie.com,https://bl-energie.com
155,BM Elec-Evolution,contact@bm2e.fr,https://www.bmelecevolution.com
156,Bolidum,contact@bolidum.com,https://www.bolidum.fr
157,Bonhomme,Service@bonhomme.com,https://www.bonhomme-couverture.com
158,Bonneaud,info@bonneaud.com,https://www.ets-bonneaud.fr
159,Bordron Associés,contact@bordron-associes.fr,https://www.bordron-associes.fr
160,Boubat Eco Energie,info@boubatecoenergie.com,https://boubatecoenergie.fr
161,Bougnoteau,contact@bougnoteau.com,https://www.bougnoteau.com
162,Bousset Entreprise,service@linkeo.com,http://www.bousset-chauffage.com
163,Boutet Entreprise,contact@sarlboutet.fr,https://sarlboutet.fr
164,Boutineau,commercial@soregies-services.fr,https://www.boutineau.fr
165,Bregeon Maudet,info@bregeonmaudet.com,https://www.bregeonmaudet.com
166,Breizh Energies Systèmes,contact@breizhenergiessystèmes.com,https://www.besystemes.com
167,Bresse Energies,accueil@bresseenergies.fr,https://www.bresseenergies.fr
168,Briand Energie,p.fruchart@briand-db.fr,https://www.briand.fr/savoir-faire/
169,Brival,contact@sas-brival.com,https://www.brival-ecoenergie.fr
170,BS Toitures,b.s.toitures@live.fr,https://www.bs-toitures.fr
171,BSA Énergies,Service@bsaénergies.com,https://bsa-energies.com
172,BSE,info@bse.com,https://www.berrysolaire.fr
173,BYES,sct@bouygues-es.com,https://www.bouygues-es.fr
174,C2A,service@c2a.com,https://www.c-2a.fr
175,Calia Energy,contact@calia-energy.fr,https://calia-energy.fr
176,Canopy Energy,service@canopyenergy.com,https://www.canopy-energy.com
177,Cap Bio Nrj,Service@capbionrj.com,https://www.capbionrj.fr
178,Captain Solar,contact@captainsolar.com,https://www.captainsolar.fr
179,Carbon Solar,contact@carbon-solar.com,https://carbon-solar.com
180,Carré,info@carré.com,https://www.carreconstructions.com
181,Carré Solaire,Votre@email.com,https://www.carresolaire.com
182,CCPV 83,info@ccpv83.com,https://photovoltaique83.fr
183,Cegelec,contact@cegelec.com,https://www.cegelec-la-rochelle.fr
184,Céleste Énergie,Info@célesteénergie.com,https://celeste-energie.fr
185,CEME,contact@ceme.com,https://groupe-ceme.com
186,Ceneo,contact@ceneo.fr,https://www.ceneo-energie.fr
187,Cenert,info@cenert.com,https://cenert.fr
188,Centrale Solaire,contact@centralesolaire.eu,https://www.centralesolaire.eu/en.html
189,Cerdagne Energie,service@cerdagneenergie.com,https://cerdagne-energie.fr
190,Cerise Techniques,contact@cerise-energies.fr,https://www.cerise-techniques.com
191,CF Energie,info@cfenergie.com,https://www.cfenergie.com
192,CFC79,contact@cfc79.fr,https://www.cfc79.fr
193,Chabanat,service@chabanat.com,https://www.chabanat.fr
194,Charpente Arriau,contact@charpentearriau.com,https://www.arriau-charpente.fr
195,Choozy,info@choozy.com,https://www.professionplombier.fr
196,Chovin,contact@chovin.com,http://www.chovin.fr
197,Christian Morlat,contact@christianmorlat.fr,https://www.christianmorlat.com
198,Christo Energie,contact@christoenergie.com,https://christo-energie.fr
199,CIBEC,info@cibec.com,https://www.cibec.fr
200,Ciel & Terre,info@cielterre.com,https://ciel-et-terre.net
201,Ciel Energies Nouvelles,contact@cielenergiesnouvelles.fr,https://www.cielenergiesnouvelles.fr
202,Cimes Energies,contact@cimes-energies.fr,https://www.cimes-energies.fr
203,Circuit Court Energie,contact@circuitcourtenergie.com,https://circuitcourt-energie.com
204,CITE,contact@citevenaut.fr,https://www.citevenaut.fr
205,Claude Debuire,contact@claudedebuire.com,https://www.debuire-couverture.fr
206,Clef Énergies,contact@fclh.fr,https://clef-energies.fr
207,Clim Energy,service@climenergy.com,https://www.climenergy-gard.fr
208,Clim Var Froid,contact@climvarfroid.com,https://www.climvarfroid.com
209,Clim'Concept,contact@clim-concept34.com,https://www.clim-elec34.com
210,Climasphere,contact@climasphere.com,https://www.climasphere.com
211,Climat Energie,contact@sarl-climatenergie.fr,https://climat-energie.fr
212,Climat Uni’Vert,contact@climatunivert.fr,https://www.climat-uni-vert.fr
213,Climat'Eco,info@climateco.com,https://www.climateco.fr
214,Climatix,service@climatix.com,https://climatix-lh.com
215,Climax,info@climax.com,https://www.climax.fr
216,Climo-Confort,info@climoconfort.com,https://cconfort.fr
217,Climprotec,contact@climprotec.net,https://www.climprotec.net
218,CMC Énergies,contact@cmc-energies.fr,http://www.cmc-energies.eu
219,CNR,contact@cnr.com,https://www.cnr.tm.fr
220,COA,contact@coa-languedoc.fr,https://www.coa-languedoc.fr
221,Côba Énergies,service@côbaénergies.com,https://www.cobaenergies.fr
222,Coegy,hcontact@coegy.fr,https://www.coegy.fr
223,ColdTec,info@coldtec.com,https://coldtec.eu
224,Com Energie,info@comenergie.com,http://www.com-energie.com
225,Compagnons des Energies Solaires,info@compagnonsdesenergiessolaires.com,https://www.energies-solaires.fr
226,Conersol,service@conersol.com,https://www.conersol.fr
227,Conforthermic,ireneceustermans@gmail.com,https://www.conforthermic-normandie.fr
228,Conseils D'artisans,info@conseilsdartisans.com,https://www.conseils-dartisans.fr
229,Core Energies,info@coreenergies.com,https://www.core-energies84.com
230,Corse Energie Solaire,info@corseenergiesolaire.com,http://corse-energie-solaire.corsica
231,Cosmos NRJ,contact@cosmosnrj.com,https://cosmosnrj.com
232,Courant Naturel,info@courantnaturel.com,https://www.courantnaturel.com
233,Coutants d'Ouest,info@coutantsdouest.com,http://www.courantsdouest.com
234,Couvreur Solaire,contact@couvreur-solaire.fr,https://couvreur-solaire.fr
235,Cozynergy,contact@cozynergy.com,https://www.cozynergy.com
236,CPAE,service@cpae.com,http://www.cpae.fr
237,CPTE,contact@cpte.com,https://www.cpte.fr
238,CR2P,contact@cr2p.fr,https://www.cr2p.fr
239,Créno,service@créno.com,https://energies-renouvelables-muzillac.fr
240,CSE,info@cse.com,https://capsoleilenergie.com
241,Cythelia Energy,info@cytheliaenergy.com,https://www.cythelia.fr
242,Daniel Gravier Entreprises,info@danielgravierentreprises.com,https://www.gravier.fr
243,Defisolar,info@defisolar.com,https://defisolar.com
244,Delage Systèmes,contact@delage-systemes.com,https://www.delage-systemes.com
245,Delamet,contact@delamet.com,https://www.delamet.com
246,Descamps,contact@ent-descamps.fr,https://www.ent-descamps.fr
247,Dimeo Energie,info@dimeoenergie.com,https://www.groupedimeo.fr
248,Diwatt,info@diwatt.com,https://www.diwatt.fr
249,Dizay Energy,service@dizayenergy.com,https://www.dizayenergy.fr
250,DL' Air,info@dlair.com,https://www.dlair.fr
251,Dms Eco,contact@dms-eco.fr,https://www.dms-eco.fr
252,Domologique,contact@domologique.fr,https://www.domologique.fr
253,Domosolaris,contact@domosolaris.com,https://www.domosolaris.com
254,DualSun,service@dualsun.com,https://dualsun.com
255,Dubecq et Fils,SERVICE@dubecqetfils.com,https://dubecq-photovoltaique.com
256,Dulhauste Thermique,dulhauste.thermique@orange.fr,https://www.dulhauste-thermique.fr
257,Durou Philippe,info@durouphilippe.com,https://www.philippe-durou.fr
258,E'solaire,info@esolaire.com,https://esolaire.fr
259,E2S,service@e2s.com,https://www.e2solaire.com
260,Eabatelec,contact@eabatelec.fr,https://eabatelec.com
261,EasyVolt,Contact@easyvolt.com,https://www.easyvolt.fr
262,Eau & Énergie,info@eauetenergie.fr,https://www.eauetenergie.fr
263,Eau Air Sol,info@eauairsol.com,https://www.eau-air-sol.fr
264,Eberria,service@eberria.com,https://www.eberria.com
265,Eccs,service@eccs.com,https://www.eccs.fr
266,Écho Energies,info@échoenergies.com,https://echo-energies.fr
267,Eclair Industries,service@eclairindustries.com,https://www.eclairsa.fr
268,Eco Atlantique,contact@ecoatlantique.fr,https://ecoatlantique.fr
269,Eco Energie Concept,contact@ecoenergieconcept.com,https://www.eco-energie-concept.fr
270,Eco Énergie Systèmes,Service@ecoénergiesystèmes.com,https://www.energies-renouvelables-tarare.fr
271,Eco Logique Energy,service@ecologiqueenergy.com,https://ecologiqueenergy.fr
272,Eco Performance,Service@ecoperformance.com,https://www.eco-performance.eu
273,Eco Smart,contact@ecosmartfrance.fr,https://www.ecosmartfrance.fr
274,Êco Solution,direction@eco-solution-energie.com,https://www.eco-solution-energie.com
275,Eco Solution Energie,contact@ecosolutionenergie.com,https://www.ecosolutionenergie.com
276,Eco Systeme Durable,contact@esd-rge.fr,https://ecosystemedurable.fr
277,Eco-Logis,info@ecologis.com,https://groupfranceecologis.com
278,Eco-Solaire,info@ecosolaire.com,https://www.ecosolaire-cantal.fr
279,Eco-Systèmes,ecosystemes@wanadoo.fr,http://www.ecosystemes-04.com
280,Ecobat Énergie,info@ecobaténergie.com,http://www.ecobat-energie.fr
281,Ecoclimat,contact@eco-climat.com,https://www.eco-climat.com
282,EcoDouBio,info@ecodoubio.com,https://www.ecodoubio.com
283,Ecoelec,contact@groupe-aton.com,https://www.ecoelec34.fr
284,Ecofulltech,ecofulltech@live.fr,https://ecofulltech.onlc.fr
285,Ecogia,info@ecogia.fr,https://ecogia.fr
286,Ecopart,service@ecopart.com,https://ecopart.fr
287,EcoPower,info@ecopowereurope.com,https://www.ecopowereurope.com
288,Ecosolar Energy,contact@ecosolarenergy.com,https://ecosolar.energy
289,Ecosun Technology,Info@ecosuntechnology.com,https://ecosun-technology.fr
290,EDF,contact@edf.com,https://edf-renouvelables.com
291,Edilians,Info@edilians.com,https://edilians.com
292,EDMI,contact@edmi-elec.fr,https://edmi-elec.fr
293,Edmond Solutions,contact@edmond-solutions.fr,https://edmond-solutions.fr
294,Efficience Energie,service@efficienceenergie.com,https://panneau-solaire-efficience.fr
295,Efisun,contact@efisun.fr,https://www.efisun.fr
296,EGL,egl.elek@yahoo.com,https://egl-elek.com
297,Eh'lectrique,eh.lectrique@laposte.net,https://www.eh-lectrique.fr
298,EHR Énergie,Service@ehrénergie.com,https://www.est-habitat-renovation.fr
299,Eicbat,service@eicbat.com,https://www.eicbat.com
300,Ekinoks,info@ekinoks.com,https://ekinoks.fr
301,Ekoterm,info@ekoterm.com,https://ekoterm.fr
302,Elec 7 Services,elec7services@gmail.com,https://electricite-services-climatisation.fr
303,Elecsolservice,info@elecsolservice.com,https://www.elecsolservice.fr
304,Electric' Energies Clim,electric.energies.clim@orange.fr,https://www.electricenergiesclim.fr
305,Électricité Gardoise,info@électricitégardoise.com,https://bm-invest.com
306,Électricité Mougenot,electricite@mougenot.fr,http://www.mougenot.fr
307,Électricité Service,s.tabone@electriciteservice.fr,https://electriciteservice.com
308,Electricité Weiss,sarlweiss@free.fr,http://electriciteweiss.fr
309,Electro Concept Energie,info@electroconceptenergie.com,https://www.electro-concept.net
310,Electron Libre,info@electronlibre.com,https://www.electron-solaire.fr
311,Électron Vert,-les-Pinscontact@electronvert.com,https://electron-vert.fr
312,Elios Services,contact@elios-services.fr,https://eliosservices.com
313,Elip's,info@elips.com,https://www.elips-sarl.fr
314,Elit Solar,info@elit-solar.fr,https://elit-solar.fr
315,Elk Performance,contact@elk-performance.fr,https://elk-performance.fr
316,Emeraude Energy,info@emeraudeenergy.com,http://www.emeraude-energy.com/en/home
317,Emeraude Solaire,service@emeraudesolaire.com,https://www.emeraude-solaire.com
318,ENC,info@enc.com,https://www.encpro.fr
319,Enedal,INFO@enedal.com,https://enedal.fr
320,Enegys,info@enegys.com,https://www.enegys.fr
321,Énerg'éthique,service@énergéthique.com,https://www.energ-ethique.com
322,EnergElec,sarlenergelec90@gmail.com,https://sarl-energelec.com
323,Energesia,Info@energesia.com,https://www.energesia.fr
324,Energia64,contact@energia64.fr,https://www.energia64.fr
325,Energical,contact@energical.com,https://energical.fr
326,Energie Côté Sud,ecs@energie-cote-sud.com,https://www.energie-cote-sud.com
327,Énergie Nouvelle Occitane,info@énergienouvelleoccitane.com,https://www.energienouvelleoccitane.fr
328,Energie O' Solr,info@energieosolr.com,https://www.energieosolr.fr
329,Energie Services 67,contact@energieservices67.com,https://www.energieservices67.com
330,Energie Solaire 85,service@energiesolaire85.com,https://www.energie-solaire85.com
331,Energies Concept,info@energiesconcept.com,https://energiesconcept31.fr
332,Energies de Loire,info@energiesdeloire.com,https://energiesdeloire.com
333,Énergies Et Techniques,contact@energies-techniques.fr,https://energies-techniques.fr
334,Énergies Green,info@énergiesgreen.com,https://energies-green.com
335,Energies Toitures,contact@energiestoitures.com,https://www.energies-toitures.com
336,Energies Vertes Occitanie,contact@solaireoccitanie.fr,https://www.solaireoccitanie.fr
337,énergieZen,contact@énergiezen.com,https://www.energiezen.fr
338,EnergyGo,service@energygo.com,https://www.energy-go.fr
339,Enerios,contact@enerios.fr,https://enerios.fr
340,Enerpose,info@enerpose.com,http://www.enerpose.fr
341,Enerpur,contact@enerpur.fr,https://www.enerpur.fr
342,Enersolis,info@enersolis.com,https://enersolis.fr
343,Enersun,enersun@enersun.fr,https://www.enersun.fr
344,ENF,info@enf.com,https://enf-oi.fr
345,Engie,SERVICE@engie.com,https://www.engie.com
346,ENGIE Green France,dpm.egn@engie.com,http://www.engie-green.fr
347,Enoé Energie,info@enoéenergie.com,https://www.enoe-energie.fr
348,ENR Développement,contact@enr-developpement.fr,http://www.enr-developpement.fr
349,ENR Solar,service@enrsolar.com,https://enr-solar.fr
350,ENR Solutions,info@enrsolutions.com,https://www.enr-solutions.fr
351,Enr2j,service@enr2j.com,https://www.enr2j.fr
352,EnRSol,info@enrsol.com,https://www.enrsol.fr
353,Entreprise MAS,contact@mas.fr,http://www.mas.fr
354,Envi-Tech-Solar,contact@envitechsolar.fr,https://envitechsolar.fr
355,EPA,CONTACT@epa.com,https://energies-partagees-alsace.coop
356,Equip'ENR,service@equipenr.com,https://www.equipenr.fr
357,ESEN,contact@euroelec-smartenergy.com,https://www.euroelec-smartenergy.com
358,Espace Eco Habitat,contact@espace-eco-habitat.fr,https://www.espace-eco-habitat.fr
359,Etera,info@etera.com,https://etera.fr
360,Etnair,accueil@etnair.com,http://etnair.com
361,Ets Di Pasquale,info@etsdipasquale.com,https://www.ets-dipasquale.com
362,Ets Gires,contact@gires-sarl.com,https://www.gires-sarl.com
363,Ets Meunier,info@etsmeunier.com,https://www.ets-meunier.fr
364,Ets Thomas,info@etsthomas.com,https://thomas-electricite.com
365,Ets Vellard,Contact@etsvellard.com,https://www.vellard-chauffage.fr
366,Eurelec,accueil@eurelec.org,https://www.eurelec.org
367,Euro Tech,info@eurotech.com,https://eurotech47.fr
368,Europe Énergie,contact@europeénergie.com,https://www.europe-energie.com
369,Eutrope Elec,INFO@eutropeelec.com,https://eutrope-elec.com
370,Evasol,Contact@evasol.com,https://www.evasol.fr
371,EVF,info@evf.com,https://www.evf-energie.com
372,EVM,contact@evm.com,https://www.evm-solaire.fr
373,Evynergie,projetcommercial@evynergie.com,https://evynergie.fr
374,Exo Solar,info@exosolar.com,https://www.exo-solar.com
375,Fauche,service@fauche.com,https://www.fauche.com
376,Fauchet,pro@fauchet.fr,https://www.fauchet.fr
377,Favier Bruno,info@favierbruno.com,https://www.electricite-favier.com
378,FJF Énergies,istration@fjfenergies.fr,https://www.fjfenergies.fr
379,Florian Kroener,contact@florian-kroener.com,https://www.florian-kroener.com
380,Force Eco,hello@force-eco.fr,https://force-eco.fr
381,France Global Energies,info@franceglobalenergies.com,https://www.franceglobalenergies.fr
382,France Habitat,info@francehabitat.com,https://www.francehabitatenr.fr
383,France Solar,service@francesolar.com,https://france-solar.fr
384,Francenergies,info@francenergies.com,https://www.francenergies.fr
385,Free Energie,contact@freeenergie.com,https://www.freeenergie.fr
386,Free Power,info@freepower.com,https://www.free-power.fr
387,Frelon,info@frelon.com,http://www.frelon-charpente.com
388,Fripacc,info@fripacc.com,https://fripacc.fr
389,Gallet,info@gallet.com,https://www.gallet-energies.fr
390,Gallo,info@gallo.com,https://www.sarl-gallo.fr
391,Gamarra,contact@gamarra-energiesrenouvelables.fr,https://gamarra.fr
392,Gan Energy,contact@ganenergy.com,https://www.gan-energy.com
393,Gautier,info@gautier.com,http://www.gautier-entreprise.fr
394,GDER,info@gder.com,https://www.gder.fr
395,GEAS Group,contact@geasgroup.com,https://www.geas.fr
396,GEEF,contact@ecoenergiefrance.fr,https://www.ecoenergiefrance.fr
397,GEM Energie,info@gemenergie.com,https://www.gemenergie.fr
398,Generation Solaire,contact@generationsolaire.com,https://www.generationsolaire.com
399,Genergies,secretariat@genergies.fr,https://genergies.fr
400,Genie Solar,info@geniesolar.com,https://www.geniesolar.com
401,Gensun,contact@gensun.com,https://gensun.fr
402,GéoClim Loire,contact@géoclimloire.com,https://www.geoclimloire.com
403,Gergaud,service@gergaud.com,https://gergaud-industrie.fr
404,GHE,info@ghe.com,https://www.ghefrance.fr
405,Gibeaux,contact@gibeaux.com,https://www.gibeaux.com
406,Girerd ENR,Info@girerd-enr.fr,https://girerd-enr.fr
407,Girosun,contact@legiret.com,https://www.girosun.fr
408,GlobaleTech,service@globaletech.com,https://globaletech.fr
409,GMV Industrie,info@gmvindustrie.com,https://www.gmvindustrie.com
410,GO Solar,info@gosolar.com,https://www.go-solar.fr
411,Gourdeau Guilbaud,thierry.guilbaud52@sfr.fr,https://www.gourdeau-guilbaud.fr
412,GPS Couverture,Info@gpscouverture.com,https://gps-couverture.com
413,GR Energies,contact@grenergies.com,https://grenergies.com
414,Green EnR,info@greenenr.fr,https://www.greenenr.fr
415,Green Ouest,pierre@greenouest-enr.fr,https://greenouest-enr.fr
416,Green Pro Elec,info@greenproelec.com,https://www.greenproelec.fr
417,GreenYellow,info@greenyellow.com,https://fr.greenyellow.com
418,GreenYellow,contact@greenyellow.com,https://www.greenyellow.com
419,Greiner,info@greiner-enr.fr,https://greiner-energies.fr
420,Group Solar,info@groupsolar.com,https://www.groupsolar.fr
421,Groupe Isola Energies,info@groupeisolaenergies.com,https://www.groupe-isola-energies.fr
422,Groupe Roy Énergie,info@grouperoyénergie.com,https://www.gre-enr.fr
423,Groupe Vincentz,contact@groupevincentz.com,https://www.groupe-vincentz.net
424,Guignard,entrepriseguignard@orange.fr,https://www.sarlguignard.com
425,H&M Enr,info@hmenr.com,https://www.hetmenr.fr
426,H2E,CONTACT@h2e.com,https://home-eco-enr.com
427,Habitat & Energies,info@habitat-energies.com,https://www.habitat-energies.com
428,Habitat RT2020,service@habitatrt2020.com,https://www.habitatrt2020.fr
429,Habitat Watt,info@habitatwatt.com,https://habitatwatt.fr
430,Haka Energy,haka.energy@orange.fr,https://haka-energy.com
431,Haut Sommet,secretariat.hautsommet@gmail.com,https://hautsommet.com
432,HBE Solutions,contact@hbe-solutions.fr,https://www.hbe-solutions.fr
433,Hébert Électricité,info@hébertélectricité.com,https://www.hebert-elec.fr
434,Heintz Equipements,info@heintz-solar.com,http://heintz-solar.com
435,Helexia,contact@helexia.eu,https://www.helexia.green
436,Helexia Agri,helexia-agri@helexia.eu,https://www.helexia-agri.com
437,Heliopac,contact@heliopac.com,https://heliopac.fr
438,Heliophoton,info@heliophoton.com,http://www.heliophoton.fr
439,Hélios Béarn,Info@héliosbéarn.com,https://www.pompe-chaleur-64.com
440,Helios Energie,info@heliosenergie.com,https://www.helios-energie.fr
441,Helios System,contact@helios-system.fr,https://www.helios-system.fr
442,Helios'R,contact@heliosr.fr,https://www.heliosr.fr
443,Helioscop,contact@helioscop.com,https://www.helioscop.com
444,Heliosolis,info@heliosolis.com,https://www.heliosolis.com
445,Hellios Energies,helliosenergies@holdingbandt.com,https://www.helliosenergies.com
446,Hervé Durand,info@hervédurand.com,https://hervedurand.com
447,HM Group,info@hmgroup.com,https://www.hmgroup.fr
448,Home Energie,info@homeenergie.com,https://homeenergie.fr
449,Home Expert Habitat,contact@homexperthabitat.fr,https://homexperthabitat.fr
450,HOMEVert,contact@homevert21.fr,https://www.homevert21.fr
451,Horys,info@horys.com,https://www.horys.fr
452,Houeix,contact@houeix56.fr,https://houeix56.fr
453,HydroAlsace,info@hydroalsace.com,https://www.hydroalsace.com
454,I.E.D.P,contact@iedp.com,https://iedp.fr
455,I.E.S,Marseillecontact@inepenergiessud.fr,https://www.inepenergiessud.fr
456,Ica3E,Francecontact@ica3e.fr,https://ica3e.fr
457,Icare PV,info@icarepv.com,https://www.icarepv.fr
458,ID Energies Bio,Info@idenergiesbio.com,https://id-energiesbio.fr
459,ID Solaire,Info@idsolaire.com,https://www.id-solaire.fr
460,ID Solar,contact@idsolar-industrie.com,http://idsolar-energy.com/
461,Idéal'Énergie,contact@idéalénergie.com,https://www.ideal-energie.fr
462,Idec Services,info@idecservices.com,https://www.idecservices.com
463,IDEE Solaire,info@ideesolaire.com,https://www.sarlvilaca.fr
464,IEL,commercial@iel-energie.com,https://www.iel-energie.com
465,IEP,contact@i-e-p.eu,https://www.iephotovoltaique.fr
466,IES Solar,info@internat-energy.fr,https://internat-energy.fr
467,IHE Energies,info@iheenergies.com,https://ihe-energies.fr
468,Imagine Energie,info@imagine-energie.com,http://www.imagine-energie.com
469,Imhotep Solar,etudes@imhotep-solar.com,https://www.imhotep-solar.com
470,INCE Robin,info@incerobin.com,https://www.ince67.com
471,Inova Technologies,contact@inovatechnologies.fr,https://www.inovatechnologies.fr
472,Install Solaire,info@installsolaire.com,https://www.install-solaire.fr
473,Involt Energies SAS,info@involt-energies.com,https://involt-energies.com
474,Irisolaris,service@irisolaris.com,https://irisolaris.com
475,Is'Eco,contact@is-eco.fr,https://is-eco.fr
476,ISL Clim,contact@islclim-grandest.fr,http://www.islclim-grandest.fr
477,Isowatt,sthizy@wemadeya.fr,https://isowatt.fr
478,J. Dulery & Fils,contact@sarldulery.fr,https://www.toiture-dulery-87.com
479,J.L. Marseille Energies,service@jlmarseilleenergies.com,https://www.marseille-energies.fr
480,JA Energies,service@jaenergies.com,https://www.ja-energies.com
481,JCM Solar,service@jcmsolar.com,https://www.jcmsolar.fr
482,Jean-Luc Boas,Contact@jeanlucboas.com,https://electricien-boas.fr
483,Jimenez,info@jimenez.com,https://www.jimenezcharpentecouverture.fr
484,JLP Electricité,info@jlpelectricité.com,https://jlpelectricite.com
485,Jool Eco,contact@jool-eco.com,https://jool-eco.com
486,JPee,info@jpee.com,https://www.jpee.fr
487,Jpsun,devis@jpsun.fr,https://jpsun.fr
488,Jura Energie Solaire,info@juraenergiesolaire.com,http://www.jura-energiesolaire.com
489,Jura Energie Solaire,service@juraenergiesolaire.com,https://www.salinpereetfils.fr
490,K-Helios,info@khelios.com,https://www.k-helios.fr
491,Kbane,service@kbane.com,https://www.kbane.com
492,KBE Energy,CONTACTEZ-NOUScontact@kbe-energy.com,https://www.kbe-energy.com
493,Kerbaul,contact@kerbaul.fr,https://kerbaul.fr
494,Kesler Chauffage,contact@keslerchauffage.com,http://kesler-chauffage.fr
495,KitSolaire-Discount,Info@kitsolairediscount.com,https://kitsolaire-discount.com
496,Kozy Group,contact@kozy-group.com,https://www.kozy-group.com
497,L'Agence Photovoltaïque,contact@lagencephotovoltaïque.com,https://agence-photovoltaique.com
498,L'Atelier des Energies,contact@latelier-energies.fr,https://www.latelier-energies.fr
499,L'Entreprise Electrique,SERVICE@lentrepriseelectrique.com,https://www.lentreprise-electrique.fr
500,Lachery Laurent,laurentlachery40@sfr.fr,https://www.maintenance-photovoltaique-landes.com
501,Lannes Énergies 64,info@lannesénergies64.com,https://www.lannes-energie64.fr
502,Lariviere,info@lariviere.com,https://www.lariviere.fr
503,Lcdep,contact@lcdep.fr,https://compagniedesenergiespropres.fr
504,LD Énergie,service@ldénergie.com,http://www.ld-energie.fr
505,Le Barbier,info@lebarbier.com,https://www.lb56.fr
506,Le Courant Alternatif,lecourantalternatif86@gmail.com,http://lecourantalternatif.fr/
507,Le Drive Solaire,ledrivesolaire@gmail.com,https://le-drive-solaire.fr
508,Le Roi Solaire,contact@leroisolaire.com,https://www.leroisolaire.fr
509,Le scanf,info@lescanf.com,https://entreprise-lescanf.fr
510,Le Solar Man,info@lesolarman.com,https://lesolarman.fr
511,Le Soleil De Melissa,info@lesoleildemelissa.com,https://www.lesoleildemelissa.paris
512,Legendre Energie,service@legendreenergie.com,https://www.legendre-energie.com
513,Legray,emilie.tobia@chauffageclimlegray.com,https://www.chauffageclimlegray.fr
514,Les Couvreurs Occitans,contact@couvreurs-occitans.fr,https://photovoltaique.couvreurs-occitans.fr
515,Les Techniciens du Solaire,contact@lestechniciensdusolaire.fr,https://lestechniciensdusolaire.fr
516,Li-Mithra Engineering,contact@li-mithra.fr,https://li-mithra.fr
517,Libercier Charpente Couverture,info@liberciercharpentecouverture.com,https://www.charpente-couverture-libercier.com
518,Libow,contact@libow.com,https://www.libow.fr
519,Libre Energie,info@libreenergie.com,https://libre-energie.com
520,LM Soleil,info@lmsoleil.com,https://www.lmsoleil.com
521,Lo Piccolo,contact@lopiccolo.fr,https://lopiccolo.fr
522,Lorric Elec,contact@lorricelec.fr,https://lorricelec.fr
523,Lotus TechSun,contact@lotustech.fr,https://www.lotustechnologie.fr
524,LTE,info@lte.com,http://www.lte-fr.com
525,Lucciol,contact@lucciol.com,https://www.lucciol.com
526,Lumensol,service@lumensol.com,https://www.lumensol.fr
527,Luxel,contact@luxel.fr,https://www.luxel.fr
528,LVTE,info@lvte.com,https://www.lvt.energy
529,Maclem,contact@maclem.fr,https://saintmaximin.maclem.fr
530,Maisolia,contact@maisolia.com,https://maisolia.com
531,Maneh Energy,Contact@manehenergy.com,https://www.maneh-energy.fr
532,Mangeon,contact@mangeon.com,http://www.entreprise-mangeon.fr
533,Marguet 3M,contact@marguet3m.com,https://marguet-3m.com
534,Mavisun,contact@mavisun.com,https://www.mavisun.com
535,MC Energies,info@mcenergies.com,https://mc-energies.fr
536,Mecojit,contact@mecojit.com,https://mecojit.com
537,Mecoworks,contact@mecoworks.com,https://www.mecoworks.com
538,Merci Soleil,info@mercisoleil.com,https://www.merci-soleil.fr
539,MES,contact@moneconomiesolaire.fr,https://moneconomiesolaire.fr
540,Metal Energie,metalenergie.solaire@gmail.com,https://www.metal-energie.fr
541,MG Electric,installationsActusContactmg83.enr@gmail.com,https://www.mgelectric.fr
542,Michel Barget,info@michelbarget.com,https://www.sarlmichelbarget.com
543,Michel Boissinot,contact@sas-mb.fr,https://michel-boissinot.fr
544,Millénium Electricité,info@milléniumelectricité.com,https://millenium-electricite.com
545,Milliot Green,info@milliotgreen.com,https://milliot-green.fr
546,Minodier EGCM,contact@minodier-egcm.com,https://www.minodier-egcm.com
547,MJ Solaire,contact@mj-solaire.fr,https://mj-solaire.fr
548,MK Home Énergie,contact@mkhome-energie.fr,https://www.mkhome-energie.fr
549,Mon Électricité Verte,INFO@monélectricitéverte.com,https://monelectriciteverte.com
550,Mon Energie Verte,Navigationcontact@mevbyhyseo.fr,https://www.monenergieverte.com
551,Mon Installation Solaire Autonome,contact@moninstallationsolaireautonome.com,https://www.mon-installation-solaire-autonome.com
552,Montelec,contact@montelec.com,https://www.montelec.fr
553,MonToitSolaire,info@montoitsolaire.com,http://montoitsolaire.fr
554,Moon Community,info@mooncommunity.com,https://moon.community
555,Morellec,contact@morellec.com,https://www.morellec.com
556,Mourgues Serge,service@mourguesserge.com,https://www.mourguesserge.com
557,MTB Viovi,CONTACT@mtbviovi.com,https://www.charpente-obterre.fr
558,My Electricity,service@myelectricity.com,https://www.myelectricity.fr
559,Nadalon,accueil@nadalon.fr,http://www.nadalon.fr
560,Naldeo,info@naldeo.com,https://naldeo-technologies-industries.com
561,Nathem,info@nathem.com,https://www.nathem.fr
562,Neoen,info@neoen.com,https://neoen.com/fr/
563,Neonext,info@neonext.com,https://neonext.fr
564,Néovolt,contact@neovolt.fr,https://neovolt.fr
565,Neowatt,info@neowatt.com,https://neowatt.fr
566,Nepsen,contact@nepsen.com,https://www.transenergie.eu
567,Nerveo,info@nerveo.com,https://www.nerveo.fr
568,NG Services,contact@ngservices.fr,https://www.ngservices.fr
569,Nice Énergie,contact@niceénergie.com,https://www.niceenergie.com
570,Nicol Eric,service@nicoleric.com,https://nicol-eric-charpente-couverture.weebly.com
571,Nord Performance Énergétique,contact@nordperformanceénergétique.com,https://www.nord-perf.fr
572,Nouvel’R Énergie,contact@nouvelrénergie.com,https://www.nouvelr-energie.com
573,Novalt Energies,info@novaltenergies.com,https://www.novalt-energies.fr
574,NRJ Ingénierie,contact@nrj-ingenierie.fr,https://nrj-ingenierie.fr
575,NSE Services,info@nseservices.com,https://www.nse-service.fr
576,O'SiToiT,contact@ositoit.com,https://www.o-sitoit.com
577,O2 Toit,contact@o2toit.com,https://o2toit.fr
578,OBTON,info@obton.com,https://www.obton.fr
579,Occitanie Sol'R,contact@occitaniesolr.com,https://www.occitaniesolr.com
580,OHE,info@ohe.com,https://www.o-habitat-energie.fr
581,Olivier Roquin,olivier.roquin@gmail.com,https://couverture-charpente-tours.fr
582,Olysi,service@olysi.com,https://olysi.fr
583,Omega Solaire,omegacontact@omega-enr.com,https://omega-solaire.fr
584,Oméo,contact@oméo.com,https://omeo.com
585,Optimwatt,service@optimwatt.com,https://optimwatt.fr
586,Orienté Solaire,service@orientésolaire.com,http://www.orientesolaire.fr
587,Orion Energies,contact@orionenergies.com,https://orionenergies.com
588,Orygeen,service@orygeen.com,https://www.orygeen.eu
589,Otovo France,hello@otovo.fr,https://www.otovo.fr
590,Ouvrard,contact@ouvrard-batiment.com,https://www.ouvrard-batiment.com
591,Overlians,info@overlians.com,https://overlians.com
592,Panneaux Solaires Nord,Info@panneauxsolairesnord.com,https://panneaux-solaires-nord.fr
593,Parera,contact@parera.com,https://www.parera.fr
594,Pascal,eurlpascal.toussaint@wanadoo.fr,https://www.photovoltaique-88.fr
595,Passelègue,info@passelègue.com,https://www.toitures-passelegue.fr
596,Pecclet Michel,service@peccletmichel.com,https://www.pecclet-michel-chauffage.fr
597,Pelcat,support@webador.fr,https://www.pelcat.eu
598,Pelletreau,contact@pelletreau.com,https://entreprise-pelletreau.fr
599,Pepin C.M.,service@pepincm.com,https://www.pepinconstruction.com
600,Perpignan Charpentes Tradition,Info@perpignancharpentestradition.com,https://www.pct66.com
601,PESS,contact@pess.com,https://pess.fr
602,Petitmangin,Info@petitmangin.com,https://petitmangin.fr
603,PH Energies,contact@ph-energies.fr,https://www.ph-energies.fr
604,Photo Climat,contact@photoclimat.com,https://photo-climat.fr
605,Photon Energie,service@photonenergie.com,https://panneau-solaire-bourgoin.com
606,Photosol,info@photosol.com,https://www.photosol.fr
607,Picon ENR,info@piconenr.com,https://piconenr.wixsite.com/piconenr
608,PIE,info@pie.com,https://www.producteurindependantenergie.fr
609,Pienergies,contact@pienergies.com,https://www.pienergies.fr
610,Placement Solaire,contact@placementsolaire.fr,https://www.placementsolaire.eu
611,Placier,info@placier.com,https://www.placiersas.com
612,Plaire - Robichon,contact@electricite-robichon.fr,http://electricite-robichon.fr
613,Planète Eco Solutions,info@planèteecosolutions.com,https://p-eso.com
614,Planete Solaire,planetesolaire@sfr.fr,http://0149853582.free.fr
615,PlanetEco Sun,info@planetecosun.com,https://planetecosun.com
616,Planeteco Sun,info@planetecosun.com,http://www.planeteco-sun.com
617,Plomb'Elec,pea13310@gmail.com,http://www.plombelec-associes.fr
618,Poly Energie,contact@poly-energie.fr,https://www.poly-energie.fr
619,Poly’Tech,info@polytech.com,https://www.polytech-67.fr
620,Ponticelli,info@ponticelli.com,https://www.ponticelli.com
621,Poseo Energies Renouvelables,service@poseoenergiesrenouvelables.com,https://poseo.pro
622,Poudray,contact@sarl-poudray.fr,https://www.sarl-poudray.fr
623,Power Energy,contact@powerenergy-france.com,https://powerenergy-france.com
624,Powerr Elec,contact@powerr.fr,https://www.powerr.fr
625,Powersol,service@powersol.com,https://powersol.fr
626,POwR,info@powr.com,https://www.powr.group
627,Prigent Abiven,info@prigentabiven.com,https://www.prigent-abiven.com
628,PrimaSolar,info@primasolar.com,https://www.primasolar.fr
629,Prismenergie,Info@prismenergie.com,https://prismenergie.fr
630,Pro Expert Solaire,contact@maproductionsolaire.com,https://maproductionsolaire.com
631,Pro Install Photovoltaïque,info@proinstallphotovoltaïque.com,https://pro-install-photovoltaique.fr
632,PRO Watts Energie,contact@prowattsenergie.com,https://www.prowattsenergie.com
633,ProGreenTech,info@progreentech.com,https://www.progreentech.fr
634,Provence Eco Energie,contact@provence-eco-energie.fr,https://www.provenceecoenergie.fr
635,Qair,INFO@qair.com,https://www.qair.energy
636,Qara,contact@qara.fr,https://qara.fr
637,Qualis Energies,contact@qualis-energies.fr,https://www.qualis-energies.fr
638,Quénéa,commercial@quenea.com,https://www.quenea.com
639,Quercy Solaire,service@quercysolaire.com,https://www.quercy-solaire.fr
640,R'Confort,info@rconfort.com,https://www.rconfort.com
641,Raquin-Duchon,Info@raquinduchon.com,https://www.raquin-duchon.com
642,RCE,contact@rce-solutions.fr,https://www.rce-solutions.fr
643,RDG Energy,contact@rdg-energy-solaire.fr,https://rdg-energy-solaire.fr
644,Reden,info@reden.com,https://reden.solar
645,Regiesolaire,contact@regiesolaire.fr,https://www.regiesolaire.fr
646,REH,service@reh.com,https://rehenergiebatiment.fr
647,Rhône Solaire Pro,info@rhônesolairepro.com,https://www.rhonesolairepro.com
648,Riviera Solar Energy,Info@rivierasolarenergy.com,https://riviera-solar-energy.fr
649,RLE,info@rle.com,https://www.rle-energies.com
650,RMS Énergies,contact@rmsénergies.com,https://www.rms-energies.fr
651,RNE,info@rne.com,https://www.r-ne.fr
652,Rodier,info@rodier.com,https://rodier-sas.fr
653,Rôle Energies,info@rôleenergies.com,https://role-energies.fr
654,Rosaz Energies,info@rosazenergies.com,https://rosaz-energies.fr
655,Rouch Energies,contact@rouchenergies.com,https://www.rouchenergies.fr
656,Rouilles,contact@rouilles-electricite.com,http://www.rouilles-electricite.com
657,RPELEC,contact@rpelec.fr,https://rpelec.fr
658,SAMenergies,service@samenergies.com,http://www.samenergies.com
659,Samsolar,contact@samsolar.fr,https://samsolar.fr
660,Santerne Alsace,santerne-alsace@santerne.fr,https://www.santerne-alsace.fr
661,sarasun,info@sarasun.com,https://sarasun.fr
662,Sarl C.F.E.N,energies.nouvelles@yahoo.fr,https://www.cfen-16.com
663,SARL Jeaumot Denis,denis.jeaumot@orange.fr,http://www.sarljeaumotdenis.fr
664,Sarl Plantureux,info@sarlplantureux.com,https://www.couverture-plantureux.fr
665,Sarl Roy,info@sarlroy.com,https://sarlroy.fr
666,Sarthe Solaire,info@sarthesolaire.com,https://sarthesolaire.com
667,Sb Energy,info@sbenergy.fr,https://www.sbenergy.fr
668,SBM,info@sbm.com,https://www.stebm.fr
669,SBM Énergie,info@sbménergie.com,https://www.sbm-energie.fr
670,SCED,info@sced.com,https://www.sced-france.com
671,Schneider Electric,info@schneiderelectric.com,https://solar.se.com
672,Scope2 Énergies,info@scope2énergies.com,http://www.scope2energies.fr
673,Sebalyo Solar,service@sebalyosolar.com,https://sebalyosolar.com
674,Sébastien Thiebaut,info@sébastienthiebaut.com,https://www.sebastien-thiebaut.fr
675,See You Sun,contact@seeyousun.fr,https://seeyousun.fr
676,SEF,info@sef.com,https://www.sef-solaire.fr
677,Sibel Energie,info@sibelenergie.com,https://sibelenergie.fr
678,Sibelec,contact@sibelec.com,https://www.sibelec.com
679,Siliceo,info@siliceo.com,https://www.siliceo.fr
680,Silosun,contact@silosun.com,https://silosun.fr
681,Simple et Solaire,contact@simple-et-solaire.com,https://www.simple-et-solaire.com
682,Sines,contact@sines.fr,https://www.sines.fr
683,SM SolarEnergy,info@smsolarenergy.com,https://www.smsolarenergy.com
684,SMAC,Info@smac.com,https://www.smac-sa.com
685,Smart Energies,service@smartenergies.com,https://www.smartenergies.tech
686,Smart To,contact@smartto.fr,https://www.smartto.fr
687,SMENR,contact@smenr.fr,https://www.smenr.com
688,SMV Constructions,info@smvconstructions.com,https://www.rigaudiere.com
689,So-Tec,contact@sotec.com,https://www.so-tec.fr
690,Soalis,contact@soalis.com,https://www.soalis-pv.com
691,Sol'Air Confort,service@solairconfort.com,https://www.solairconfort.fr
692,Sol'R Renov,alexandrepreve@gmail.com,https://www.solrrenov-energie-solaire.fr
693,Solair 3 Tech,contact@solair3tech.com,https://www.solair3tech.fr
694,SolairAlp,contact@solairalp.com,https://solairalp.com
695,Solaire 79,contact@solaire79.com,https://www.solaire79.fr
696,Solaire Corse,philippe.solairecorse@gmail.com,https://www.solairecorse.com
697,Solaire Déclic,contact@solairedéclic.com,https://www.solairedeclic.fr
698,Solaire France,contact@solairefrance.com,http://www.solairefrance.fr
699,Solaire Impulsion,contact@solaire-impulsion.com,https://www.solaire-impulsion.com
700,Solaire Poitou-Charentes,info@solairepoitoucharentes.com,https://solairepoitoucharentes.fr
701,Solairebois,info@solairebois.fr,https://solairebois.fr
702,Solaires Avantages,contact@solaire-avantages.com,http://solaire-avantages.com
703,SolaireWatt,contact@solairewatt.fr,https://solairewatt.fr
704,Solairgo Energies,info@solairgoenergies.com,https://www.solairgo.fr
705,Solak Energie,contact@solakenergie.fr,https://solakenergie.com
706,Solar Belle Planète,info@solarbelleplanète.com,https://www.solarbelleplanete.fr
707,Solar Central Invest,INFO@solarcentralinvest.com,http://www.solairesci.fr
708,Solar Direct,contact@solardirect.fr,https://www.solardirect.fr
709,Solar Gironde,contact@solargironde.com,https://solargironde.fr
710,Solar Photovoltaïque,contact@solarphotovoltaïque.com,https://www.solarphotovoltaique.fr
711,Solar Project,info@solarproject.com,https://www.solarproject.fr
712,Solar Système,contact@solarsystème.com,https://solarsysteme.fr
713,Solar Technic Elec,secretariat@solartechnic.fr,https://solartechnic.fr
714,Solar'EnR,contact@solarenr.com,http://www.solarenr.fr
715,Solaravis,info@solaravis.com,http://www.solaravis.com
716,Solarcom France,solarcom@solarcomfrance.com,https://www.solarcomfrance.com
717,Solarcom-ENR,info@solarcom-enr.com,https://solarcom-enr.com
718,Solarcouv,service@solarcouv.com,https://www.solarcouv.fr
719,Solargie,info@solargie.com,https://solargie.com
720,Solaris,info@solaris.com,https://www.solaris-store.com
721,Solarisa,info@solarisa.com,https://www.solarisa.fr
722,Solarize,info@solarize.com,https://www.solarize.fr
723,Solartec,info@solartec.com,https://www.solartecfrance.fr
724,Solatech,info@solatech.com,https://www.solatech.fr
725,SolAvenir,contact@solavenir.fr,https://www.solavenir.fr
726,Sole Nostrum,info@solenostrum.com,https://www.sole-nostrum.fr
727,Soleco,service@soleco.com,https://soleco.fr
728,Solédra,INFO@solédra.com,https://soledra.fr
729,Soleil Du Sud,info@soleildusud.com,https://www.soleil-du-sud.fr
730,Soleil en Tête,info@soleilentête.com,https://www.orleans-soleilentete.com
731,Soleil et Toit,info@soleilettoit.com,https://soleilettoit.fr
732,Soleil Vert,info@soleilvert.com,https://www.soleilvert.fr
733,Soleilex,Service@soleilex.com,https://soleilex.com
734,Soleimo Energies,info@soleimo-energies.com,http://www.soleimo-energies.com
735,Soleio,h00contact@soleio.fr,http://www.soleio.fr
736,Soleneo,info@soleneo.com,https://www.soleneo.fr
737,Solengie,service@solengie.com,https://www.solengie.fr
738,Soler Energies,contact@soler-energies.fr,https://www.soler-energies.fr
739,Solesens,info@Solesens.fr,http://www.solesens.fr
740,Solethix,info@solethix.com,https://solethix.fr
741,Solewa,info@solewa.com,https://www.solewa.com
742,Solidor Energie,info@solidorenergie.com,https://www.solidor-energie.fr
743,Solis,contact@solisgroupe.fr,https://solisgroupe.fr
744,Solstyce,jbe@solstyce.fr,https://www.solstyce.fr
745,Solution ENR,contact@solutionenr.com,https://solutionenr.com
746,Solution Solaire Du Sud,info@solutionsolairedusud.fr,https://solutionsolairedusud.fr
747,Solutions Nature,service@solutionsnature.com,https://solutionsnature.com
748,Solutions Soleil Energie,t.polge@solutions-soleil.fr,https://www.solutions-soleil.fr
749,Solvéo Energies,info@solvéoenergies.com,https://solveo-energies.com
750,Solvertus,service@solvertus.com,https://www.solvertus.com
751,Soprasolar,info@soprasolar.com,https://www.soprasolar.com
752,Sorégies,contact@sorégies.com,https://www.groupe-soregies.fr
753,Souchet,contact@sarlsouchet.fr,http://www.sarlsouchet.fr
754,Souet Électricité,daniel.souet@orange.fr,https://souet-electricite-chauffage.fr
755,Sovec Energie,service@sovecenergie.com,https://www.sovec-energie.fr
756,SP Confort,info@spconfort.com,https://spconfortenr.fr
757,Sphère Eco Sol'Air,service@sphèreecosolair.com,https://sphereecosolair.fr
758,Sphinx Engineery,info@sphinxengineery.com,https://sphinx-engineery.com
759,SPIE,info@spie.com,https://www.spie.com
760,SPN Energy,INFO@spnenergy.com,https://www.spn-energy.com
761,SPS,mail@example.com,https://smartpointsystem.fr
762,STB 34,Info@stb34.com,https://www.stb34.fr
763,Stoneco,contact@stoneco.fr,https://www.stoneco-enr.fr
764,Stralys Habitat,service@stralyshabitat.com,https://stralyshabitat.com
765,Sud Concept,info@sud-concept.com,https://www.sud-concept.com
766,Sud Ecobat,contact@sud-ecobat.fr,https://www.sud-ecobat.fr
767,Sud Est Energie,INFO@sudestenergie.com,http://sud-est-energie.fr
768,Sud Nouvelle Energie,service@sudnouvelleenergie.com,https://www.sudnouvelleenergie.fr
769,Sud Solaire Expert,contact@sud-solaire-expert.fr,https://www.sud-solaire-expert.fr
770,Sun Elec,secretariat@sun-elec.fr,https://www.sun-elec.fr
771,Sun Est,contact@sunest.fr,https://sunest.fr
772,Sun Green,info@sungreen.com,https://www.sungreen.fr
773,Sun R Solutions,contact@sunrsolutions.fr,https://sunrsolutions.fr
774,Sun'R,info@sunr.com,https://www.sunr.com
775,Sunactiv Habitat,info@sunactivhabitat.com,http://sunactivhabitat.com/
776,Suncnim,info@suncnim.com,https://www.suncnim.com
777,SunConcept,info@sunconcept.com,https://www.sun-concept.fr
778,Sunelis,info@sunelis.com,https://www.sunelis.com
779,Sungy,contact@sungy.com,https://www.sungy.co
780,Sunny Berry,info@sunnyberry.com,https://www.sunnyberry.fr
781,Sunstream International,info@sunstreaminternational.com,https://www.sunstream-international.com
782,Sunvie,service@sunvie.com,https://www.sunvie.eu
783,SunVolt,contact@sunvolt.fr,https://www.sunvolt.fr
784,SunWave,info@sunwave.com,https://www.sunwave.energy/nos-solutions
785,Switch Energies,contact@switchenergies.fr,https://enersol83.fr
786,Symbiose Énergie,contact@symbiose-energie.fr,https://www.symbiose-energie.fr
787,SynElios,info@synelios.com,https://photovoltaique.synelios.fr
788,Sysoleo,Contact@sysoleo.com,https://www.sysoleo.fr
789,Systèmes Solaires,info@systèmessolaires.com,https://systemessolaires.fr
790,Tec2e,contact@tec2e.com,https://www.tec2e-electricite-cvc-plomberie.fr
791,Tech Enr,contact@techenr.fr,https://techenr.fr
792,Tech'Solaire,contact@techsolaire.com,https://www.techsolaire.com
793,Tech3 énergies,tech3-energies@outlook.fr,http://www.tech3-energies.fr
794,Technic Solaire,contact@technicsolaire.fr,https://www.technicsolaire.fr
795,Technique Solaire,info@techniquesolaire.com,https://techniquesolaire.com
796,Techniques Energie,contact@techniques-energie.com,https://www.techniques-energie.com
797,Technitoit,contact@technitoit.com,https://www.technitoit.com
798,Tecnovac,Nimesbruno.portelli@gmail.com,https://tecnovac.fr
799,Tecsol,a.joffre@orange.fr,http://www.tecsol.fr
800,Tecwatt,contact@tecwatt.fr,https://www.tecwatt.fr
801,Tenergie,info@tenergie.com,https://tenergie.fr
802,Terra Solaire,contact@terrasolaire.com,https://terrasolaire.com
803,Terre et Lac,info@terreetlac.com,https://www.terreetlac.com
804,Terre Solaire,SERVICE@terresolaire.com,https://terresolaire.com
805,Tersun,info@tersun.com,https://tersun.fr
806,TFE,info@tfe.com,https://www.tfenergie.fr
807,Theia Eco Energies,contact@theia-ee.fr,https://theia-ee.fr
808,Thermi Service,info@thermiservice.com,https://www.thermi-service.fr
809,Thermo Concept Forézien,service@thermoconceptforézien.com,https://tcf-loire.fr
810,Thermonéo,commercial@thermoneo.fr,https://thermoneo-solaire.fr
811,Thibaud,info@thibaud.com,https://thibaudtmfr.wpcomstaging.com
812,Toitures Dufermont,toitures.dufermont@orange.fr,https://www.toituresdufermont.fr
813,Toltech Energy,service@toltechenergy.com,https://www.toltechenergy.com
814,TotalEnergies,info@totalenergies.com,https://totalenergies.com
815,Toulouse solaire,contact@cimaj.com,https://www.toulouse-solaire.com
816,Tournesol,info@tournesol.com,https://tournesol-bclp.fr
817,Tousolar,service@tousolar.com,https://www.tousolar.com
818,Travo d'Avenir,contact@travodavenir.com,https://www.travodavenir.fr
819,Tri-Energie,devis@tri-energie.fr,https://tri-energie.com
820,Triangle Horizon,SERVICE@trianglehorizon.com,https://www.triangle-horizon.com
821,Trisol,INFO@trisol.com,https://www.trisol51.fr
822,TucoEnergie,info@tucoenergie.com,https://www.tucoenergie.fr
823,Turquand,SERVICE@turquand.com,https://www.turquand.fr
824,Tysilio,info@tysilio.com,https://tysilio.com
825,UcciSun,info@uccisun.com,https://uccisun.fr
826,Urban Solar Energy,service@urbansolarenergy.com,https://www.urbansolarenergy.fr
827,UrbaSolar,info@urbasolar.com,https://urbasolar.com
828,Urgence Solaire,contact@urgence-solaire.com,http://urgence-solaire.com
829,Valeco,contact@groupevaleco.com,https://groupevaleco.com
830,Valénergies,service@valénergies.com,https://www.valenergies.com
831,Vallee Michael,vallee.michael@wanadoo.fr,https://www.valleemichael-enr.com
832,Valrea,Info@valrea.com,https://www.valorem-energie.com
833,Vasselet Kerautret,contact@vasselet.fr,https://vasselet.fr
834,Vedel,info@vedel.com,https://www.vedelbois-travaux.com
835,Vergnaud,info@vergnaud.com,https://www.vergnaudfrance.com
836,Vergnet,info@vergnet.com,https://www.vergnet.com
837,Verteole,service@verteole.com,https://www.verteole.com
838,Vion Energy,info@vionenergy.com,http://www.vion-energy.com
839,Viridis Elec,contact@viridiselec.com,https://viridiselec.com
840,Vital Energie,service@vitalenergie.com,https://www.vital-energie.fr
841,Vitet Couverture,info@vitetcouverture.com,https://www.vitet-couverture-energies.com
842,Viva Solar,contact@vivasolar.fr,https://vivasolar.fr
843,Vivarais Énergies,cm2c@cm2c.net,https://www.vivaraisenergies.com
844,Vivréco,contact@vivreco.fr,https://vivreco.fr
845,Vizeko Energy,contact@vizeko.com,https://www.vizeko.com
846,Voltalia,contact@voltalia.com,http://www.voltalia.com
847,Voltalux Energies,contact@voltaluxenergies.com,https://voltaluxenergies.com
848,Voltania,info@voltania.fr,https://voltania.com
849,Voltelia,info@voltelia.fr,https://www.voltelia.com
850,VSB Énergies Nouvelles,SERVICE@vsbénergiesnouvelles.com,http://vsb-energies.fr
851,WATT & CO,service@wattco.com,https://groupe-wattetco.com
852,Watt & Home,info@watthome.com,https://www.wattethome.com
853,Watt-Group,contact@wattgroup.com,https://watt-group.fr
854,We Sun,contact@wesun.com,https://www.wesun.fr
855,Welem,contact@welem.com,https://welem.com/enr/
856,World Energy,info@worldenergy.com,https://worldenergy.fr
857,Yaco Solaire,contact@yaco-solaire.com,http://www.yaco-solaire.com
858,Yes We Sun,CONTACT@yeswesun.com,https://www.yeswesun.net
859,Yneos Energies,info@yneosenergies.com,https://www.yneos-energies.fr
860,Yonne Solaire,rodolphe.czuba@yonnesolaire.fr,https://www.yonnesolaire.fr
861,Younergie Sun,service@younergiesun.com,https://www.younergie.fr
862,ZE Energy,contact@ze-energy.com,https://ze-energy.com
863,Zellie Energies,contact@zellieenergies.com,https://zellie-energies.fr
