Number,Company Name,Email,Company Website
1,365 Energy,biuro@365energy.pl,https://365energy.pl
2,3DSmart,biuro@3dsmart.pl,https://3dsmart.pl
3,3Energy,biuro@3energy.com.pl,https://3energy.com.pl
4,3K-Fotowoltaika,service@3kfotowoltaika.com,https://3k-fotowoltaika.pl
5,4 ECO,info@4eco.com,https://4-eco.pl
6,4em,dorota@4em.eu,https://www.4em.eu
7,4OZE,biuro@4oze.pl,http://4oze.pl
8,A.B. Polański,biuro@polanski.radom.pl,https://polanski.radom.pl
9,A.E.C.,info@aec.com,https://www.aec.com.pl
10,A2 Energy,kontakt@a2energy.pl,https://a2energy.pl
11,Abak,info@abak.com,https://www.energia-abak.pl
12,ABC Sun Energy,contact@abcsunenergy.com,http://www.abcsunenergy.pl
13,ACI Group,service@acigroup.com,https://acigroup.pl
14,Action,Service@action.com,https://fotowoltaika.action.pl
15,Activia,michal@activiagroup.pl,http://activiagroup.pl
16,Adash System,info@adashsystem.com,https://fotowoltaika-kielce.com.pl
17,Addur,contact@addur.com,https://addur.pl
18,AdMat-Eko,info@admateko.com,https://admateko.pl
19,Adviser Solutions Polska,spedycja@trans-adviser.pl,https://trans-adviser.pl
20,Agri-Sun,SERVICE@agrisun.com,https://www.agri-sun.com
21,Agrosolar,bok@agrosolar.pl,https://agrosolar.pl
22,AHT Energia,contact@ahtenergia.com,http://www.ahtenergia.pl
23,Air-Full Pneumatik,airfullpneumatik@onet.eu,https://afpneumatik.pl
24,Airlux Polska,service@airluxpolska.com,https://www.airlux.pl
25,AISEO,malipio@o2.pl,http://www.aiseo.pl
26,AJM Eco,service@ajmeco.com,https://www.ajm-eco.pl
27,Alex Electro,biuro@alex-electro.com,https://www.alex-electro.com
28,Alians,info@alians-oze.pl,https://alians-oze.pl
29,Alsen,info@alsen.com,https://alsen.com.pl
30,Alt M,biuro@altm.com.pl,http://www.altm.com.pl
31,Alt-Energy,biuro@alt-energy.pl,https://www.alt-energy.pl
32,Alter Energia,oze@altersa.pl,https://alter-energia.pl
33,Alter Energy,kontakt@alterenergy.pl,https://alterenergy.pl
34,AM Group Solar,info@amgroupsolar.com,https://amgroupsolar.com
35,AMC5,info@amc5.com,http://www.amc5.pl
36,Amper Electric,amper@amper-electric.com.pl,https://www.amper-electric.com.pl
37,Amper S.I.,info@ampersi.com,https://darmowyprad.com
38,AmperSol,info@ampersol.com,https://ampersol.pl
39,Andrzej Żmudal,biuro-zmuda@op.pl,https://zmuda-fotowoltaika.pl
40,Angopol,angopol@post.pl,http://www.angopol.com.pl
41,Antamion,contact@antamion.com,https://antamion.com
42,Antinus,info@antinus.pl,https://antinus.pl
43,APE,info@ape.com,https://apepw.pl
44,App Energy,biuro@appenergy.pl,https://appenergy.pl
45,Aptom Energia,kontakt@aptom.eu,https://aptom.eu
46,Arago,contact@arago.com,https://arago.green
47,Arbor Energia,biuro@arborenergia.pl,https://arborenergia.pl
48,Arca Solar,bok@arcasolar.pl,https://arcasolar.pl
49,Arenella,Contact@arenella.com,https://arenella.pl
50,Aresit,info@aresit.com,https://aresit.biz
51,Arinea,info@arinea.com,https://arinea.pl
52,ARIS,CONTACT@aris.com,https://www.aris.org.pl
53,Arkadia Oze,contact@arkadiaoze.com,https://arkadia-oze.pl
54,Art-Elektrix,contact@artelektrix.com,https://zestawy-solarne.pl
55,Artmaster,info@artmaster.com,https://solmaster.pl
56,ArtTherm,Info@arttherm.com,https://zaprzegnijslonce.pl
57,Aseb Green Energy,info@asebgreenenergy.com,https://aseb.pl
58,Aslandi,info@aslandi.com,https://www.aslandi.pl
59,Astadja,contact@astadja.com,http://astadja.pl
60,Ataco,info@ataco.com,https://ataco.pl
61,Atom,contact@atom.com,https://atompolska.pl
62,Audio Elektro,info@audioelektro.com,https://www.audioelektro.pl
63,Aura Energia,contact@auraenergia.com,https://www.aura-energia.pl
64,Aura Solar,contact@aurasolar.com,https://aurasolar.pl
65,Aura-Energy,info@auraenergy.com,https://aura-energy.pl
66,Automatik Elektrocieplo,contact@automatikelektrocieplo.com,https://elektrocieplo.pl
67,Avacon,contact@avacon.com,https://avacon.pl
68,AVM Engineering,service@avmengineering.com,https://avmengineering.pl
69,Axevici,service@axevici.com,https://ecd.pl
70,AZ Energy,info@azenergy.com,https://www.azenergy.pl
71,AZEnergia,info@azenergia.com,https://azenergia.pl
72,Azo Digital,info@azodigital.com,https://azodigital.com
73,b&b solar,contact@bbsolar.com,http://www.bb-solar.pl
74,B&Z Proenergy,info@bzproenergy.com,https://www.bzproenergy.pl
75,Baltic Energy,contact@balticenergy.com,https://baltic-energy.pl
76,Bartosz,service@bartosz.com,https://www.bartosz.com.pl
77,Basmac,info@basmac.com,https://basmac.com.pl
78,Bau-Technik,service@bautechnik.com,https://bautechnik.pl
79,Baxtom,service@baxtom.com,https://www.baxtom.com
80,BB Light,info@bblight.com,https://www.bb-light.pl
81,BDR Thermea Poland,info@bdrthermeapoland.com,https://dedietrich.pl
82,beeIN,Info@beein.com,https://beein.pl
83,Belmar,contact@belmar.com,https://belmar.com.pl
84,Besteon,info@besteon.com,https://besteon.pl
85,BG Energy Group,info@bgenergygroup.com,https://bgenergy.pl
86,Bio-Clim,info@bioclim.com,https://www.bio-klim.pl
87,Bio-Energetyka,service@bioenergetyka.com,http://www.bio-energetyka.pl
88,Biomar,info@biomar.com,https://www.oze-biomar.pl
89,Bioran,contact@bioran.com,https://www.bioran.pl
90,BiotechGroup,info@biotechgroup.com,https://biotechgroup.pl
91,Bisolar Energy,info@bisolarenergy.com,https://bisolar.pl
92,Bison Energy,info@bisonenergy.com,https://bisonenergy.pl
93,BMP Shipyard Services,info@bmpshipyardservices.com,https://bmelectro.eu
94,Bob Energetyk,info@bobenergetyk.com,http://bobenergetyk.pl
95,Bogitech,info@bogitech.com,https://www.bogi-tech.pl
96,Boniterm,info@boniterm.com,https://www.boniterm.com.pl
97,Borton Fotowoltaika,info@bortonfotowoltaika.com,https://www.fotowoltaikaborton.pl
98,Bożek Spektrum,info@bożekspektrum.com,https://spektrum.tech
99,Brand Eco,service@brandeco.com,http://brandeco.pl
100,Brando Michał Pukowski,service@brandomichałpukowski.com,https://brando-oze.pl
101,Brewa,info@brewa.com,https://www.brewa.pl
102,BTI Solar,biuro@bti-solar.pl,https://bti-solar.pl
103,Budrys Fotowoltaika,biuro@budrys.eu,https://www.budrys.eu
104,Budsar Energia,info@budsarenergia.com,https://budsar.pl
105,BudTechSolar,buiro@budtechsolar.pl,https://budtechsolar.pl
106,BuglaEnergy,biuro@buglaenergy.pl,http://buglaenergy.pl
107,By Energy Solutions,biuro@byenergysolutions.pl,https://byenergysolutions.pl
108,CAC PV,biuro@cacpv.pl,http://cacpv.pl
109,Caldo-Tech,kontakt@caldo-tech.pl,https://caldo-tech.pl
110,Carline,carline@carline.com.pl,https://carline.com.pl
111,CEE,service@cee.com,https://cee-fotowoltaika.pl
112,Celtimex,info@celtimex.com,https://celtimex.pl
113,Centro Solar Fotowoltaika,biuro@centro-solar.pl,https://centro-solar.pl
114,Centro-Energy,biuro@centro-energy.com.pl,https://centro-energy.com.pl
115,Centrum Fotowoltaiki,kontakt@cefo.pl,https://cefo.pl
116,Centrum OZE,oferta@coze.pl,https://coze.pl
117,CEO,info@ceo.com,https://www.ceo-odnawialna.pl
118,CHP Abakus,biuro@abakus-olsztyn.pl,https://abakus-olsztyn.pl
119,Ciecierski Instalacje,info@ciecierskiinstalacje.com,https://www.kolektory.war.to
120,CityNet,contact@citynet.com,https://www.city-net.pl
121,CMB Technika Grzewcza,contact@cmbtechnikagrzewcza.com,https://www.cmbtechnikagrzewcza.pl
122,Cogito Energy,service@cogitoenergy.com,https://www.cogitoenergy.pl
123,Columbus Energy,info@columbusenergy.com,http://columbusenergy.pl
124,ComEko,contact@comeko.com,https://www.comeko.pl
125,Coming Home,kontakt@coming-home.pl,https://coming-home.pl
126,Concept,biuro@concept-ostrow.pl,https://concept-ostrow.pl
127,Concept Energy,info@conceptenergy.com,https://www.conceptenergy.pl
128,Consor Energia,sklep@consorenergia.pl,https://consorenergia.pl
129,Coral,coral@coral.com.pl,https://coral.com.pl
130,Craftco Energy,biuro@craftco.pl,https://craftco.pl
131,Cryspol,info@cryspol.com,https://cryspol.pl
132,Cyfronic,service@cyfronic.com,https://www.cyfronic.com
133,Czempas,biuro@czempas.pl,http://czempas.pl
134,CzysteGrzanie,info@czystegrzanie.com,https://czystegrzanie.pl
135,Danmax,info@danmax.com,https://danmax.net
136,Darsun,info@darsun.com,http://www.darsunsolar.pl
137,DBC Solar-System,Mirczebiuro@kolektory-zamosc.pl,https://kolektory-zamosc.pl
138,Degon - Armanda,szymon@degon.pl,https://degon.pl
139,Denergy Fotowoltaika,kontakt@denergyfotowoltaika.pl,https://denergyfotowoltaika.pl
140,Denlux,biuro@denlux.pl,https://denlux.pl
141,DGE,info@d-ge.pl,https://dge.com.pl
142,Dinet Polska,info@dinet.net.pl,http://www.dinet.net.pl
143,Diocom,serwis@diocom.pl,https://www.fotowoltaika-bielsko.pl
144,Dom bez Kosztów,info@dombezkosztów.com,https://www.dombezkosztow.com
145,Dom Bez Opłat,biuro@dombezoplat.pl,https://dombezoplat.pl
146,Dom Eko System,biuro@domekosystem.pl,https://domekosystem.pl
147,Dom Pełen Energii,kontakt@dompelenenergii.pl,https://dompelenenergii.pl
148,Domino,w.rokicki@wp.pl,http://domino-rokicki.pl
149,Domotermika,info@domotermika.com,http://domotermika.pl
150,DomowaEnergia,info@domowaenergia.com,https://www.domowaenergia.com.pl
151,Doradcy Energetyczni,service@doradcyenergetyczni.com,https://doradcyenergetyczni.com.pl
152,Dorex Energy,contact@dorexenergy.com,https://dorexenergy.pl
153,Dorian,service@dorian.com,https://dorian.com.pl
154,DS Energy Solar,biuro@dsenergy.pl,https://dsenergy.pl
155,Dudek,info@dudek.com,https://phududek.pl
156,DUX Hurtownia Elektryczna,biuro@dux.net.pl,https://dux.net.pl
157,E-Home,biuro@elektryka-fotowoltaika.pl,https://elektryka-fotowoltaika.pl
158,E.On,logistyka@eonfoton.pl,https://eonfoton.pl
159,Easy Energy Solar,Service@easyenergysolar.com,https://easyenergysolar.pl
160,EasyPower,service@easypower.com,https://easy-power.pl
161,EBS,contact@ebs.com,https://ebs-kielce.pl
162,Eco Clover,kontakt@ecoclover.pl,https://www.ecoclover.pl
163,ECO Comfort,m.blaszczyk@ecocomfort.pl,https://www.ecocomfort.pl
164,Eco Project Design,biuro@ecoprojectdesign.com,https://ecoprojectdesign.com
165,Eco Solar System,info@ecosolarsystem.com,https://ecosolarsystem.pl
166,Eco Sunset,contact@ecosunset.com,https://ecosunset.pl
167,ECO Synergia,service@ecosynergia.com,https://ecosynergia.pl
168,Eco System,contact@ecosystem.com,https://ecosystemprojekt.pl
169,Eco Systems,info@ecosystems.pl,https://www.ecosystems.pl
170,Eco Voltaika,zapytania@ecovoltaika.pl,https://ecovoltaika.eu/pl/home
171,Eco-Constans,wienia790-810-737biuro@eco-constans.pl,https://eco-constans.pl
172,Eco-energia,contact@ecoenergia.com,http://www.eco-energia.pl
173,Eco-Planet,biuro@ecoplanet.org.pl,https://ecoplanet.org.pl
174,Eco-Sol,contact@ecosol.com,https://eco-sol.pl
175,Eco-Solution,info@ecosolution.com,https://www.eco-solution.pl
176,Eco-Team,contact@ecoteam.com,https://www.eco-team.pl
177,Eco-Technika,biuro@eco-technika.com.pl,https://eco-technika.com.pl
178,Eco-Volt,biuro@eco-volt.pl,https://eco-volt.pl
179,Eco-Zekra,service@ecozekra.com,https://eco-zekra.pl
180,ECO365,biuro@eco365.pl,https://eco365.pl
181,EcoAG,SERVICE@ecoag.com,https://ecoag.eu
182,Ecoenergy,service@ecoenergy.com,https://ecoenergy24.pl
183,EcoEnergy Rzeszów,jakub@lesiu.com.pl,https://www.ecoenergyrzeszow.pl
184,EcoJura,biuro@ecojura.pl,https://www.ecojura.pl
185,Ecoliber,info@ecoliber.com,https://ecoliber.pl
186,EcoLive,contact@ecolive.com,https://ecolive.com.pl
187,EcoPlus,Info@ecoplus.com,https://www.ecoplus.mielec.pl
188,EcoProm,info@ecoprom.com,http://www.ecoprom.pl
189,Ecore,info@ecore.com,https://www.ecore.pl
190,Ecostacja,ecostacja@ecostacja.pl,https://ecostacja.pl
191,Ecotec,biuro@ecotec-polska.pl,https://ecotec-polska.pl
192,Ecowatt,biuro@ecowattservis.pl,https://www.ecowattservis.pl
193,Eeef.pl,kontakt@eeef.pl,https://eeef.pl
194,EG System,info@egsystem.pl,http://egsystem.pl/
195,Eko Cumulus,jacek.mazon@ekocumulus.pl,https://ekocumulus.pl
196,Eko Energia Fotowoltaika Kraków,info@ekoenergiafotowoltaikakraków.com,https://ekoenergiakrakow.pl
197,Eko Energia i Automatyka,info@ekoenergiaiautomatyka.com,https://ekoenergia-automatyka.pl
198,EKO Galicja,info@ekogalicja.com,https://www.ekogalicja.pl
199,Eko Helios,dariusz.zielinski@ekohelios.pl,https://www.ekohelios.pl
200,EKO Invest,info@ekoinvest.com,https://ekoinvestpolska.pl
201,EKO Klima,biuro@eko-klim.pl,https://eko-klim.pl
202,Eko Ogrzewanie,info@ekoogrzewanie.com,https://www.eko-ogrzewanie.eu
203,Eko Prime,service@ekoprime.com,https://ekoprime.pl
204,Eko Projekt,biuro@ekoprojekt24.eu,https://ekoprojekt24.eu
205,Eko Solar,service@ekosolar.com,https://eko-solar.eu
206,Eko Technology,contact@ekotechnology.com,https://ekotechnology.pl
207,Eko Wat,biuro@ekowat.eu,https://ekowat.eu
208,Eko-Anwa,info@ekoanwa.com,https://www.eko-anwa.pl
209,Eko-Instal,biuro@eko-instal.pl,https://eko-instal.pl
210,Eko-on,biuro@eko-on.pl,https://www.eko-on.pl
211,EKO-PIEC,info@ekopiec.com,https://www.eko-piec.eu
212,Eko-Serwis Instalacje Elektryczne,biuro@ekoserwiseb.pl,https://ekoserwiseb.pl
213,Eko-Solar,info@ekosolar.com,https://ekosolargliwice.pl
214,Ekodom OZE,info@ekodomoze.com,https://ekodom-oze.pl
215,Ekoemiter,contact@ekoemiter.com,https://ekoemiter.com.pl
216,EkoEnergia Polska,biuro@ekoenergiapolska.pl,https://www.ekoenergiapolska.pl
217,Ekoenergia PV,biuro@ekoenergiapv.pl,https://ekoenergiapv.pl
218,EkoFachowcy,contact@ekofachowcy.com,https://ekofachowcy.pl
219,Ekoi,biuro@ekoi.pl,https://ekoi.pl
220,Ekoinstal,kontakt@ekoinstal.org.pl,https://ekoinstal.org.pl
221,Ekoinstal,biuro@ekoinstal.gda.pl,https://ekoinstal.gda.pl
222,Ekolenergia,info@ekolenergia.pl,https://ekolenergia.pl
223,Ekomplex,biuro@ekomplex.pl,https://ekomplex.pl
224,Ekoos,admin@ekos.pl,http://ekos.pl
225,Ekopark,biuro@ekopark-kolaczkowo.pl,http://www.ekopark-kolaczkowo.pl
226,Ekoprojekt Poland,Info@ekoprojektpoland.com,https://czysty-zysk.pl
227,Ekosed,ekosed@ekosed.pl,https://ekosed.pl
228,Ekoserwis,ekoserwis@ekoserwisbp.pl,https://www.ekoserwisbp.info
229,Ekosolar,biuro@ekosolar.com.pl,https://ekosolar.com.pl
230,Ekosun,info@ekosun.com,https://www.ekosunkoszalin.pl
231,Ekosun,biuro@ekosun.pl,https://ekosun.pl
232,Ekosystem,info@ekosystempolska.pl,https://www.ekosystempolska.pl
233,Ekotec,ekotec@ekotec.com.pl,https://ekotec.com.pl
234,ekoTechnologia,sklep@ekotechnologia.eu,https://ekotechnologia.eu
235,Ekover,ekoverpl@gmail.com,https://ekover.pl
236,Ekovo,biuro@ekovo.pl,https://ekovo.pl
237,Ekowatt,service@ekowatt.com,http://ekowatt.pl
238,EkoWoltaika,ekowoltaika@gmail.com,https://eko-woltaika.pl
239,EKP,info@ekp.com,https://ekopremiumtech.pl
240,Ekspert,info@ekspert.com,https://ekspertpv.pl
241,El Klim,elklim.gorlice@gmail.com,https://montazfotowoltaiki-gorlice.indexfirm.pl
242,El-Inno,contact@elinno.com,https://www.elektrykmysliborz.pl
243,El-Max,contact@elmax.com,https://elmaxorawa.pl
244,El-Monter,info@elmonter.com,https://el-monter.com.pl
245,El-Pro,biuro@el-pro.com.pl,https://el-pro.com.pl
246,El-Protekt,Contact@elprotekt.com,https://el-protekt.pl
247,El-Sun,biuro@el-sun.pl,https://el-sun.pl
248,El-Tech,biuro@el-tech.eu,http://el-tech.eu
249,EL-VAR,info@elvar.com,https://el-var.pl
250,Elbud,biuro@elbud.com.pl,https://www.elbud.com.pl
251,ElectroTile,SERVICE@electrotile.com,https://electrotile.com
252,Elektrik Piotr Bachman,service@elektrikpiotrbachman.com,https://elektrikpb.pl
253,Elektrix,elektrix@elektrix.com.pl,http://www.elektrix.com.pl
254,Elektro Automatik,contact@elektroautomatik.com,https://elektroautomatik.pl
255,Elektro Control,biuro@instalacjefotowoltaiczne.com,https://instalacjefotowoltaiczne.com
256,Elektro Masters,info@elektromasters.com,https://elektromasters.com.pl
257,Elektro-Instalator,biuro@fotowoltaika-mazury.pl,https://fotowoltaika-mazury.pl
258,Elektro-Plus,hurtownia@elektroplus.com.pl,https://elektroplus.com.pl
259,Elektro-Sanit,biuro@elektro-sanit.pl,https://elektro-sanit.pl
260,Elektro-Silver,service@elektrosilver.com,https://elektrosilver.pl
261,Elektroinvest,info@elektroinvest.com,https://elektroinvest.pl
262,Elektroklim,biuro@elektroklim.pl,https://www.elektroklim.pl
263,Elektroklimat,info@elektroklimat.com,https://elektroklimat.pl
264,ElektroMeks,biuro@elektromeks.eu,https://elektromeks.eu
265,Elektron Fotowoltaika,biuro@elektronpv.pl,https://elektronpv.pl
266,Elektropartner,INFO@elektropartner.com,https://www.elektropartner.info.pl
267,Elektrosfera,k.laskawski@elektrosfera.pl,https://elektrosfera.com.pl
268,Elektrosol,info@elektrosol.pl,https://elektrosol.pl
269,ElektroSpeed,MACIEJ@ELEKTROSPEED.PL,http://elektrospeed.pl/
270,Elektrotum,biuro@elektrotum.pl,https://elektrotum.pl
271,ElektroWat,elektrowat@onet.eu,https://www.elektrowat.com
272,Elektryk Expert,contact@elektrykexpert.com,https://www.elektrykexpert.pl
273,Elektryk Trzebnica,contact@elektryktrzebnica.com,https://instalacje-elektryczne-trzebnica.pl
274,Elemer,service@elemer.com,https://www.elemer-niechlonin.pl
275,Elenco,info@elenco.com,https://elenco.pl
276,Elfach,elfach@vp.pl,https://elfach-elektryk.pl
277,Elinsbud,Info@elinsbud.com,https://firma-elinsbud.pl
278,Elmax-Hurt,Info@elmaxhurt.com,https://www.elmax-hurt.pl
279,ELQ,office@elqsa.pl,https://elqsa.pl
280,Elran,biuro@elran.pl,http://xb1can.redprojekt.com.pl
281,Elsett,biuro@elsett.pl,https://elsett.com.pl
282,Elsolar,elsolar@elsolar.pl,https://elsolar.pl
283,Elsolid,biuro@elsolid.pl,https://www.elsolid.pl
284,Elswar,info@elswar.com,http://elswar.pl
285,Eltech,eltech@eltech.net.pl,https://eltech.net.pl
286,Eltrix,biuro@eltrix.biz,https://eltrix.biz
287,Eltromax,contact@eltromax.com,http://www.eltromax.pl
288,Elus,b2b@elus24.pl,https://www.elus.pl
289,Elwik,info@elwik.com,https://www.el-wik.pl
290,emBroker,service@embroker.com,https://www.embroker.pl
291,Emiter,emiter@emiter.net.pl,https://emiter.net.pl
292,Emsol,info@emsol.com,https://emsol.com.pl
293,En-dor,jkanik@en-dor.pl,http://en-dor.pl
294,Eneco,kontakt@grupaeneco.pl,https://grupaeneco.pl
295,Eneko Polska,contact@enekopolska.com,https://spolkaeneko.pl
296,Ener Solar,info@enersolar.com,https://enersolaroze.pl
297,Energa Obrót,info@energaobrót.com,https://energa.pl
298,Energetyczny Projekt,biuro@energetycznyprojekt.pl,https://energetycznyprojekt.pl
299,Energetyk,info@energetyk.com,http://www.energetykpuh.pl
300,Energia Capital,info@energiacapital.com,https://www.energiacapital.pl
301,Energia EWK,biuro@energiaewk.pl,http://energiaewk.pl
302,Energia Lokalna,biuro@energialokalna.pl,https://energialokalna.pl
303,Energia OZE,biuro@odnawialnaenergia.pl,https://odnawialnaenergia.pl
304,Energia RS,energiars@wp.pl,https://www.energiars.pl
305,Energia Sloneczna,biuro@energiasloneczna.eu,http://www.energiasloneczna.eu
306,Energia Słońca,biuro@energiaslonca.pl,https://energiaslonca.pl
307,Energia Taniej,biuro@energiataniej.com.pl,https://energiataniej.com.pl
308,EnergiaPort,biuro@energiaport.pl,https://energiaport.pl
309,EnergiaPRO,info@energiapro.com,http://www.energiapro.pl
310,Energo Therm,biuro@energo-therm.pl,https://www.energo-therm.pl
311,Energy Home,biuro@energyhome.pl,http://energyhome.pl
312,Energy On,biuro@energy-on.pl,https://www.energy-on.pl
313,Energy Planet,service@energyplanet.com,https://energyplanet.pl
314,Energy Win,info@energywin.pl,http://energywin.pl/
315,Energy-24,biuro@energy-24.pl,https://energy-24.pl
316,Energy-Pro,zamowienia@energy-pro.com.pl,http://energy-pro.com.pl
317,Energypack,kontakt@energypack.pl,https://energypack.pl
318,Energysat,biuro@energysat.pl,https://energysat.pl
319,Energysol,biuro@energysol.eu,https://energysol.eu
320,EnergySun,biuro@energysun.pl,https://energysun.pl
321,Eneria,aktualizacja.rezygnacja@eneria.pl,https://eneria.pl
322,Enerji,redakcja@enerji.pl,https://enerji.pl
323,Enerkan,biuro@enerkan.pl,https://www.enerkan.pl
324,Enermo,bok@enermo.pl,https://enermo.pl
325,Enerp,biuro@enerp.pl,https://enerp.pl
326,Enervo,info@enervo.com,https://enervo.pl
327,Enerwent,contact@enerwent.com,https://enerwent.pl
328,Enis,contact@enis.com,https://www.enis.pl
329,EnSky,Service@ensky.com,https://fotowoltaika-opole.pl
330,Ensol,contact@ensol.com,https://www.ensol.pl
331,Enter,enter.gorzow@interia.pl,http://www.clima.pl
332,Eovia,kontakt@eovia.pl,https://eovia.pl
333,EPG,info@epg.com,https://epg.eco
334,Eplan,info@eplan.com,https://www.eplan.com.pl
335,Eprad,info@eprad.pl,https://eprad.pl
336,EPS,service@eps.com,http://eps.org.pl
337,Ergo-Term,info@ergoterm.com,https://ergo-term.pl
338,Ergon,contact@ergon.com,https://ergon.biz
339,ESG,contact@esg.com,https://es-g.pl
340,ESOLEO,INFO@esoleo.com,https://www.esoleo.pl
341,ESP Energia,biuro@esp-energia.pl,http://esp-energia.pl
342,Etexinstal,michal@etexinstal.pl,http://www.etexinstal.pl
343,Etikon,biuro@etikon.pl,https://www.etikon.pl
344,EuroPV,INFO@europv.com,https://www.europv.pl
345,Eurosolar,biuro@euro-solar.pl,https://euro-solar.pl
346,Evo Energy,contact@evoenergy.com,https://evoenergy.pl
347,Evoltim,contact@evoltim.com,https://evoltim.pl
348,Extra Energia,service@extraenergia.com,https://www.extraenergia.pl
349,Fabryka Energii,biuro@fabryka-energii.eu,https://fabryka-energii.eu
350,Farmy Fotowoltaiki,service@farmyfotowoltaiki.com,https://farmyfotowoltaiki.pl
351,Fast Energy,contact@fastenergy.com,https://fastenergy.pl
352,Fenix Energy,biuro@fenixenergy.pl,https://www.fenixenergy.pl
353,Ferro Wings,kontakt@ferrowings.pl,https://ferrowings.pl
354,Firma D&D,biuro@fotowoltaika.firmadd.pl,https://fotowoltaika.firmadd.pl
355,Firma Instalacyjna Elektron,biuro@web-elektron.pl,https://web-elektron.pl
356,Flampol,biuro@flampol.pl,http://www.flampol.pl
357,FlexiPower Group,kontakt@flexipowergroup.pl,https://flexipowergroup.pl
358,Flix Energy,kontakt@flixenergy.pl,https://flixenergy.pl
359,FMS,service@fms.com,https://fotowoltaikamontazserwis.pl
360,FMSol,info@fmsol.com,https://oze.fmsol.pl
361,Fokus Consulting,biuro@fokusconsulting.pl,https://www.fokusconsulting.pl
362,Folrec,contact@folrec.com,https://folrec.pl
363,Forga,forga.wojciechjasiczek@wp.pl,https://forga-jasiczek.pl
364,Fortuna Line,biuro@expert-s.pl,https://fortuna-line.pl
365,Foto Instal,kontakt@foto-instal.com,https://www.foto-instal.com
366,Foto Volt Eko Energia,info@fotovoltekoenergia.com,https://fotovolt.pl
367,Fotomont,info@fotomont.com,https://elektryka.pro
368,Foton Instal,kontakt@foton-instal.pl,http://www.foton-instal.pl
369,Foton Projekt,contact@fotonprojekt.com,https://www.fotonprojekt.pl
370,FotonLAB,info@fotonlab.com,https://fotonlab.pl
371,Fotoogniwa,od@soleos.pl,https://fotoogniwa-sklep.pl
372,Fotosol,kontakt@fotosol.pl,https://fotosol.pl
373,Fotowolt24,paulina@fotowolt24.pl,https://fotowolt24.pl
374,Fotowolta,biuro@fotowolta.pl,https://fotowolta.pl
375,Fotowoltaika Bydgoszcz,biuro@fotowoltaika.bydgoszcz.pl,http://fotowoltaika.bydgoszcz.pl
376,Fotowoltaika Calma Energy,info@fotowoltaikacalmaenergy.com,https://calma.pl
377,Fotowoltaika Dębica,contact@fotowoltaikadębica.com,https://fotowoltaikadebica.pl
378,Fotowoltaika Expert,biuro@fotowoltaikaexpert.pl,https://www.fotowoltaikaexpert.pl
379,Fotowoltaika Golta,NAPISZkontakt@fotowoltaika-golta.pl,http://fotowoltaika-golta.pl
380,Fotowoltaika Krosno,info@fotowoltaikakrosno.com,http://fotowoltaikakrosno.pl
381,Fotowoltaika Mazury,biuro@fotowoltaika.mazury.pl,https://fotowoltaika.mazury.pl
382,Fotowoltaika Plus,info@fotowoltaikaplus.com,https://fotowoltaika.plus
383,Fotowoltaika Ryszard Zych,biuro@produkuj-prad.pl,https://www.produkuj-prad.pl
384,Fotowoltaika System,biuro@fotowoltaikasystem.pl,https://www.fotowoltaikasystem.pl
385,Free Energy,biuro@hurtowniafree-energy.pl,https://free-energyshop.pl
386,Free Energy,info@freeenergy.com,https://freeenergy-mazury.pl
387,Free Energy Technology,service@freeenergytechnology.com,https://www.freeenergy.pl
388,FreeEco,biuro@freeeco.pl,https://freeeco.pl
389,Freefoto,contact@freefoto.com,https://freefoto.pl
390,FreeSun,biuro@freesun.pl,https://freesun.pl
391,Fundacja Fotowoltaiki,Kontaktkontakt@fundacjafotowoltaiki.pl,https://fundacjafotowoltaiki.pl
392,FutureSun,biuro@futuresun.pl,https://futuresun.pl
393,G-Pro Eco Energy,info@gproecoenergy.com,https://g-pro.com.pl
394,G-VOLT,biuro@gvolt.pl,https://gvolt.pl
395,G2V Energia,biuro@g2v.pl,https://www.g2v.pl
396,Gabra,service@gabra.com,https://gabra.com.pl
397,Gabrypol,gabrypol@gabrypol.com,https://www.gabrypol.com
398,Gaia Solar,contact@gaiasolar.com,https://gaia.solar
399,GBE,gbe.era@wp.pl,https://gbe-fotowoltaika.pl
400,GE Services,biuro@geservices.pl,https://geservices.pl
401,Gebrüder Peters,info@gebrüderpeters.com,http://legnica-fotowoltaika.pl/
402,Get Free,service@getfree.com,https://getfree.pl
403,GFT Inteligentny Dom,service@gftinteligentnydom.com,https://fotowoltaika.gft.pl
404,GGE Fotowoltaika,biuro@ggefotowoltaika.pl,https://ggefotowoltaika.pl
405,GGenergy,biuro@ggenergy.pl,https://ggenergy.pl
406,Giemza,biuro@ogrzejemy.pl,http://www.ogrzejemy.pl
407,Giosan,biuro@giosan.pl,https://giosan.pl
408,GlobalECO,biuro@globaleco.pl,https://globaleco.pl
409,Globeco,biuro@globeco.pl,https://www.globeco.pl
410,Globelektro,info@globelektro.com,http://globelektro.pl/
411,Głogowsk,Contact@głogowsk.com,https://zei24.pl
412,Gobox,contact@gobox.com,http://gobox.com.pl
413,Godar Fotowoltaika,service@godarfotowoltaika.com,https://godarfotowoltaika.pl
414,Goldsun,info@goldsun.com.pl,https://goldsun.com.pl
415,Gomar,biuro@gomar.info,https://gomar.info
416,Goodenergy,info@goodenergy.com,https://www.goodenergy.pl
417,GoPower,Info@gopower.com,https://www.gopower.com.pl
418,GoSolar,info@gosolar.com,https://www.gosolar.pl
419,Gospodarka Solarna,INFO@gospodarkasolarna.com,https://gospodarkasolarna.pl
420,GP-Systems,SERVICE@gpsystems.com,https://www.pv-gpsystems.eu
421,Gralbud Group,piotr.gralak@gral-bud.pl,https://www.gral-bud.pl
422,Gramer,contact@gramer.com,http://www.gramer.com.pl
423,GranEl,service@granel.com,https://granel.pl
424,Graphen,info@graphen.com,https://graphen.pl
425,Great Solar,biuro@greatsolar.eu,https://greatsolar.eu
426,Green Dynamic,biuro@greendynamic.pl,https://www.greendynamic.pl
427,Green Elite,greenelite.lublin@gmail.com,https://greenelitelublin.pl
428,Green House Systems,info@greenhousesystems.pl,https://greenhousesystems.pl
429,Green Mark,biuro@gmark.pl,https://www.gmark.pl
430,Green Motion,biuro@green-motion.pl,https://green-motion.pl
431,Green Power Energy,info@greenpowerenergy.com,https://gpenergy.com.pl
432,Green Synergy,biuro@green-synergy.pl,https://green-synergy.pl
433,Green Union,biuro@greenunion.com.pl,https://greenunion.com.pl
434,Green-Tech,sklepKontaktbiuro@green-tech.com.pl,https://green-tech.com.pl
435,Greengy,biuro@greengy.pl,https://greengy.pl
436,Greenhouse RS,info@greenhousers.com,https://greenhouse-rs.eu
437,GreenMax,biuro@greenmax.pl,https://greenmax.pl
438,GreenSun,info@gsun.pl,https://gsun.pl
439,Gregmont,biuro@gregmont.pl,https://gregmont.pl
440,Grodno,service@grodno.com,https://www.grodno.pl
441,Grom,contact@grom.com,https://www.grom-instalacje.pl
442,Gromar Energy,contact@gromarenergy.com,https://gromar-energy.pl
443,Grund,kontakt@grundinstalacje.pl,https://www.grundinstalacje.pl
444,Grupa Eko Systemy,biuro@grupaekosystemy.pl,https://grupaekosystemy.pl
445,Grupa Insta,biuro@grupainsta.pl,https://grupainsta.pl
446,Grzejemy,info@grzejemy.com,https://grzejemy.pl
447,GT.instal,info@gtinstal.com,https://gt-instal.pl
448,Heat Energia,info@heatenergia.com,http://heatenergia.pl
449,Heat Not Lost,info@hnl.pl,https://hnl.pl
450,HeatPRO,info@heatpro.com,http://heatpro.pl
451,Heattech,info@heattech.com,https://heattech.pl
452,HelioExpert,kontakt@helioexpert.pl,https://helioexpert.pl
453,Helioprofit,info@helioprofit.com,http://helioprofit.pl
454,Helios Nowoczesne Technologie,service@heliosnowoczesnetechnologie.com,https://www.helios-myslenice.pl
455,Heliospower,info@heliospower.com,https://heliospower.pl
456,Helius Energia,biuro@heliusenergia.pl,https://heliusenergia.pl
457,Hewalex,Info@hewalex.com,https://www.hewalex.pl
458,HG Elektro,kontakt@hgsolar.pl,https://hgsolar.pl
459,HiEnergy,biuro@hienergy.pl,https://hienergy.pl
460,Hipar,contact@hipar.com,https://ecorote.com.pl
461,Home Instal,info@homeinstal.com,https://www.homeinstal.pl
462,Home Revolution,service@homerevolution.com,https://homerevolution.pl
463,HomeTEK,biuro@hometek.pl,https://hometek.pl
464,House Solutions,biuro@house-s.pl,https://house-solutions.pl
465,HSG Sun,biuro@hsgsun.com.pl,https://hsgsun.com.pl
466,Hybrydoinstal,service@hybrydoinstal.com,https://hybrydoinstal.pl
467,Hydro-Elklim,info@hydroelklim.com,https://hydroelklim.pl
468,Hydrowat,hydrowat@interia.pl,http://www.hydrowat.com.pl/pl
469,Hymon,biuro@hymon.pl,https://hymon.pl
470,i-Fotowoltaika,bok@i-fotowoltaika.com,https://i-fotowoltaika.com
471,IC Green Energy,Info@icgreenenergy.com,https://cpgreenenergy.pl
472,IET-Gawrych,biuro@ietgawrych.pl,https://ietgawrych.pl
473,iMigo,info@imigo.com,https://imigo.pl
474,Impel,cc.info@impel.pl,https://impel.pl
475,Inelt,contact@inelt.com,https://inelt.pl
476,Inenergy,kontakt@inenergy.pl,https://inenergy.pl
477,Inergis,biuro@inergis.pl,https://inergis.pl
478,Infinite Solar,biuro@infinitesolar.pl,https://infinitesolar.pl
479,Infomech,service@infomech.com,http://infomech.pl
480,Inkam,biuro@inkam.com.pl,http://www.inkam.com.pl
481,INM,biuro@inm.net.pl,http://www.inm.net.pl
482,Innex,info@innex.com,https://fotowoltaika.innex.pl
483,Innosol,service@innosol.com,https://www.innosol.pl
484,Innotech,innotech@innotech.com.pl,https://www.innotech.com.pl
485,Inovativ,biuro@inovativ.pl,https://inovativ.pl
486,Inowa,info@inowa.com,https://inowa.pl
487,Instal-Therm,service@instaltherm.com,http://instal-therm.pl
488,Instalacje-Lublin,info@instalacjelublin.pl,https://instalacjelublin.pl
489,Instalator Klimatu,info@instalatorklimatu.com,https://www.instalatorklimatu.pl
490,InstalEnergy,biuro@instalenergy.pl,http://www.instalenergy.pl
491,Instalex,pu.instalex@op.pl,https://www.instalex-cieplo.pl
492,Instalgram,biuro@instalgram.pl,https://instalgram.pl
493,Install Energy,service@installenergy.com,https://installenergy.pl
494,Insun,biuro@insun.pl,https://insun.pl
495,Integral Energia,biuro@integral-energia.pl,https://integral-energia.pl
496,Integreen,biuro@integreen.pl,https://www.integreen.pl
497,Intek-Tech,pioprazuch@gmail.com,https://intek-tech.eu
498,InteliWay,info@inteliway.pl,https://inteliway.pl
499,Inter-Klima,biuro@inter-klima.pl,https://www.inter-klima.pl
500,Interkom Szczecin,biuro@interkom.szczecin.pl,http://interkom.szczecin.pl/
501,Inverter,info@inverter.com,
502,Invertsun,kontakt@invertsun.pl,https://invertsun.pl
503,inVolte,involte@involte.pl,https://involte.pl
504,Inzynieria,b.bubiak@inzynieriaoze.pl,https://www.inzynieriaoze.pl
505,Inżynieria PV,service@inżynieriapv.com,https://inzynieriapv.pl
506,IR-Eco,biuro@ir-eco.pl,http://www.ir-eco.pl
507,Irmar,irmarzamowienia@gmail.com,https://www.irmar.eu
508,Iromar,info@iromar.com,https://iromar.eu
509,IT Control,service@itcontrol.com,https://www.it-control.pl
510,IT-Home,info@ithome.com,https://it-home.pl
511,ITEO,info@iteo.com,https://www.iteo.pl
512,Ivendo Solar,info@ivendosolar.com,https://ivendosolar.pl
513,IzoTech Service,biuro@izotechservice.pl,https://izotechservice.pl
514,J&T Tomala,tomala@rekom.eu,http://tomalainstalacje.pl
515,JA Elektryk,nasbiuro@jaelektryk.pl,https://jaelektryk.pl
516,Jarpi Green Energy,kontaktujarpigreenenergy@o2.pl,https://www.fotowoltaika-jarpi.pl
517,JB Energia,biuro@jbenergia.pl,https://jbenergia.pl
518,JM Energy,info@jmenergy.com,https://www.jm-energy.pl
519,Josan,service@josan.com,https://josan.pl
520,JSP Energy,biuro@jsp-energy.pl,https://jsp-energy.pl
521,K&K Energia,biuro@kkenergia.pl,https://kkenergia.pl
522,Karlik Energy,kontakt@karlikenergy.pl,https://karlikenergy.pl
523,Karoceza,info@karoceza.com,https://www.karoceza.pl
524,KDP Invest,info@KDPinvest.com,https://kdpinvest.com
525,KG Construction,k.gregorek@kgconstruction.pl,https://kgc.com.pl
526,Klima-Expert,biuro@klima-expert.pl,http://klima-expert.pl
527,Klimasol,info@klimasol.pl,https://www.klimasol.pl
528,Klimat Orlikowski,biuro@orlikowski.gniezno.pl,https://www.klimatyzacje.gniezno.pl
529,Klimaterm24,notifications@surecart.com,http://klimaterm24.pl
530,KlimEco,info@klimeco.com,http://www.klimeco.pl
531,Klimtech,biuro@klimtech.eu,https://www.klimtech.eu
532,Klimtech,Contact@klimtech.com,https://klimtechtczew.pl
533,KlimTerm,klimterm42@gmail.com,https://klimterm.pl
534,KN Instal,info@kninstal.com,https://www.kninstal.eu
535,Kobo Energy,biuro@kobo-energy.pl,https://kobo-energy.pl
536,Kolor Energy,info@kolorenergy.com,http://energy.waw.pl
537,Kominki Vector,info@kominki-vector.pl,https://www.kominki-vector.pl
538,Kominox,istracja@kominox.pl,https://kominox.pl
539,Komtech,biuro@komtech.net.pl,https://komtech.net.pl
540,Kosmopell,arek@kosmopell.pl,https://kosmopell.pl
541,Kotły Płonka,kotly@kotly-plonka.pl,https://kotly-plonka.pl
542,KP Energy,biuro@kpenergy.pl,https://kpenergy.pl
543,Kraina OZE,info@krainaoze.com,https://krainaoze.pl
544,Krajowe Centrum Doradztwa Energetycznego,info@krajowecentrumdoradztwaenergetycznego.com,https://krajowecentrum.pl
545,Kratki Energy,kratkienergy@kratki.com,https://kratkienergy.com
546,KRK Solar,biuro@krksolar.pl,https://krksolar.pl
547,Kulak-Energia,info@kulak.com.pl,http://kulak.com.pl
548,Kurczoba i Spółka,service@kurczobaispółka.com,http://www.kurczoba.pl
549,Kwartz,biuro.obslugi@kwartz.pl,https://kwartz.pl
550,Lantar,kontakt@lantar.pl,https://lantar.pl
551,Lemon Energy,contact@lemonenergy.com,https://www.lemonenergy.pl
552,Lepsza Energia,biuro@lepszaenergia.pl,https://lepszaenergia.pl
553,Levard,contact@levard.com,https://energia-odnawialna.eu
554,Lioneg,biuro@lioneg.pl,https://lioneg.pl
555,LMV Group,lmv@lmv.pl,https://lmvgroup.pl
556,Logistics Pack,kontakt@logisticspack.pl,https://logisticspack.pl
557,Long Energy,kontakt@longenergy.com.pl,http://longenergy.com.pl/
558,Lub-eko,biuro@lub-eko.pl,https://www.lub-eko.pl
559,Lucart Energy,biuro@lucart-energy.pl,http://lucart-energy.pl
560,LumenProf,biuro@lumenprof.pl,https://lumenprof.pl
561,M-Solar,service@msolar.com,https://msolarlublin.pl
562,M-Trade Instalacje,m-trade@energiazeslonca.eu,https://energiazeslonca.eu
563,M.A.T. Solar,service@matsolar.com,http://matsolar.pl
564,MAAT4,maat4@maat4.pl,https://maat4.pl
565,MAC Industrial,info@macindustrial.com,https://www.macindustrial.pl
566,MAM Energy,INFO@mamenergy.com,https://mamenergy.pl
567,Manufaktura Energii,biuro@manufakturaenergii.pl,https://manufakturaenergii.pl
568,Mar-Bud,info@marbud.com,https://www.marbudsc.pl
569,Marand,info@marand.com,https://fotowoltaika-marand.pl
570,Markon,service@markon.com,https://markonoze.pl
571,Marwent Fotowoltaika,biuro@marwent.pl,https://fotowoltaika.marwent.pl
572,Masdar,service@masdar.com,https://fotowoltaika.masdar.com.pl
573,Master Energy,biuro@masterenergy.com.pl,https://masterenergy.com.pl
574,Master Tech Projekt,biuro@mastertechprojekt.pl,https://mastertechprojekt.pl
575,Master-Profit,kontakt@master-profit.pl,https://master-profit.pl
576,Matplast,biuro@matplast.pl,https://matplast.pl
577,Max Energy,biuro@max-energy.pl,https://max-energy.pl
578,Max United,info@maxunited.com,https://maxunited.com.pl
579,Maxcom Eco Energy,info@maxcomecoenergy.com,https://maxcom.eco
580,MB System,biuro@mbsystem.pl,https://mbsystem.pl
581,MBM Solar,biuro@mbmsolar.pl,https://mbmsolar.pl
582,MC Serwis Plus,info@mcserwisplus.com,https://klimatyzacje-wentylacje.pl
583,MEB Technical,energy@meb-group.eu,https://meb-group.com
584,Megawaty,info@megawaty.pl,https://megawaty.pl
585,Menlo Electric,info@menloelectric.com,https://menloelectric.com
586,Merbett,biuro@merbett.pl,https://merbett.pl
587,Metal-Fach,sprzedaz@metalfach.com.pl,https://metalfachtg.com.pl
588,Metis Polska,info@metispolska.com,https://metispolska.pl
589,MGM Projekt,biuro@mgmprojekt.pl,https://mgmprojekt.pl
590,Miasto Słońca,info@miastoslonca.pl,https://miastoslonca.pl
591,Mid Solar,spam@urzadochronyemaila.gov,http://midsolar.pl
592,Mikromart,SERVICE@mikromart.com,https://mikromart.pl
593,Minutor Energia,contact@minutorenergia.com,https://minutor-energia.pl
594,MIR Energia,info@mirenergia.pl,https://www.mirenergia.pl
595,Mist,KONTAKT@EKO-MIST.PL,https://www.eko-mist.pl
596,MK Budownictwo,mkbudownictwo@vp.pl,http://mkbudownictwo.com.pl
597,MK Starter,service@mkstarter.com,https://mk-starter.pl
598,MK Sun,kontak.ecohso@gmail.com,https://mksun.pl
599,MK Team,kontakt@mk-team.pl,https://mk-team.pl
600,ML Dystrybucja,contact@mldystrybucja.com,https://mldystrybucja.pl
601,MocPV,info@mocpv.com,http://mocpv.pl
602,Monter PV,biuro@monterpv.pl,http://www.monterpv.pl
603,Monterzy,monterzy.eu@gmail.com,http://monterzy.eu
604,Mr-Spray,service@mrspray.com,https://www.dachy-malowanie.pl
605,MS Team,biuro@msteam.com.pl,https://msteam.com.pl
606,MTG Mostowski,info@mtgmostowski.com,https://mtg-mostowski.pl
607,Multi Energa,contact@multienerga.com,https://www.multienerga.pl
608,Multikoncept Solar,info@multikonceptsolar.com,https://solar.multikoncept.pl
609,Multisun,info@multisun.com,https://multisun.pl
610,Multitechnika,biuro@multitechnika.pl,https://www.multitechnika.pl
611,MUNO,service@muno.com,https://muno.com.pl
612,MURAT,biuro@wiatraki.murat.pl,http://www.panelefotowoltaiczne.murat.pl
613,N Energia,biuro@n-energia.pl,https://n-energia.pl
614,Nar-Elektro,nar.elektro@gmail.com,https://www.nar-elektro.pl
615,NaSwoim,contact@naswoim.com,https://www.naswoim.com.pl
616,Nasza Energetyka,biuro@naszaenergetyka.pl,https://naszaenergetyka.pl
617,Neko Energia,info@nekoenergia.eu,https://www.nekoenergia.eu
618,Neolas Polska,info@neolaspolska.com,https://www.neolas.pl
619,NetCable,kontakt@netcable.com.pl,https://netcable.com.pl
620,Netcom,info@netcom.com,https://www.netcom.com.pl
621,Netline Pro,kontakt@enpro.pl,https://enpro.pl
622,Nikola Energy,info@nikolaenergy.pl,https://nikolaenergy.pl
623,Niskoemisyjni.pl,biuro@niskoemisyjni.pl,https://niskoemisyjni.pl
624,NNF Energy,biuro@nnfenergy.pl,https://nnfenergy.pl
625,Nomad Electric,info@nomadelectric.com,https://nomadelectric.com
626,Nortelec,info@nortelec.com,https://nortelec.co.za
627,Nova Energia,kontakt@novaenergia.pl,https://novaenergia.pl
628,Nova Energy,info@novaenergy.com,https://novaenergy.pl
629,Novavis,office@novavisgroup.pl,https://novavisgroup.pl
630,Nowa Elektro,info@nowaelektro.com,https://nowaelektro.pl
631,Nowoczesne Technologie,biuro@nowoczesne-technologie.pl,https://nowoczesne-technologie.pl
632,Nowrem Group,biuro@nowrem.pl,http://www.nowrem.pl
633,Nr-Go,biuro@nr-go.pl,https://nr-go.pl
634,NRO Lukasz Knapczyk,contact@nrolukaszknapczyk.com,https://www.nro-knapczyk.pl
635,NS Elektro,info@nselektro.com,https://nselektro.com
636,NTW Airconomic,kontakt@ntwsieradz.pl,https://ntwsieradz.pl
637,OEM Energy,robert.stankowski@oemenergy.pl,https://oemenergy.pl
638,OffGrid,biuro@offgridpc.pl,https://offgridpc.pl
639,OM Power,info@ompower.com,https://om-power.pl
640,Omega Fotowoltaik,service@omegafotowoltaik.com,https://omegafotowoltaika.pl
641,Omega-Wat,service@omegawat.com,https://omegawat.pl
642,Onde,sekretariat@onde.pl,https://onde.pl
643,Onepower,info@onepower.com,https://onepower.pl
644,OnlyComfort,Info@onlycomfort.com,https://onlycomfort.pl
645,OPA,info@opa.com,https://opa.pl
646,Optima Polska,info@optimapolska.com,https://www.optimapolska.com.pl
647,Optisolar PV,optisolarpvbiuro@gmail.com,https://fotowoltaikalubelskie.com
648,Orion Energy,biuro@orion-energy.pl,https://orion-energy.pl
649,Otwarta Energia,info@otwartaenergia.com,https://otwartaenergia.pl
650,Ozawo,p.kmito@ozawo.pl,http://ozawo.pl
651,Oze,serwis@ozetechnik.pl,https://ozetechnik.pl
652,OZE,info@oze.com,https://ozegroup.eu
653,OZE Beskid,biuro@ozebeskid.pl,https://ozebeskid.pl
654,OZE Grant,service@ozegrant.com,https://ozegrant.pl
655,Oze Squad,dok@ozesquad.pl,https://ozesquad.pl
656,Oze-Efekt,biuro@oze-efekt.pl,https://www.oze-efekt.pl
657,Oze-Sun,biuro@oze-sun.pl,http://oze-sun.pl
658,OzeBUD,biuro@ozebud.pl,https://www.ozebud.pl
659,Ozeexpert,nasoferta@ozeexpert.pl,https://ozeexpert.pl
660,Ozeris,piotr@ozeris.pl,https://ozeris.pl
661,Ozeus,info@ozeus.com,https://ozeus.pl
662,P-KA Solar,info@pkasolar.com,https://pkasolar.pl
663,P.H.U. Proland,biuro@proland.co,https://www.proland.co
664,Pamach,biuro@pamach.pl,https://pamach.pl
665,Pamar,service@pamar.com,https://pamar-ik.pl
666,PanelSol,wbernecki@interia.pl,https://panel-sol.pl
667,Pasive Instal,biuro@passive-instal.pl,https://passive-instal.pl
668,Passive Energy,SERVICE@passiveenergy.com,https://www.passiveenergy.pl
669,PB Energy,contact@pbenergy.com,https://pb-energy.pl
670,PEKOS-PV,marcin.wojcik@pekospv.pl,https://pekospv.pl
671,PelSun,biuro@pelsun.pl,https://www.pelsun.pl
672,Perez Photovoltaic,CONTACT@perezphotovoltaic.com,https://pvperez.pl
673,Perfect CO,contact@perfectco.com,https://perfektco.pl
674,Pertis,d.perchel@pertis.pl,https://pertis.pl/o-nas/
675,Petra Energia,info@petraenergia.pl,https://petraenergia.pl
676,PG OZE,biuro@pgoze.pl,https://pgoze.pl
677,PG System,wroclaw@pgsenergia.pl,http://www.pgsenergia.pl
678,PGM Fotowoltaika,biuro@pgmpv.pl,https://pgmpv.pl
679,PGreen Energy,pgreen@pgreen.pl,http://pgreen.pl/
680,Phu Partner EU,service@phupartnereu.com,https://www.phupartner.eu
681,PHU Soltra,contact@phusoltra.com,https://www.darmowaenergia.com.pl
682,PIF,contact@pif.com,http://polskiinstytutfotowoltaiki.pl
683,PIONEnergia,info@pionenergia.com,https://pionenergia.pl
684,Pionier Energia,biuro@pionier-energia.pl,https://pionier-energia.pl
685,piTERN,info@pitern.com,https://www.pitern.pl
686,Pivi Energy,info@pivienergy.com,https://pivienergy.pl
687,PKF,info@pkf.com,https://pkfsa.pl
688,Plitt Dariusz Technika Instalacyjna,service@plittdariusztechnikainstalacyjna.com,https://www.plitt.com.pl
689,Plombier,jaslo@plombier.com.pl,https://plombier.com.pl
690,PNBE,info@pnbe.com,https://www.pnbe.pl
691,Polenergia Fotowoltaika,INFO@polenergiafotowoltaika.com,https://www.polenergia-pv.pl
692,Polimex Mostostal,kontakt@polimex-mostostal.pl,https://www.polimex-mostostal.pl
693,Polska Ekologia,info@poleko.pl,https://www.poleko.pl
694,Polska Energia,sklep@polska-energia.com,https://polska-energia.com
695,Polska Fotowoltaika,info@polskafotowoltaika.com,https://www.polskafotowoltaika.pl
696,Polska Grupa Energii Fotowoltaicznej,info@polskagrupaenergiifotowoltaicznej.com,https://pgef.eu
697,Półchłopek Fotowoltaika,handel.polchlopek@gmail.com,https://ndevr.com.pl
698,Pora Na Prad,info@poranaprad.com,https://poranaprad.pl
699,Power Green,kontakt@powergreen.com.pl,https://powergreen.com.pl
700,Power-Sun,power-sun@protonmail.com,https://power-sun.pl
701,PowerEco,biuro@powereco.pl,https://www.powereco.pl
702,PowerGo,kontakt@powergo.pl,https://www.powergo.pl
703,Powermine,info@powermine.com,https://www.powermine.com.pl
704,PowerOn,kontakt@e-poweron.pl,https://e-poweron.pl
705,PozEnergy,info@pozenergy.com,http://pozenergy.eu
706,Prad,Contact@prad.com,https://prad.tech
707,Prąd ze Słońca,prad.tarnow@gmail.com,https://pradzeslonca.net.pl
708,PremiumPV,info@premiumpv.pl,https://www.premiumpv.pl
709,Pro Eco Energy,info@proecoenergy.pl,https://proecoenergy.pl
710,Pro Electro,rafalkobierowski@o2.pl,https://proelectro.com.pl
711,Pro Elektrotechnik,info@proelektrotechnik.com,https://proelektrotechnik.pl
712,Pro-Bud,biuro@probud.pro,https://www.firmabudowlanaprobud.pl
713,Pro-eco,biuro@proeco.com.pl,https://proeco.com.pl
714,Pro-Eko,Info@proeko.com,https://serwis-proeko.pl
715,Pro-Eko,service@proeko.com,https://proekoenergy.pl
716,Pro-Energia,info@pro-energia.com.pl,https://www.pro-energia.com.pl
717,Pro-foton,biuro@pro-foton.com,https://pro-foton.com
718,Pro-Sun,biuro@pro-sun.com.pl,https://pro-sun.com.pl
719,Pro-System,info@prosystem.com,http://pro-system.bydgoszcz.pl
720,ProEco,biuro@domyproeco.pl,https://www.domyproeco.pl
721,ProEcoBiznes,info@proecobiznes.com,https://proecobiznes.pl
722,Proecology,proecology.biuro@gmail.com,https://proecology.pl
723,ProElectro,biuro@proelectro.pl,http://www.proelectro.pl
724,ProEnergy,biuro@proenergy.com.pl,https://www.proenergy.com.pl
725,ProfesMedia,info@profes-media.pl,https://profes-media.pl
726,Profeum Energy,biuro@profeumenergy.pl,https://www.profeumenergy.pl
727,Profi Instal,biuro@profi-instal.com,http://profi-instal.com
728,Proinstal,biuro@proinstal.info,https://proinstal.info
729,Project Daylight,info@projectdaylight.com,https://project-d.pl
730,Projekt Słońce,info@projektsłońce.com,https://projektslonce.pl
731,Projprzem-EKO,peko@projprzemeko.pl,http://www.projprzemeko.pl
732,Promag,mail@domena.pl,https://promag-gaz.pl
733,Promika Solar,info@promikasolar.com,https://promika-solar.pl
734,Prosat,info@prosat.com,https://prosat.pl
735,ProServe,service@proserve.com,https://www.proserve.com.pl
736,ProService P. Jankowski,proservice24h@home.pl,https://www.proservice24h.pl
737,Prosun Fotowoltaika,kontakt@prosun-fotowoltaika.pl,https://prosun-fotowoltaika.pl
738,ProVolte,SERVICE@provolte.com,https://provolte.pl
739,Prowable,info@prowable.com,https://www.prowable.pl
740,Prozeko,fotowoltaika@prozeko-instal.pl,https://prozeko-instal.pl
741,Przedsiębiorstwo Handlowe A-T,contact@przedsiębiorstwohandloweat.com,https://projektowanie-oswietlenia.pl
742,Przem-Gri,info@przemgri.com,http://przem-gri.pl
743,Przyjazna Energia.com,kontakt@enea.pl,https://przyjazna-energia.com
744,PSG Ekoenergia,development@itdesk.eu,https://psgekoenergia.pl
745,PST,info@pst.com,https://pst.pl
746,Puchałka,phu@puchalka.com,https://www.puchalka.com
747,Pulsar Energia,service@pulsarenergia.com,http://fotowoltaika.pulsarenergia.pl
748,Pure Solar,info@puresolar.com,https://puresolar.pl
749,PV Energia,redakcja@fotowoltaika-energia.pl,https://fotowoltaika-energia.pl
750,PV Expert,biuro@pv-expert.pl,https://www.pv-expert.pl
751,PV Nita,biuro@pvnita.pl,https://www.pvnita.pl
752,PV OZE,biuro@pvoze.pl,http://pvoze.pl
753,PV Prof Fotowoltaika,biuro@pvprof.pl,https://pvprof.pl
754,PV Solarin,biuro@pvsolarin.pl,https://pvsolarin.pl
755,PV System,info@pvsystem.com,https://pv-system.pl
756,PV Technik,info@pvtechnik.com.pl,http://pvtechnik.com.pl/
757,PV Technology,info@pvtechnology.com,http://fotowoltaika.pvtechnology.pl
758,PV Volta,INFO@pvvolta.com,https://pvvolta.pl
759,PV-Profit,BIURO@PV-PROFIT.PL,https://www.pv-profit.pl
760,PVdlaDomu,maciej@pvdladomu.pl,http://pvdladomu.pl
761,PVE,info@pve.com.pl,https://pve.com.pl
762,PVTEC Polska,office@pvtec.pl,https://pvtec.pl
763,PWP,info@polishwindpower.com,https://polishwindpower.com
764,R. Power,service@rpower.com,https://rpower.solar
765,RAFAŁ,michal@rafal.com.pl,https://fotowoltaika.rafal.com.pl
766,Ramard Energie,contact@ramardenergie.com,https://ramard.pl
767,Rateko,info@rateko.com,https://rateko.pl
768,Rawicom,info@rawicom.pl,https://www.rawicom.pl
769,Rayhold,info@rayhold.com,https://rayhold.pl
770,RB Consulting,office@rbconsulting.pl,https://rbconsulting.pl
771,RBS Energia,Info@rbsenergia.com,https://rbsenergia.pl
772,Reca Solar,info@recasolar.com,https://reca-solar.com
773,Recosolar,kontakt@recosolar.pl,https://www.recosolar.pl
774,RED Instal,biuro@redinstal.com.pl,https://www.redinstal.com.pl
775,Red Snake,biuro@redsnake.pl,https://redsnake.pl
776,Redtim,info@redtim.com,http://www.redtim.pl
777,Rem Energy,info@remenergy.com,https://www.remenergy.pl
778,Remor,sklep@remor.pl,https://remorsolar.com
779,RenCraft,info@rencraft.com,https://rencraft.eu
780,RenSan Energy,biuro@rensanenergy.pl,https://rensanenergy.pl
781,Res Energy,biuro@resenergy.pl,https://www.resenergy.pl
782,Respect Energy,Contact@respectenergy.com,https://respect.energy
783,Ress-Inwestycje,biuro@ressinwestycje.pl,https://ressinwestycje.pl
784,Revolt Energy,kontakt@revoltenergy.com.pl,https://www.revoltenergy.eu
785,Revolton,info@revolton.pl,https://revolton.pl
786,RMS,biuro@rms.com.pl,https://www.rms.com.pl
787,Roboterm,INFO@roboterm.com,https://roboterm.pl
788,Rodar-Elektro,biuro@rodarelektro.pl,https://rodarelektro.pl
789,Roka Energy,info@rokaenergy.com,https://rokaenergy.com
790,Rolbud Instal,golkowice@rolbudinstal.pl,https://rolbudinstal.pl
791,Romicki Eko System,biuro@romicki-ekosystem.pl,http://romicki-ekosystem.pl
792,Romitex,service@romitex.com,https://romitex.pl
793,RP Solar,BIURO@RPSOLAR.PL,https://rpsolar.pl
794,RW Electra,info@rwelectra.com,https://rwelectra.pl
795,Saantirenergy,contact@saantirenergy.com,https://www.saantirenergy.com
796,SaBud,sabud4@onet.pl,http://sa-bud.pl
797,San Gaz,kontakt@sangaz.pl,https://sangaz.pl
798,Sansolar,info@sansolar.com,https://sansolar.pl
799,Santec,kontakt@santec.pl,https://santec.pl
800,Sarakhman,bok@sarakhman.pl,https://sarakhman.pl
801,Sat-System,info@satsystem.com,https://sat-system.net.pl
802,Sazet,info@sazet.com,https://sazet.com.pl
803,SBL Energy,info@sblenergy.com,https://sbl-energy.pl
804,SC EKO,Service@sceko.com,https://www.sceko.pl
805,SDK Energy,info@sdkenergy.com,https://www.sdkenergy.com
806,Sebtech,biuro@sebtech.eu,https://sebtech.eu
807,Selfa,contact@selfa.com,https://www.selfa-pv.com
808,Senegis,biuro@senegis.com,https://senegis.com
809,SEPV,INFO@sepv.com,https://sepv.pl
810,Setlans,info@setlans.pl,https://setlans.pl
811,SewEKO,jerzy22.js@gmail.com,https://jsewilo.pl
812,Sezam,SERVICE@sezam.com,https://sezamecotech.pl
813,SG Solar,service@sgsolar.com,https://sgsolar.pl
814,SI System,si@sisystem.pl,https://www.sisystem.pl
815,SIB,sib@ogrzewaniesib.pl,https://ogrzewaniesib.pl
816,Silesia Solar,info@silesiasolar.pl,https://silesiasolar.pl
817,Siliton,biuro@siliton.pl,https://siliton.pl
818,Simplic,bok@simplic.pl,https://simplic.pl
819,Siner,biuro@sinereko.pl,https://sinereko.pl
820,Sitarsky Energy,info@sitarsky.pl,https://sitarsky.pl
821,SKB Energy,service@skbenergy.com,https://skbenergy.pl
822,Skomat,kontakt@skomat.pl,https://skomat.pl
823,SkyVolt,info@skyvolt.pl,https://skyvolt.pl
824,Slonce+,info@slonce.com,https://slonceplus.pl
825,Słoneczny-Prąd,biuro@sloneczny-prad.pl,https://sloneczny-prad.pl
826,SM Project,biuro@sm-project.pl,https://sm-project.pl
827,Smart Eco,service@smarteco.com,https://smart-eco.net
828,Smart MDB,contact@smartmdb.com,https://smart-mdb.pl
829,Smarteco,contact@smarteco.com,http://smarteco.net.pl
830,SmartEkoDom,prezes@smartekodom.pl,https://smartekodom.pl
831,Sochaelektryk,office@sochaelektryk.pl,https://sochaelektryk.pl
832,Sol-Investia,biuro@solinvestia.pl,https://sol-investia.pl
833,Solamis,info@solamis.pl,https://solamis.pl
834,Solano Energy,biuro@solanoenergy.pl,https://www.solanoenergy.pl
835,Solar,tsydzikyury@gmail.com,https://solar.rzetelnafirma.pl
836,Solar Eco Energia,info@solarecoenergia.com,https://solarecoenergia.pl
837,Solar Ekspert,Contact@solarekspert.com,http://solar-ekspert.pl
838,Solar Energy Poland,atv1@op.pl,http://www.solarenergypoland.pl
839,Solar For You,info@solarforyou.pl,https://solarforyou.pl
840,Solar Fotowoltaika,biuro@solarfotowoltaika.pl,https://www.solarfotowoltaika.pl
841,Solar Free Energy,BOKbiuro@stahler.pl,http://stahler.pl
842,Solar Group,kontakt@solar-group.pl,https://solar-group.pl
843,Solar Industry,contact@solarindustry.com,https://solar-industry.pl
844,Solar Instalator,biuro@solarinstalator.pl,http://solarinstalator.pl
845,Solar Kolo,oze@solarkolo.pl,http://solarkolo.pl
846,Solar Park Zamosc,biuro@solarpark-zamosc.pl,http://www.solarpark-zamosc.pl
847,Solar Place,kontakt@solarplace.pl,https://solarplace.pl
848,Solar Planet,kontakt@solar-planet.pl,https://solar-planet.pl
849,Solar Point,contact@solarpoint.com,https://solarpoint.pl
850,Solar Progress Solutions,kontakt@solar-progress.pl,https://www.solar-progress.pl
851,Solar Projekt,biuro@solarprojekt.eu,https://www.solarprojekt.eu
852,Solar Solution,info@solar-solution.pl,https://solar-solution.pl
853,Solar Square,kontakt@solarsquare.eu,http://solarsquare.eu
854,Solar STAG,biuro@solarstag.pl,https://solarstag.pl
855,Solar Technik,kontakt@solar-technik.pl,https://www.solar-technik.pl
856,Solar-Bau,m.segeth@solar-bau-katowice.eu,https://solar-bau-katowice.eu
857,Solar-Expert,biuro@solar-expert.pl,http://solar-expert.pl
858,Solar-Project,biuro@solar-project.pl,https://solar-project.pl
859,Solar-Spec,contact@solarspec.com,https://solar-spec.pl
860,Solar-Tech,contact@solartech.com,https://solar-tech.pro
861,Solar-Volt,biuro@solar-volt.pl,https://solar-volt.pl
862,Solar-X,Aoffice@solar-x.pl,https://solar-x.pl
863,Solare Energy,Info@solareenergy.com,https://solare.pl
864,Solares,kontakt@solares.pl,http://www.solares.pl
865,Solaret,info@solaret.com,https://www.solaret.pl
866,Solarget,biuro@solarget.pl,https://solarget.pl
867,Solarika,kontakt@solarika.pl,https://solarika.pl
868,SolarInnova,kontakt@solarinnova.pl,https://solarinnova.pl
869,Solaris Lublin,biuro@solarislublin.pl,https://solarislublin.pl
870,Solaris Oze,BIURO@solarisoze.pl,https://solarisoze.pl
871,Solarkraft,info@solarkraft.com,http://www.solarkraft.pl/en/
872,Solarman,kontakt@solarman.pl,https://www.solarman.pl
873,Solaro,biuro@solaro-poczesna.pl,https://solaro-poczesna.pl
874,SolarOn,service@solaron.com,https://solaron.com.pl
875,Solarpro,biuro@solarprolyska.pl,https://solarprolyska.pl
876,Solarprojekt Construction,service@solarprojektconstruction.com,https://solarprojekt.pl
877,Solarsil,info@solarsil.com,https://solarsil.pl
878,SolarSpot,contact@solarspot.com,https://solarspot.com.pl
879,Solarus,iRecco@mail.com,https://solarus.com.pl
880,SolarX,INFO@solarx.com,https://solarx.pl
881,Solaryag,biuro@solaryag.pl,https://solaryag.pl
882,Solauto,contact@solauto.com,https://www.solauto.pl
883,Solcity,biuro@solcity.pl,https://solcity.pl
884,Soldar,info@soldar.com,https://soldar.pl
885,Solego,info@solego.com,https://solego.pl
886,Soleko Polska,info@kolektory.com,https://www.kolektory.com
887,Soleo PV,service@soleopv.com,https://soleopv.pl
888,Soleos,Contact@soleos.com,https://soleos.pl
889,Solgen,biuro@solgen.pl,https://solgen.pl
890,Solgro,info@solgro.com,https://solgro.pl
891,Solid Sun,info@solidsun.com,https://solidsun.pl
892,Solidni Elektrycy,info@solidnielektrycy.com,https://solidnielektrycy.pl
893,Solight,service@solight.com,https://www.solight.pl
894,Solisys,contact@solisys.com,https://solisys.pl
895,Sollab,biuro@sollab.pl,https://sollab.pl
896,Solowoltaika,info@solowoltaika.com,https://solowoltaika.pl
897,Solpax,biuro@solpax.eu,https://www.solpax.pl
898,Solpower,info@solpower.com.pl,https://solpower.com.pl
899,SolSafe,Solsafe@Solsafe.pl,https://solsafe.pl
900,Solsum,biuro@solsum.pl,https://solsum.pl
901,Solsystem,info@solsystem.pl,https://solsystem.pl
902,Soltar Energia,kontakt@soltarenergia.pl,https://www.soltarenergia.pl
903,Soltech Energy,kontakt@soltechenergy.pl,https://www.soltechenergy.pl
904,Soltra,info@soltra.com,https://soltra.pl
905,Solum Service,biuro@solumservice.com,https://solumservice.com
906,SolVolte,info@solvolte.com,https://www.solvolte.pl
907,Somaya,biuro@somaya.pl,https://www.somaya.pl
908,Somergy,info@somergy.com,https://www.somergy.pl
909,SonoEnergia,andrzej.i@ameripol.pl,https://pv.ameripol.pl
910,Soon Energy,info@soonenergy.com,https://www.soonenergy.pl
911,Spec Solar,info@specsolar.com,https://specsolar.pl
912,Specsun,contact@specsun.com,https://specsun.pl
913,Spectris Energy,info@spectrisenergy.com,https://www.spectrisenergy.com
914,SPR Polska,kontakt@spr-polska.eu,https://spr-polska.eu
915,Sraga Fotowoltaika,info@sragafotowoltaika.com,http://www.pvsraga.pl
916,Storch,info@storch.com,https://www.storchsp.com
917,Sun Crew,info@suncrew.pl,https://suncrew.pl
918,Sun Eco,service@suneco.com,https://suneco.com.pl
919,Sun Eko Energy,dt@sunekoenergy.com.pl,https://sunekoenergy.com.pl
920,Sun Electric Polska,biuro@sunelectric.com.pl,https://sunelectric.pl
921,Sun Energy Solutions,redakcja@sunes.pl,https://www.sunes.pl
922,Sun Flash Energy,biuro@sunflash.pl,https://sunflash.pl
923,Sun Gallo,kontakt@sun-gallo.pl,https://sungallo.pl
924,Sun Gift,pomoc@premium.pl,https://sungift.pl
925,Sun Home Fotowoltaika,contact@sunhomefotowoltaika.com,https://www.sunhome.com.pl
926,Sun Impact,info@sunimpact.com,https://www.sunimpact.pl
927,Sun Invest,biuro@suninvest.pl,https://suninvest.pl
928,Sun Project,biuro@sunproject.com.pl,http://sunproject.com.pl
929,Sun Smart,biuro@sunsmart.pl,https://sunsmart.pl
930,Sun Valley Energy,Bok@sunvalley.pl,https://www.sunvalley.pl
931,Sun-Core,kontakt@tech-fotowoltaika.pl,https://tech-fotowoltaika.pl
932,Sun-Invest,info@suninvest.com,https://www.sun-invest.pl
933,Sun-Pro,info@sunpro.com,https://sunpro.com.pl
934,Sun4You,INFO@sun4you.com,https://www.sun4you.pl
935,Sunblast,fotowoltaika@sunblast.pl,https://sunblast.pl
936,SunCurrent,suncurrent@masters.com.pl,https://suncurrent.pl
937,Sunday Polska,biuro@sundaypolska.pl,https://sundaypolska.pl
938,Sundea,biuro@sundea.pl,https://sundea.pl
939,Sunector,seweryn.zajaczkowski@sunector.pl,https://sunector.pl
940,SunErgo,kontakt@sunergo.pl,https://sunergo.pl
941,Sunexpert,info@sunexpert.com,https://sun-expert.pl
942,Sunfeel Energy,biuro@sunfeel.pl,https://sunfeel.pl
943,SunGrant,biuro@sungrant.pl,https://sungrant.pl
944,SunGreen,kontakt@sungreen.com.pl,https://sungreen.com.pl
945,SunKing,kontakt@sunking.pl,https://sunking.pl
946,SunKlim,biuro@sunklim.pl,https://sunklim.pl
947,SunlightPro,service@sunlightpro.com,https://sunlightpro.pl
948,SunLiner,biuro@sunliner.pl,https://www.sunliner.pl
949,Sunmedia,info@sunmedia.com,https://sunmedia.pl
950,Sunpark,service@sunpark.com,https://www.sunpark.pl
951,Sunrise,biuro@sunrisefotowoltaika.pl,https://sunrisefotowoltaika.pl
952,SunSky Energy,info@sunskyenergy.com,https://sunsky.pl
953,SunSol,biuro@sunsol.pl,https://sunsol.pl
954,SunSystem – Fotowoltaika,kontakt@sunsystem.pl,https://www.sunsystem.pl
955,SunTrack,info@suntrack.pl,https://suntrack.pl
956,Suntrans,service@suntrans.com,https://www.suntrans.pl
957,Suntrio,biuro@suntrio.pl,https://www.suntrio.pl
958,SunUp,biuro@sunup.pl,https://sunup.pl
959,Sunver,sunver@sunver.pl,https://www.sunver.pl
960,sunVest,contact@sunvest.com,https://sunvest.com.pl
961,Sunvival,contact@sunvival.com,https://sunvival.pl
962,Super Moc,biuro@supermoc.pl,https://supermoc.pl
963,Supraterm,contact@supraterm.com,https://www.supraterm.pl
964,SWE,info@swenergia.pl,https://www.swenergia.pl
965,Swiat Fotowoltaiki,biuro@fotowoltaika.biz.pl,https://www.fotowoltaika.biz.pl
966,Synergio,biuro@synergio.pl,https://www.synergio.pl
967,Synteza,biuro@syntezaoze.pl,https://syntezaoze.pl
968,System Eco,service@systemeco.com,https://system-eco.pl
969,System Plus,service@systemplus.com,https://www.systemplus.krakow.pl
970,Systemy Pasywne,biuro@systemy-pasywne.pl,https://systemy-pasywne.pl
971,T&T Proenergy,biuro@ttproenergy.pl,https://ttproenergy.pl
972,Talo Energy,pawel@taloenergy.pl,https://taloenergy.pl
973,Tani Prąd,kontakt@taniprad.org.pl,https://www.taniprad.org.pl
974,TanieGrzanie,biuro@taniegrzanie.eu,https://taniegrzanie.eu
975,Tare,info@tare.com,https://tare.pl
976,Targen,service@targen.com,https://www.targen.pl
977,Tarwat,service@tarwat.com,https://tarwat.pl
978,TEC,service@tec.com,https://tec.com.pl
979,Techion,service@techion.com,https://techion.com.pl
980,Technika-Solarna,biuro@technika-solarna.com,https://technika-solarna.com
981,Techspec,biuro@techspec.koszalin.pl,https://www.techspec.koszalin.pl
982,Telbest,telbest@wp.pl,https://telbest.pl
983,Telgam,contact@telgam.com,https://www.telgam.pl
984,Telzas,info@telzas.com,https://www.telzas.com
985,Teplo,biuro@teplo.pl,https://teplo.pl
986,Teraz Słońce,contact@terazsłońce.com,https://terazslonce.pl
987,TermoFol,biuro@termofol.pl,https://www.termofol.pl
988,Thermo House System,biuro@thsystem.pl,https://thsystem.pl
989,Thermo Vitae,info@thermovitae.com,https://thermo-vitae.eu
990,Timo-T,info@timot.com,http://timo-t.pl
991,TM Elektro,info@tmelektro.com,https://tmelektro.pl
992,Tom-El,tjankow@onet.pl,https://tom-el.pl
993,Tom-Ener,biuro@tom-ener.pl,https://tom-ener.pl
994,Tomex Instalacje,info@tomexinstalacje.com,https://tomex-grzanie.pl
995,Toplan,biuro@toplan.pl,https://www.toplan.pl
996,Tranz-Tel,biuro@tranztel.com.pl,https://tranztel.com.pl
997,Tre-Elektryk,treelektryk@gmail.com,https://www.treelektryk.pl
998,Trigeo,contact@trigeo.com,http://oszczednegrzanie.pl
999,Trip Energy,biuro@tripenergy.pl,https://tripenergy.pl
1000,TriSolar,Contact@trisolar.com,https://trisolar.pl
1001,Trojan Tecnika Grzewcza,trojanskia@tro-jan.pl,https://tro-jan.pl
1002,TS Energy,kontakt@tsenergy.com.pl,https://www.tsenergy.com.pl
1003,Twoja Energia,info@twojaenergia.com,https://www.twojaenergia.pl
1004,Twoja Energia,contact@twojaenergia.com,https://walusiakroczyny.pl
1005,Undersun,contact@undersun.com,https://undersun.pl
1006,Uni-Bau,solar@uni-bau.eu,http://uni-bau.eu
1007,Unima Energia,bok@unimaenergia.pl,https://www.unimaenergia.pl
1008,Unisystemy,service@unisystemy.com,https://www.unisystemy.pl
1009,Van Com,Info@vancom.com,https://vancom.bydgoszcz.pl
1010,Vegacom,sekretariat@vegacom.pl,http://www.vegacom.pl
1011,Venster,biuro@venster.pl,https://venster.pl
1012,Versol,service@versol.com,https://versolgroup.com
1013,Viomax Energia,Info@viomaxenergia.com,https://viomaxenergia.pl
1014,Virtech,info@virtech.com,https://virtech.pl
1015,Virtus Sun,biuro@virtussun.pl,https://virtussun.pl
1016,VitoVolt,biuro@vitovolt.pl,https://vitovolt.pl
1017,Voltaic System,biuro@voltaicsystem.pl,https://voltaicsystem.pl
1018,Voltaik Ekspert,biuro@voltaik-ekspert.pl,https://www.voltaik-ekspert.pl
1019,Voltaix,info@voltaix.com,http://voltaix.pl
1020,Voltano,biuro@voltano.pl,https://www.voltano.pl
1021,Voltes,info@voltes.com,https://www.voltes.pl
1022,Volton,biuro@voltonoze.pl,https://voltonoze.pl
1023,Voltspot,service@voltspot.com,https://www.voltspot.pl
1024,Voltsystem,kontakt@voltsystem.pl,http://voltsystem.pl/
1025,Voolt,biuro@voolt.pl,https://voolt.pl
1026,Vosti,kontakt@vosti.pl,https://vosti.pl
1027,Votum Energy,info@votumenergy.com,https://votumenergy.pl
1028,Wa.Sz.Dac,Info@waszdac.com,https://waszdach.pl
1029,Waben,info@waben.com,https://waben.pl
1030,Walton Consulting,info@waltonconsulting.com,http://waltonconsulting.pl
1031,Wasser Mann,biuro@wassermann.pl,https://wassermann.pl
1032,Wasta,info@wasta.com,https://wasta.com.pl
1033,Waty,biuro@waty.com.pl,https://waty.com.pl
1034,Wenterm,info@wenterm.com,https://wenterm.pl
1035,Westwind Solar,service@westwindsolar.com,https://www.w-solar.pl
1036,Wholesale Electrotechnical Electric,sklep@electric.pl,http://electric.pl/
1037,Wiatro-Solar,biuro@wiatrosolar.pl,https://wiatrosolar.pl
1038,Wichary Technic,biuro@wicharytechnic.pl,https://wicharytechnic.pl
1039,Wiscop,biuro@wiscop.pl,https://wiscop.pl
1040,Wise Solution,info@wisesolution.com,https://wisesolution.pl
1041,Wloch,biuro@zimnocieplo.pl,https://zimnocieplo.pl
1042,Własna Energia,service@własnaenergia.com,https://wlasnaenergia.eu
1043,Wodan,biuro.wodan@gmail.com,https://www.wodantech.pl
1044,Wojtanowicz,service@wojtanowicz.com,https://wojtanowicz.net
1045,Wojtmar,kontakt@wojtmar.com.pl,https://wojtmar.com.pl
1046,WOLAS Dobra Energia,info@wolasdobraenergia.com,https://www.wolas.pl
1047,Woltanic,biuro@woltanic.pl,https://woltanic.pl
1048,Womar,biuro@womar.info,https://womar.info
1049,Womar,sprzedaz@womar.com,http://www.womar.com
1050,WP Energy,contact@wpenergy.com,https://wpenergy.pl
1051,WPM Tech,contact@wpmtech.com,https://www.wpmtech.pl
1052,X-Solar,info@xsolar.com,https://www.x-solar.pl
1053,Yugo Solar,info@yugosolar.com,https://yugo.solar
1054,Z-Energy,biuro@z-energy.pl,https://www.premium-zenergy.pl
1055,Zaxon SEM,biuro@zaxonsem.pl,https://zaxonsem.pl
1056,Zene,info@zene.pl,https://zene.pl
1057,Zeneris Projekty,biuro@zenerisprojekty.pl,https://zenerisprojekty.pl
1058,Zenit,biuro@zenitfotowoltaika.pl,https://zenitfotowoltaika.pl
1059,ZenitSolar,biuro@zenitsolar.pl,https://zenitsolar.pl
1060,Zerowat,kontakt@zerowat.pl,https://zerowat.pl
1061,Zers,biuro@zers.pl,https://www.zers.pl
1062,Zielona Energia,info@zielonaenergia.com,https://zielonaenergia.pro
1063,Zielona Energia,biuro@zielonae.pl,https://zielonae.pl
1064,Zielona Firma,kontakt@zielona-firma.biz,https://www.zielona-firma.biz
1065,Zielona Planeta,r_energy@mail.co,https://www.zielona-planeta.pl
1066,Zielona-Energia.com,service@zielonaenergiacom.com,https://zielona-energia.com
1067,Zielony Prąd,contact@zielonyprąd.com,https://zielonyprad.eu
1068,zielonyVOLT,biuro@zielonyvolt.pl,http://www.zielonyvolt.pl
1069,Zimmermann-Haus,service@zimmermannhaus.com,https://www.zimmermann-haus.pl
1070,ZISO,info@ziso.com,https://ziso.net.pl
1071,Ziterm,wojciech@ziterm.pl,https://ziterm.pl
1072,ZRE Trafo,biuro@trafoinstal.pl,https://trafoinstal.pl
1073,ZremBud,piotr.erbel@zrembud.com,https://zrembud.com
1074,Zuea Białowski,zueautomatyka@gmail.com,https://foto-solar.pl
